{"type": "FeatureCollection", "name": "siret3_blocks", "crs": {"type": "name", "properties": {"name": "urn:ogc:def:crs:EPSG::32635"}}, "features": [{"type": "Feature", "properties": {"vineyard_id": "V02", "row_count": 66, "total_row_length_m": 6174.18, "disrupted_rows": 57, "gap_count": 169, "canopy_count": 3385, "canopy_area_m2": 1497.57, "interrow_count": 70, "interrow_area_m2": 11370.89, "block_area_m2": 15639.09}, "geometry": {"type": "Polygon", "coordinates": [[[629164.9016889263, 5220707.258985807], [629166.34914931, 5220703.735681149], [629164.4991814301, 5220702.975668752], [629161.1339885413, 5220711.166980867], [629158.5018058362, 5220710.08784417], [629123.8593362706, 5220794.69666291], [629126.3914646341, 5220795.734750511], [629120.2900824592, 5220810.58629911], [629122.1400503392, 5220811.346311508], [629122.2960808191, 5220810.96651326], [629127.0838332531, 5220813.026063828], [629127.2315140903, 5220812.665996269], [629130.2169611368, 5220813.891654614], [629129.6291560989, 5220815.351173085], [629131.4843521006, 5220816.098332903], [629131.9142488791, 5220815.030900255], [629134.6426839349, 5220816.150289935], [629133.3563116094, 5220819.2828059625], [629135.206392082, 5220820.042544236], [629135.6041638422, 5220819.073908337], [629140.2780218134, 5220820.748014298], [629141.4650740903, 5220817.8649046505], [629144.366011973, 5220819.055066727], [629142.7615486832, 5220822.939437519], [629144.6100632633, 5220823.702977856], [629146.7897054701, 5220818.426111394], [629149.582827475, 5220819.572040062], [629148.6923824031, 5220821.726180923], [629150.540695913, 5220822.490207867], [629153.3192005731, 5220815.768523835], [629156.3613398956, 5220817.016616348], [629154.6719875082, 5220821.129053054], [629156.521977202, 5220821.889012352], [629157.9442350768, 5220818.42677112], [629160.9004485548, 5220819.639611006], [629159.606397775, 5220822.802950411], [629161.9519076794, 5220823.764136189], [629160.5390526286, 5220827.234122266], [629162.8573466641, 5220828.1823697705], [629162.5365226624, 5220828.971754082], [629166.2733109925, 5220830.821388878], [629167.5703409603, 5220827.777840653], [629170.2595719537, 5220828.879973396], [629172.1805609837, 5220824.183189797], [629174.2098738584, 5220825.02036013], [629174.4175148687, 5220824.520330825], [629177.446211319, 5220825.762908157], [629174.620640361, 5220832.65322649], [629178.7977233309, 5220834.379030786], [629178.980369729, 5220833.933981551], [629181.2474382537, 5220834.865721254], [629182.0770076637, 5220832.852375573], [629184.4159059447, 5220833.812926171], [629185.6051888664, 5220830.921564119], [629188.4453354784, 5220832.08678548], [629186.0512274497, 5220837.61768626], [629187.8866552247, 5220838.412170296], [629188.0921448012, 5220837.937445494], [629190.8334487675, 5220839.057703689], [629192.1525570576, 5220835.8047261415], [629194.9935699432, 5220836.970302907], [629193.9685277238, 5220839.490759254], [629196.2490222951, 5220840.423058056], [629195.9449927118, 5220841.166685215], [629197.7962449521, 5220841.923563768], [629198.8538031123, 5220839.336878086], [629201.8084693187, 5220840.549083176], [629201.0981063966, 5220842.303390791], [629203.3786009254, 5220843.23405232], [629202.7687157633, 5220844.726341616], [629205.2055194932, 5220845.724624438], [629204.8821543675, 5220846.520018631], [629206.7348955815, 5220847.273245021], [629208.0466671756, 5220844.046627725], [629211.0002234227, 5220845.258377434], [629207.6552697796, 5220853.852961888], [629209.5190874765, 5220854.578347021], [629213.3527961895, 5220844.72794644], [629215.5619544447, 5220845.628767246], [629221.7268397367, 5220830.380746516], [629224.5079001971, 5220831.521726718], [629218.9253947902, 5220844.998708789], [629221.4061684574, 5220846.020146838], [629220.8479810074, 5220847.382679173], [629223.2292629578, 5220848.359088842], [629221.6527000081, 5220852.233844109], [629223.5052255043, 5220852.987600891], [629225.1977582104, 5220848.827824068], [629227.5751073844, 5220849.801088683], [629227.9268216564, 5220848.93907632], [629230.1544240682, 5220849.853557735], [629230.4229885234, 5220849.199927646], [629233.5019609944, 5220850.463131622], [629230.651064297, 5220857.51536472], [629232.5052849806, 5220858.264941705], [629232.8589871129, 5220857.389992471], [629235.087432313, 5220858.303046809], [629235.5417611271, 5220857.192125053], [629238.2780430993, 5220858.314734072], [629237.3360839917, 5220860.614763099], [629239.1868850137, 5220861.372744351], [629240.1494889252, 5220859.022305867], [629243.1101135077, 5220860.236955488], [629242.5207906362, 5220861.685000137], [629246.7352831532, 5220863.512135059], [629248.7236830625, 5220858.359729449], [629246.4103963313, 5220857.433380045], [629248.405698184, 5220852.5306581035], [629246.0581198572, 5220851.5705687385], [629248.955518188, 5220844.904522736], [629246.3741950812, 5220843.823127133], [629260.1386801158, 5220810.213690321], [629262.642301704, 5220811.240846222], [629262.0870601604, 5220812.554468786], [629263.9292571718, 5220813.333128], [629264.3733913706, 5220812.282369619], [629266.7283772769, 5220813.25437622], [629268.2759601221, 5220809.539448793], [629270.5951434238, 5220810.5027593495], [629271.5341077719, 5220808.283544818], [629274.4485380393, 5220809.479242388], [629273.9653559634, 5220810.660766712], [629275.8165425353, 5220811.417805863], [629277.5492217868, 5220807.180888181], [629279.8135389396, 5220808.149127571], [629294.8403452487, 5220775.004971656], [629291.3150283428, 5220773.519384379], [629296.0428718964, 5220761.958396426], [629294.1916853245, 5220761.201357276], [629289.7890328933, 5220771.96715592], [629287.3271613357, 5220770.957128722], [629289.9844430864, 5220764.676721712], [629288.1425282101, 5220763.8973953435], [629284.4877550303, 5220772.535343913], [629281.9592834031, 5220771.492161667], [629278.1993918662, 5220780.517671503], [629275.4363730646, 5220779.384093218], [629282.0186639393, 5220763.1539456025], [629280.1652848709, 5220762.402290078], [629279.766201027, 5220763.386322814], [629277.5305960855, 5220762.469797195], [629275.3125513892, 5220767.885708715], [629272.5316164399, 5220766.744780006], [629274.4207095464, 5220762.125582267], [629271.8036148689, 5220761.053077472], [629272.8368195212, 5220758.49725002], [629270.9825988375, 5220757.747673034], [629268.8809017385, 5220762.946618984], [629264.4420888133, 5220761.142055263], [629263.8932428787, 5220762.477832243], [629258.690222265, 5220760.285763181], [629261.3484478414, 5220753.797049936], [629259.4977291797, 5220753.038867613], [629258.1569453035, 5220756.311713293], [629255.3284665983, 5220755.151278902], [629258.4465365019, 5220747.5713971285], [629256.109144856, 5220746.611429009], [629263.8576229581, 5220728.479686832], [629262.019127672, 5220727.692327268], [629254.5602129702, 5220745.129570654], [629251.5193583664, 5220743.88200522], [629251.6868103353, 5220743.470884796], [629249.3277879892, 5220742.505796207], [629249.8817112388, 5220741.143288934], [629247.1887731176, 5220740.0419095615], [629247.6992020553, 5220738.736090443], [629245.5436258145, 5220737.869776547], [629246.1356561413, 5220736.407702333], [629243.8973685768, 5220735.494356971], [629246.5862522054, 5220728.875443421], [629244.7333141702, 5220728.122701341], [629238.4745948523, 5220743.529066146], [629236.2383785545, 5220742.612933617], [629234.1157227681, 5220747.80474579], [629231.2057810168, 5220746.610889714], [629236.1738530567, 5220734.388679385], [629234.3210678988, 5220733.635561096], [629230.4320429737, 5220743.20315195], [629227.7068363957, 5220742.0850868095], [629231.2160648176, 5220733.645632216], [629228.7243879448, 5220732.6182575775], [629230.0016413099, 5220729.468354729], [629228.1482172176, 5220728.716810229], [629226.9155064139, 5220731.756864284], [629224.1922717843, 5220730.639608172], [629231.9494924018, 5220711.813013986], [629230.1003123961, 5220711.051086623], [629223.3273507837, 5220727.488907075], [629220.4003393587, 5220726.2880478585], [629220.5420685827, 5220725.942432942], [629216.7615313589, 5220724.391574795], [629217.7219057969, 5220722.011514403], [629214.50594877, 5220720.698378561], [629218.6565798569, 5220710.550160269], [629216.8054276019, 5220709.793037209], [629212.309311856, 5220720.785959273], [629206.8768343386, 5220718.731646845], [629206.9675562192, 5220718.508833003], [629204.7950767528, 5220717.6204085555], [629205.1656323815, 5220716.7145760795], [629200.9207658235, 5220715.106153774], [629200.4566062178, 5220716.237487439], [629195.7045563866, 5220714.632873528], [629195.3192548873, 5220715.5669864565], [629192.514185928, 5220714.416156336], [629193.9621871188, 5220710.913706805], [629192.113913361, 5220710.149583702], [629191.8057140076, 5220710.895061459], [629188.8594173043, 5220709.6862901095], [629189.8220087434, 5220707.3525717575], [629187.9731127236, 5220706.589955533], [629187.5242188509, 5220707.678259279], [629184.5890654908, 5220706.474059686], [629184.8022018851, 5220705.95611937], [629182.9526783373, 5220705.19502631], [629182.4062014231, 5220706.523013615], [629179.4750681618, 5220705.320463341], [629180.0881333643, 5220703.82433846], [629177.7087104304, 5220702.848599308], [629196.7547056025, 5220659.752793322], [629194.9253898684, 5220658.944335566], [629173.9175547534, 5220706.479241362], [629171.2352105037, 5220705.378525298], [629172.6495889295, 5220701.930063086], [629170.7991809843, 5220701.171122748], [629167.8124616815, 5220708.4531828165], [629164.9016889263, 5220707.258985807]], [[629200.5165916468, 5220763.123793494], [629197.6370930036, 5220761.942427252], [629198.2482656765, 5220760.448121069], [629201.1345551405, 5220761.630068763], [629200.5165916468, 5220763.123793494]], [[629160.8426192333, 5220725.369357717], [629160.8703194018, 5220725.379144702], [629160.8697655818, 5220725.380494997], [629160.8426192333, 5220725.369357717]], [[629148.6450426233, 5220761.556219152], [629148.9225921717, 5220761.670088859], [629148.9221805899, 5220761.671081914], [629148.6450426233, 5220761.556219152]], [[629132.0800001629, 5220806.807966266], [629132.3573233341, 5220806.92238405], [629132.0797740015, 5220806.808514431], [629132.0800001629, 5220806.807966266]], [[629152.5334308979, 5220761.716740183], [629152.8109804124, 5220761.830609876], [629152.8104853345, 5220761.831801962], [629152.5334308979, 5220761.716740183]], [[629161.868166449, 5220721.567324721], [629161.8731313191, 5220721.553272616], [629162.1506807741, 5220721.667142285], [629161.868166449, 5220721.567324721]]]}}, {"type": "Feature", "properties": {"vineyard_id": "V03", "row_count": 38, "total_row_length_m": 1973.36, "disrupted_rows": 25, "gap_count": 48, "canopy_count": 1537, "canopy_area_m2": 888.17, "interrow_count": 32, "interrow_area_m2": 3991.96, "block_area_m2": 5618.46}, "geometry": {"type": "MultiPolygon", "coordinates": [[[[629093.4467064022, 5220673.655654159], [629069.944055179, 5220709.688245292], [629071.6137442546, 5220710.789216858], [629072.6899812482, 5220709.157039239], [629075.1625780723, 5220710.762779937], [629075.9266602648, 5220709.620354545], [629078.3514867167, 5220711.196662628], [629080.1921922716, 5220708.450128284], [629082.8152172781, 5220710.154025076], [629083.8603967691, 5220708.59684131], [629086.5218457135, 5220710.314855515], [629088.3403710902, 5220707.553204931], [629091.797623236, 5220709.7644121405], [629086.1409342424, 5220718.328390973], [629074.1928890551, 5220734.185875843], [629062.753233283, 5220750.401582626], [629064.3874882843, 5220751.554496582], [629075.8181064501, 5220735.351600602], [629087.7569069606, 5220719.507201345], [629094.5319788139, 5220709.253526489], [629098.3444912432, 5220711.716675388], [629093.6608916506, 5220719.029246624], [629095.8646390897, 5220720.439489394], [629093.480370579, 5220724.120336291], [629095.8618173267, 5220725.650327089], [629079.1078102122, 5220751.497185888], [629068.7942615297, 5220768.041002379], [629070.4914798035, 5220769.099043083], [629071.1441570559, 5220768.052074138], [629074.1652984046, 5220769.984351348], [629073.2258148688, 5220771.421546986], [629074.8998721571, 5220772.5158651285], [629078.8453913988, 5220766.480120136], [629082.2228191922, 5220768.640272874], [629079.1020573021, 5220773.43991027], [629080.7787852725, 5220774.530131951], [629082.2890972462, 5220772.207317816], [629084.6770372842, 5220773.741271756], [629085.2508998322, 5220772.855028945], [629087.7876672292, 5220774.487421801], [629093.0732298965, 5220766.373477541], [629096.5378022089, 5220768.5893666195], [629088.7260071356, 5220780.632581296], [629090.4039309723, 5220781.7209615605], [629091.498725404, 5220780.033149189], [629095.3367845459, 5220782.693332972], [629097.1827061364, 5220783.463120919], [629098.8014522372, 5220779.581430653], [629099.9391394237, 5220780.539845322], [629101.8013476182, 5220781.269352444], [629107.5028638938, 5220766.715128064], [629104.7934035372, 5220765.212964209], [629106.1851200245, 5220761.875682137], [629104.0351962581, 5220760.70604084], [629104.343241527, 5220760.23113651], [629106.7533458166, 5220761.782521346], [629108.0322573774, 5220759.819259405], [629110.6679074571, 5220761.499118859], [629111.306563821, 5220760.489620214], [629113.7069819598, 5220762.03286771], [629116.4649614464, 5220757.783897833], [629119.8000899018, 5220759.9169965405], [629118.5308790494, 5220761.878306577], [629120.2099694259, 5220762.964886306], [629121.7257123314, 5220760.622610578], [629124.2273263835, 5220762.228987619], [629125.6968081043, 5220759.958419738], [629128.269035899, 5220761.597510291], [629130.9280782634, 5220757.392861459], [629133.7601183986, 5220759.1980750635], [629130.6808363581, 5220765.435682313], [629132.4742127885, 5220766.321007664], [629136.247259652, 5220758.678062277], [629135.3065294648, 5220758.213657666], [629140.169587569, 5220748.311577605], [629137.6186486938, 5220746.81330112], [629147.0321575598, 5220731.92805537], [629145.7842072143, 5220731.135953038], [629147.0600503511, 5220731.603065056], [629148.1841363496, 5220728.53280064], [629146.3060522542, 5220727.845196008], [629145.2308227619, 5220730.782016547], [629144.770100473, 5220730.487345403], [629145.4014946993, 5220729.511747388], [629142.8984264999, 5220727.904440297], [629149.0646311418, 5220718.375811522], [629146.5897542754, 5220716.7865877645], [629150.7552769505, 5220710.333521732], [629148.2909846682, 5220708.752418584], [629150.5406854466, 5220705.286507802], [629148.8631038069, 5220704.197600165], [629147.2327319718, 5220706.709366786], [629143.9831163273, 5220704.630960804], [629146.2776781117, 5220700.955268116], [629146.5069146968, 5220701.078067396], [629148.6168544458, 5220697.139319701], [629149.5205759, 5220697.915845559], [629151.3619252216, 5220698.69650725], [629153.3390124574, 5220694.0331450235], [629152.1460252977, 5220693.527364093], [629150.9820042342, 5220692.724156529], [629151.1481013381, 5220692.41409337], [629149.3851220853, 5220691.469686596], [629146.9940164074, 5220695.933303142], [629143.901914842, 5220693.95564083], [629146.43330703, 5220690.086934543], [629143.8513622844, 5220688.4232266825], [629146.6070486925, 5220684.192932327], [629144.9312474859, 5220683.101286636], [629140.2564843855, 5220690.277583582], [629129.31763894, 5220683.368007472], [629142.3445176702, 5220663.431381886], [629140.6702474394, 5220662.337389567], [629124.0459745643, 5220687.77954734], [629120.763103453, 5220685.679871655], [629136.5351575434, 5220661.330887425], [629134.8565465861, 5220660.243567209], [629121.9054130184, 5220680.237598753], [629118.6360818058, 5220678.119354034], [629112.0926705647, 5220687.850822477], [629107.1196802481, 5220684.670171609], [629114.3233647794, 5220673.61028038], [629112.6474999171, 5220672.518732414], [629109.7982838015, 5220676.89316333], [629106.3616805407, 5220674.695162842], [629107.7799268762, 5220672.546828397], [629105.320169853, 5220670.956432876], [629106.2144964954, 5220669.62199955], [629104.5531041189, 5220668.508547544], [629103.2718233848, 5220670.420358768], [629100.5781376471, 5220668.68292737], [629099.0262726042, 5220671.0448214635], [629095.7349539156, 5220668.939742833], [629096.0303401378, 5220668.511156451], [629094.383572379, 5220667.37618687], [629091.1127068952, 5220672.122002013], [629093.4467064022, 5220673.655654159]], [[629143.8184841492, 5220699.373316144], [629144.6674321035, 5220699.916290667], [629143.8184841491, 5220699.373316144], [629143.8184841492, 5220699.373316144]]], [[[629064.7270605678, 5220763.363589853], [629066.3985423688, 5220764.461837817], [629084.3214359377, 5220737.184035876], [629082.6499541367, 5220736.085787912], [629064.7270605678, 5220763.363589853]]], [[[629123.666501046, 5220768.070322313], [629121.8527815518, 5220767.227457202], [629110.7618774555, 5220791.0934218755], [629112.5755969498, 5220791.936286987], [629123.666501046, 5220768.070322313]]], [[[629129.4943057856, 5220661.708509322], [629127.8344014868, 5220660.592840143], [629123.7931942145, 5220666.605390678], [629125.4530985133, 5220667.721059858], [629129.4943057856, 5220661.708509322]]]]}}, {"type": "Feature", "properties": {"vineyard_id": "V04", "row_count": 4, "total_row_length_m": 96.09, "disrupted_rows": 3, "gap_count": 4, "canopy_count": 82, "canopy_area_m2": 61.38, "interrow_count": 3, "interrow_area_m2": 121.72, "block_area_m2": 256.76}, "geometry": {"type": "Polygon", "coordinates": [[[629391.1457146466, 5220635.190573943], [629386.9072129297, 5220636.294744743], [629384.3936204296, 5220626.361748569], [629382.4547370675, 5220626.852392338], [629390.5985481032, 5220659.034396325], [629392.5374314653, 5220658.543752556], [629389.0510927464, 5220644.766742498], [629393.6664813452, 5220643.564389011], [629396.0740262367, 5220651.562088956], [629399.2451655472, 5220650.697176342], [629400.2106727577, 5220654.509720272], [629402.149468453, 5220654.0187302], [629395.457224896, 5220627.592751941], [629391.2731952458, 5220628.6756897345], [629390.2424382637, 5220625.251585334], [629388.3273292752, 5220625.82808994], [629391.1457146466, 5220635.190573943]]]}}, {"type": "Feature", "properties": {"vineyard_id": "V05", "row_count": 25, "total_row_length_m": 907.45, "disrupted_rows": 19, "gap_count": 30, "canopy_count": 429, "canopy_area_m2": 271.82, "interrow_count": 23, "interrow_area_m2": 1162.45, "block_area_m2": 2057.14}, "geometry": {"type": "MultiPolygon", "coordinates": [[[[629199.235238746, 5220552.753530895], [629159.6239351477, 5220573.770855585], [629160.5613348112, 5220575.537570579], [629172.1385880335, 5220569.394806572], [629173.3841586043, 5220571.70895534], [629178.625561973, 5220568.847520818], [629179.791835067, 5220571.033420173], [629174.4874044291, 5220573.884861671], [629176.7407193816, 5220577.637641589], [629182.7984661378, 5220574.331191551], [629183.8813980195, 5220576.360887782], [629158.9093954758, 5220589.187074074], [629160.1388358754, 5220591.510674815], [629159.6617529594, 5220591.760392133], [629160.5892328132, 5220593.5323348865], [629178.4230235151, 5220584.197675759], [629179.6134491988, 5220586.428843355], [629178.7787026966, 5220586.876946152], [629179.7246495816, 5220588.639099519], [629180.7875782851, 5220588.068505543], [629182.0018089566, 5220590.344289882], [629181.427837775, 5220590.649744993], [629183.0792120782, 5220594.511038348], [629184.3499155563, 5220596.456785304], [629185.2790603772, 5220595.954122538], [629187.3498084492, 5220600.37796244], [629183.6944305082, 5220602.296378332], [629184.6238485735, 5220604.067305225], [629192.4646244968, 5220599.95230826], [629194.6322140287, 5220604.431503806], [629163.7189459972, 5220620.685577068], [629164.6497182689, 5220622.455792584], [629191.6844648721, 5220608.24103045], [629192.8029304735, 5220610.375680517], [629207.1624994079, 5220603.044156618], [629204.8221566677, 5220598.525907643], [629209.9584723964, 5220595.78729784], [629208.8577099906, 5220593.72359019], [629215.4664711454, 5220590.249825599], [629214.4843363615, 5220588.395920425], [629216.2758326741, 5220587.455707114], [629215.3464146088, 5220585.684780221], [629214.9602821425, 5220585.887430309], [629213.0369412347, 5220582.282588808], [629216.6204525878, 5220580.135026888], [629215.5923570321, 5220578.419503781], [629192.75208806, 5220592.1074447585], [629191.6453921489, 5220590.033208551], [629213.167492467, 5220578.782884451], [629212.0285630157, 5220576.630278215], [629214.2696825993, 5220575.437602602], [629213.2807817563, 5220573.581885986], [629214.6111117165, 5220572.883230616], [629213.6812017093, 5220571.112561992], [629213.2244813096, 5220571.352419899], [629211.9334060336, 5220568.932608769], [629228.21402941, 5220560.259652639], [629227.2737007843, 5220558.494494835], [629209.3129974514, 5220568.06245722], [629208.1345621833, 5220565.853762784], [629214.4758040615, 5220562.498698122], [629213.2636893177, 5220560.219495055], [629217.4749391654, 5220557.880057291], [629216.5871949139, 5220556.252201401], [629218.4988042571, 5220555.24554687], [629217.5669168049, 5220553.475918159], [629215.2915458801, 5220554.6741297385], [629214.1360103053, 5220552.508355289], [629215.682316588, 5220551.710501703], [629213.4802093273, 5220547.540725331], [629200.2926130737, 5220554.740217628], [629199.235238746, 5220552.753530895]]], [[[629156.2669786132, 5220634.885638352], [629157.1933629193, 5220636.65815411], [629196.4463213868, 5220616.14306165], [629195.2011222804, 5220613.791119186], [629196.2360401594, 5220613.280784534], [629197.6075948249, 5220615.851434989], [629195.6263511206, 5220616.943236771], [629196.5916257796, 5220618.694877383], [629203.2060660532, 5220615.049865081], [629202.0072950762, 5220612.8318239115], [629211.7244844317, 5220606.546072306], [629210.6382062066, 5220604.866786858], [629205.0202286271, 5220608.500884158], [629204.296342746, 5220607.076174867], [629166.3525568021, 5220625.786866011], [629167.9211280666, 5220628.794735579], [629156.2669786132, 5220634.885638352]]]]}}, {"type": "Feature", "properties": {"vineyard_id": "V06", "row_count": 21, "total_row_length_m": 885.35, "disrupted_rows": 20, "gap_count": 35, "canopy_count": 351, "canopy_area_m2": 223.8, "interrow_count": 16, "interrow_area_m2": 959.06, "block_area_m2": 1948.57}, "geometry": {"type": "MultiPolygon", "coordinates": [[[[629201.9256410007, 5220485.60519187], [629203.0337951372, 5220487.69405373], [629197.2401995739, 5220490.83468962], [629198.1933379452, 5220492.592963559], [629222.4947954089, 5220479.419446585], [629223.7616335916, 5220481.7507055085], [629232.6438926868, 5220476.731617375], [629231.659974172, 5220474.990380931], [629230.9144744035, 5220475.411639645], [629229.7399985071, 5220473.216953996], [629208.8724887804, 5220484.528970733], [629207.6780494552, 5220482.277461968], [629240.6751128538, 5220463.188881001], [629239.6736290811, 5220461.457687697], [629196.3275876889, 5220486.533083368], [629197.3290714616, 5220488.264276672], [629201.9256410007, 5220485.60519187]]], [[[629177.6294801636, 5220512.227142549], [629174.6944729609, 5220513.781694214], [629175.6305890691, 5220515.549089651], [629187.267014155, 5220509.38575759], [629186.3703482338, 5220507.692844452], [629243.0074047337, 5220480.388711604], [629242.138884292, 5220478.58713667], [629227.4531509354, 5220485.666975195], [629226.3465205152, 5220483.420865832], [629223.6672382674, 5220484.593797911], [629222.5675932254, 5220482.519373543], [629209.9976998187, 5220489.175690937], [629210.6005457378, 5220490.314114557], [629199.9188021851, 5220494.990351891], [629201.5201517632, 5220498.169002989], [629176.5908653262, 5220510.187151367], [629177.6294801636, 5220512.227142549]]], [[[629196.2473355986, 5220512.676435381], [629158.1877431612, 5220533.378006402], [629159.2134589305, 5220535.287435352], [629155.8123545359, 5220537.134054666], [629156.9769787277, 5220539.30875312], [629154.5095188625, 5220540.644459343], [629155.5935051725, 5220542.669825045], [629154.3926337451, 5220543.321016415], [629156.6878408833, 5220546.979558483], [629164.82335897, 5220542.542800426], [629165.9069856667, 5220544.585428255], [629164.0771704764, 5220545.567047894], [629165.0226320726, 5220547.329461684], [629194.408757007, 5220531.56502956], [629193.3656901575, 5220529.608743678], [629221.8551848839, 5220514.100270546], [629220.7511943078, 5220512.042189226], [629229.3317544019, 5220507.362724596], [629227.1993228527, 5220503.5696357], [629228.9921586992, 5220502.599122651], [629227.7812623387, 5220500.334532497], [629231.131589187, 5220498.515482698], [629230.1821834628, 5220496.746469368], [629236.1003732193, 5220493.616170747], [629235.1652653258, 5220491.848241668], [629220.2043544011, 5220499.761492302], [629218.5765327014, 5220496.310316147], [629202.7841858426, 5220503.235868228], [629203.8007169238, 5220505.310784283], [629194.8081756518, 5220509.9366522655], [629196.2473355986, 5220512.676435381]]], [[[629186.7502744801, 5220539.235875477], [629159.3419238827, 5220553.756627365], [629160.2782255199, 5220555.523924523], [629187.6865761173, 5220541.003172635], [629186.7502744801, 5220539.235875477]]], [[[629211.4291000126, 5220469.755640463], [629212.7518746012, 5220472.249060194], [629207.4406092091, 5220475.224824352], [629208.4181799333, 5220476.969632503], [629226.6286261613, 5220466.766792088], [629225.651055437, 5220465.021983937], [629220.11402727, 5220468.124237119], [629219.026044691, 5220466.073398486], [629235.8215987779, 5220457.9325870285], [629234.9492675859, 5220456.132854189], [629208.6366217858, 5220468.886603622], [629209.5089529778, 5220470.686336461], [629211.4291000126, 5220469.755640463]]]]}}, {"type": "Feature", "properties": {"vineyard_id": "V08", "row_count": 56, "total_row_length_m": 4918.66, "disrupted_rows": 40, "gap_count": 66, "canopy_count": 3237, "canopy_area_m2": 1583.52, "interrow_count": 56, "interrow_area_m2": 10196.14, "block_area_m2": 13550.65}, "geometry": {"type": "MultiPolygon", "coordinates": [[[[629503.3508553789, 5220238.65295504], [629504.9446120907, 5220239.86123462], [629512.5129950967, 5220229.878312279], [629515.4186831572, 5220232.087669572], [629514.805647652, 5220232.89697628], [629517.2941336657, 5220234.786820809], [629513.4375562641, 5220239.900506683], [629515.537563594, 5220241.492319199], [629514.2247593525, 5220243.228501045], [629516.6352262284, 5220245.057954648], [629515.4547089691, 5220246.623944819], [629517.5283507763, 5220248.195453333], [629515.5308025662, 5220250.836870803], [629517.1260111387, 5220252.043232942], [629518.9651663138, 5220249.611263298], [629521.8559852176, 5220251.80931474], [629521.2193813523, 5220252.655206707], [629522.8173979312, 5220253.857846725], [629523.4476257651, 5220253.020426955], [629525.6066152422, 5220254.658334796], [629530.1990554722, 5220248.581486891], [629532.853913401, 5220250.600123994], [629529.3413425431, 5220255.248496889], [629530.9370001004, 5220256.4542650925], [629536.7809980405, 5220248.720590037], [629539.6478641337, 5220250.900428817], [629535.8719225333, 5220255.927132979], [629538.6429466552, 5220258.026758235], [629538.4117444544, 5220258.328246619], [629539.9988018447, 5220259.545312286], [629541.1188221021, 5220258.0848024115], [629543.9497053726, 5220260.258774548], [629544.7852823267, 5220259.198015996], [629549.7043452482, 5220262.608416868], [629550.7976893514, 5220261.154986884], [629553.1512840533, 5220262.9179869685], [629553.7965602005, 5220262.03100829], [629558.1411475833, 5220265.173111487], [629561.0973992802, 5220261.244734635], [629563.9058796493, 5220263.380179478], [629562.5556989923, 5220265.1626780685], [629564.1499681209, 5220266.370281458], [629571.9085158032, 5220256.12750377], [629574.6170974846, 5220258.18699005], [629568.1726275911, 5220266.689347179], [629569.7665149528, 5220267.897454408], [629570.3810529356, 5220267.086678427], [629572.6358263134, 5220268.800820714], [629577.7275959959, 5220262.101071548], [629580.5199032609, 5220264.224219076], [629576.5722378654, 5220269.406832475], [629578.1632481633, 5220270.618726131], [629578.6322836902, 5220270.002962239], [629580.5837261869, 5220271.490083685], [629581.3575394079, 5220270.477965552], [629583.7090396318, 5220272.269531422], [629584.0697659808, 5220271.797916017], [629586.2411563199, 5220273.454473088], [629586.5880657197, 5220273.002369697], [629588.9557352415, 5220274.8040870745], [629590.3365811934, 5220272.992366306], [629592.4151215698, 5220274.577575048], [629593.6468975681, 5220272.970301181], [629596.5818066914, 5220275.201876883], [629596.3568110522, 5220275.494403972], [629597.9421250224, 5220276.7137397], [629598.5678092224, 5220275.900259146], [629600.7598717973, 5220277.563954107], [629600.9830004204, 5220277.269016349], [629603.7305792971, 5220279.358154379], [629603.3288071913, 5220279.881874974], [629604.9156497213, 5220281.099220769], [629606.7073699321, 5220278.763665955], [629608.7758820233, 5220280.343837382], [629609.0293548509, 5220280.014502583], [629611.2141167868, 5220281.684202056], [629612.512909537, 5220279.999848879], [629614.6526835872, 5220281.634227055], [629615.2546589734, 5220280.852114961], [629618.1489123648, 5220283.052777835], [629617.9597781156, 5220283.298666147], [629619.5450591377, 5220284.518044709], [629620.8317945864, 5220282.845194826], [629625.9279161956, 5220286.462626015], [629617.2452501144, 5220297.721357468], [629618.8289942791, 5220298.942731456], [629628.7324285642, 5220286.101041353], [629630.9586281964, 5220287.801524817], [629632.0649477941, 5220286.365072635], [629634.3660506312, 5220288.121510564], [629634.6373347493, 5220287.768693769], [629636.4394328204, 5220289.152174541], [629637.7365956726, 5220287.48300344], [629642.6359583837, 5220290.781416011], [629653.7864234782, 5220276.08840263], [629676.6354144736, 5220247.134633945], [629674.0991693605, 5220245.177288214], [629698.2041952198, 5220214.029124252], [629696.6225098551, 5220212.805085278], [629693.3991970278, 5220216.970203252], [629691.2698128083, 5220215.337868499], [629690.7532439319, 5220216.0025821375], [629687.9171927394, 5220213.846173653], [629689.4023065118, 5220211.91789278], [629683.5792636769, 5220207.166683603], [629682.9623929573, 5220207.966628246], [629680.7561503798, 5220206.2814256875], [629679.9704989332, 5220207.30169918], [629677.7309214106, 5220205.5918226885], [629676.2411128151, 5220207.528682467], [629671.6826792335, 5220204.259381112], [629671.4430994529, 5220204.57065338], [629669.3714584851, 5220202.986966111], [629668.9287680439, 5220203.561073913], [629666.673500279, 5220201.838901692], [629665.9249711771, 5220202.811458331], [629663.0072536673, 5220200.592954373], [629664.2404815968, 5220198.988320636], [629662.6547056868, 5220197.769585732], [629660.0259154271, 5220201.190077142], [629658.1547863892, 5220199.756939475], [629654.104908328, 5220204.992578233], [629651.1217464019, 5220202.724313222], [629653.619869099, 5220199.4524102835], [629652.0302347296, 5220198.238712392], [629651.4080420554, 5220199.053625943], [629649.1149561272, 5220197.305286206], [629648.4330853436, 5220198.195020292], [629645.6267827181, 5220196.061231309], [629645.9737890128, 5220195.609001641], [629644.3870793942, 5220194.391482611], [629643.2074621194, 5220195.928797455], [629640.9169637264, 5220194.183614692], [629640.2958511764, 5220194.995660299], [629637.9285630011, 5220193.192348105], [629637.4107632798, 5220193.86961036], [629635.3210631234, 5220192.279614619], [629635.0124461319, 5220192.684776251], [629632.8325464681, 5220191.0190026965], [629631.6121005923, 5220192.602347336], [629629.3443867805, 5220190.878365711], [629626.151300137, 5220195.07982825], [629623.357196844, 5220192.955315102], [629625.6719130753, 5220189.929996116], [629624.0835108545, 5220188.71468612], [629623.2387081457, 5220189.818837739], [629620.9452134997, 5220188.077269707], [629617.2913347397, 5220192.90109362], [629614.2619623725, 5220190.597692223], [629617.2301193571, 5220186.653495183], [629615.6320680452, 5220185.450901318], [629615.172422582, 5220186.061695251], [629613.1413395369, 5220184.519700743], [629612.0179794922, 5220186.002868435], [629607.376454359, 5220182.615414642], [629605.9851148673, 5220184.464982888], [629603.8020252795, 5220182.806517905], [629602.6600431644, 5220184.312051469], [629599.965678315, 5220182.281968522], [629599.750855247, 5220182.573350626], [629597.1716566271, 5220180.5808886215], [629596.9990148669, 5220180.796551334], [629594.0099619512, 5220178.53114658], [629593.3312913602, 5220179.4346235525], [629591.0937714089, 5220177.738981992], [629590.2996263898, 5220178.793263289], [629586.1810101793, 5220175.513970264], [629585.4805078033, 5220176.447395641], [629583.3991025054, 5220174.868479394], [629582.7099726299, 5220175.780355702], [629580.3944324957, 5220174.025931636], [629579.3554730216, 5220175.406456514], [629574.871821655, 5220172.368474552], [629574.0363539223, 5220173.473238409], [629571.8490115285, 5220171.815276974], [629571.4703000301, 5220172.317648692], [629569.1659348983, 5220170.568870187], [629568.4590486155, 5220171.503726346], [629566.2711193735, 5220169.845061878], [629564.4216561632, 5220172.2973849885], [629561.4541151666, 5220170.040997446], [629562.0922669444, 5220169.193479141], [629560.4945438398, 5220167.9904492665], [629536.1598015529, 5220200.308998278], [629533.3833200396, 5220198.197883955], [629556.7510384216, 5220167.281591215], [629555.1555207875, 5220166.075637867], [629511.0142523564, 5220224.476049684], [629512.9726483934, 5220225.961523809], [629503.3508553789, 5220238.65295504]], [[629554.4764150376, 5220242.211241773], [629554.4690126961, 5220242.2210378405], [629554.2647791648, 5220242.050323172], [629554.4764150376, 5220242.211241773]], [[629552.1241445453, 5220244.611259289], [629551.6991064062, 5220244.288078998], [629551.8942116903, 5220244.419063076], [629552.1241445453, 5220244.611259289]]], [[[629660.41524105, 5220294.0464440975], [629662.3805690744, 5220295.456153404], [629682.1044241732, 5220265.52575673], [629680.4344309256, 5220264.425246596], [629679.5362049527, 5220265.788279307], [629677.3069926192, 5220264.189789941], [629657.214467031, 5220295.317264353], [629658.8948073809, 5220296.40191006], [629660.41524105, 5220294.0464440975]]]]}}, {"type": "Feature", "properties": {"vineyard_id": "V09", "row_count": 52, "total_row_length_m": 5190.14, "disrupted_rows": 26, "gap_count": 47, "canopy_count": 3659, "canopy_area_m2": 1741.94, "interrow_count": 53, "interrow_area_m2": 10985.45, "block_area_m2": 14341.56}, "geometry": {"type": "Polygon", "coordinates": [[[629567.4866207364, 5220163.435129779], [629569.0771612121, 5220164.647639983], [629572.0364604038, 5220160.765705523], [629574.8184023361, 5220162.894790112], [629572.6646173196, 5220165.722151069], [629574.2555878365, 5220166.934096949], [629574.9365582347, 5220166.040159484], [629579.6314555923, 5220169.306570304], [629580.3409758955, 5220168.376533583], [629582.4846109365, 5220170.024504731], [629582.8532405834, 5220169.548657619], [629585.1580878355, 5220171.310733861], [629586.3383478295, 5220169.763790334], [629588.5236917047, 5220171.435025992], [629588.9355523337, 5220170.895757489], [629591.1637926673, 5220172.597219116], [629591.6842212598, 5220171.912868685], [629593.7942457515, 5220173.526127304], [629594.3801845816, 5220172.758508818], [629596.2420073989, 5220174.192324997], [629596.9350482114, 5220173.299941032], [629599.2853632706, 5220175.085138691], [629600.4407961281, 5220173.5412578285], [629603.2333960208, 5220175.671893058], [629603.4921784863, 5220175.330057331], [629606.4003862741, 5220177.523093827], [629607.0555247344, 5220176.619399848], [629609.4637876664, 5220178.452376422], [629610.2226722629, 5220177.4440975785], [629612.4164494283, 5220179.125471026], [629613.2328104941, 5220178.0630284175], [629617.9422337294, 5220181.313160774], [629619.3467398698, 5220179.482343714], [629622.3193742144, 5220181.757369623], [629621.8817025586, 5220182.329739467], [629623.4704489382, 5220183.544599517], [629624.7430626869, 5220181.880325113], [629629.1698120057, 5220185.000081801], [629635.9045377746, 5220176.255266286], [629638.6879270156, 5220178.385458535], [629633.8563992037, 5220184.676316667], [629635.4425720465, 5220185.894534921], [629635.6216979568, 5220185.66130524], [629640.3034021762, 5220188.929109186], [629640.8732373117, 5220188.186067019], [629643.219769176, 5220189.981555517], [629644.0718961016, 5220188.867462433], [629646.2041674658, 5220190.50222933], [629646.8046300781, 5220189.721362325], [629649.0154104079, 5220191.416920042], [629649.6920115578, 5220190.538059499], [629651.9124776806, 5220192.2415864905], [629652.6080929592, 5220191.338853478], [629654.7912875811, 5220193.014363242], [629655.5136341789, 5220192.077720749], [629658.4901726651, 5220194.356620731], [629658.8679911342, 5220193.863668058], [629661.0056047933, 5220195.495422089], [629679.2698921287, 5220171.4645302985], [629682.7815276878, 5220174.502346673], [629683.0674018442, 5220174.12861137], [629685.9496484979, 5220176.334461485], [629671.4222065848, 5220195.641547655], [629673.6636201657, 5220197.3438914735], [629672.7242649801, 5220198.572326331], [629674.313003222, 5220199.787197023], [629674.8794589975, 5220199.046418635], [629676.8883624857, 5220200.585731769], [629677.8585871271, 5220199.321857093], [629680.3610150287, 5220201.235060651], [629681.6790534706, 5220199.507289716], [629683.7817635747, 5220201.1173434425], [629686.5741949687, 5220197.47345239], [629689.5576274658, 5220199.756742375], [629687.0373751782, 5220203.046833252], [629688.6250889124, 5220204.263042566], [629689.9829983619, 5220202.490344844], [629691.9797382577, 5220204.022261506], [629692.96962256, 5220202.736823717], [629695.7368508978, 5220204.854647651], [629695.3884402616, 5220205.306842144], [629696.9727248107, 5220206.527515101], [629697.6632347058, 5220205.631317515], [629700.0880585857, 5220207.481016162], [629700.7086943659, 5220206.661912308], [629702.7493076911, 5220208.22259468], [629704.354522734, 5220206.1215457], [629706.5395673735, 5220207.793998243], [629768.8546325786, 5220126.395877304], [629766.5898428101, 5220124.662393968], [629785.4393759236, 5220099.990439584], [629783.8501240673, 5220098.776240862], [629770.4673251398, 5220116.292844731], [629768.3622530818, 5220114.687042515], [629761.1712721979, 5220124.164786936], [629759.1201187873, 5220122.590900077], [629758.4209331215, 5220123.498357755], [629753.9587281721, 5220120.259987599], [629752.7498296394, 5220121.829831522], [629750.5441472027, 5220120.141224059], [629750.0812184442, 5220120.745559463], [629745.3213792756, 5220117.525212003], [629744.7497830747, 5220118.2710975725], [629742.4665127111, 5220116.525620354], [629741.2681352262, 5220118.096531886], [629736.0052400744, 5220113.73075575], [629737.5309035146, 5220111.68908412], [629735.9288003597, 5220110.491893457], [629732.8421622636, 5220114.622490853], [629730.3499387659, 5220112.715134492], [629733.3629642297, 5220108.820137044], [629731.7810340079, 5220107.596414538], [629727.743337227, 5220112.816024809], [629725.8157579263, 5220111.340967243], [629724.6746432412, 5220112.832391793], [629722.3418999214, 5220111.047089306], [629726.4218366359, 5220105.723856395], [629724.8344499186, 5220104.507220291], [629719.8352042059, 5220111.029907079], [629719.0070369523, 5220110.404680404], [629718.7539196862, 5220110.739956296], [629716.8460126838, 5220109.275130522], [629716.3921766375, 5220109.863604431], [629714.1756215995, 5220108.163070684], [629713.8622664886, 5220108.569726507], [629711.6049995604, 5220106.83859152], [629710.2894313374, 5220108.547428405], [629705.5892121316, 5220105.146081852], [629705.0925649335, 5220105.79541142], [629702.8531176649, 5220104.080263476], [629702.2234125374, 5220104.901373712], [629700.0508271097, 5220103.238876634], [629699.3476456949, 5220104.158032025], [629697.0490649983, 5220102.3967332635], [629695.8891443108, 5220103.907000155], [629693.2048913209, 5220101.852679176], [629693.4206077808, 5220101.5725785885], [629691.8360557561, 5220100.3522528615], [629690.58544835, 5220101.97612463], [629688.3283953681, 5220100.248650601], [629687.4505000957, 5220101.395554511], [629685.1280462374, 5220099.618648961], [629684.868085635, 5220099.958615253], [629682.698133441, 5220098.537234574], [629680.3201103769, 5220096.715831233], [629679.7166954807, 5220097.502401156], [629677.4434855373, 5220095.761193006], [629676.3968628759, 5220097.12545144], [629674.1970121788, 5220095.439429778], [629672.6234781687, 5220097.487285374], [629667.9436111004, 5220094.174844573], [629664.4865768832, 5220098.517879416], [629660.1871060173, 5220095.227394789], [629662.3362176827, 5220092.42718929], [629658.712808844, 5220089.518723981], [629656.4570163991, 5220092.507850391], [629653.6835825826, 5220090.38527726], [629654.3582664964, 5220089.498084985], [629652.7663033261, 5220088.28744331], [629652.1888428194, 5220089.046789265], [629650.1317056244, 5220087.473673148], [629648.9137100829, 5220089.068452029], [629645.9525717149, 5220086.802224257], [629646.1878974525, 5220086.484389621], [629644.5805234947, 5220085.294285021], [629643.3082610689, 5220087.012622627], [629641.1539049427, 5220085.365774556], [629638.4882034434, 5220088.859966716], [629635.4822177689, 5220086.559416262], [629637.1527959651, 5220084.3663805], [629635.5618254482, 5220083.1544346195], [629634.2310894894, 5220084.901345692], [629632.0395146174, 5220083.224837807], [629631.1863563439, 5220084.340992615], [629629.035296614, 5220082.697120415], [629628.6614027049, 5220083.187585068], [629626.3906147374, 5220081.450123901], [629567.4976456941, 5220158.455783387], [629569.8881488843, 5220160.284865386], [629567.4866207364, 5220163.435129779]], [[629628.8858917576, 5220149.331140603], [629625.1631302338, 5220146.482024993], [629626.1697886508, 5220145.130018617], [629629.9101533202, 5220147.992606323], [629628.8858917576, 5220149.331140603]]]}}, {"type": "Feature", "properties": {"vineyard_id": "V10", "row_count": 14, "total_row_length_m": 391.28, "disrupted_rows": 11, "gap_count": 32, "canopy_count": 213, "canopy_area_m2": 190.21, "interrow_count": 11, "interrow_area_m2": 608.3, "block_area_m2": 1110.66}, "geometry": {"type": "MultiPolygon", "coordinates": [[[[629799.1593202697, 5220061.999653844], [629795.7522867717, 5220059.416171548], [629786.734404698, 5220071.405025572], [629768.1652369789, 5220094.992359054], [629761.1994861511, 5220104.405839634], [629758.6930832563, 5220102.500608979], [629763.8741687468, 5220095.714987021], [629762.2845582966, 5220094.501257801], [629760.2019477522, 5220097.228834458], [629758.4729643075, 5220095.941200172], [629753.0246080561, 5220103.433432706], [629754.5813226267, 5220104.590117599], [629750.8968135884, 5220109.41568658], [629752.4864240387, 5220110.6294158], [629753.5912793148, 5220109.182396592], [629755.4890780635, 5220110.628000922], [629758.5787067673, 5220106.5835728785], [629762.8008630953, 5220109.79302563], [629760.3855490229, 5220112.893136745], [629761.9632376671, 5220114.122322876], [629775.6160600844, 5220096.598611562], [629771.7519501183, 5220093.646369435], [629772.4035853391, 5220092.811100542], [629776.2672438148, 5220095.756526104], [629787.3625091807, 5220081.362735255], [629808.9066722643, 5220052.15383859], [629807.2971349353, 5220050.96666144], [629799.1593202697, 5220061.999653844]]], [[[629789.9167736379, 5220099.920337511], [629787.376308351, 5220098.046445312], [629779.5573776161, 5220109.368488752], [629781.2030810694, 5220110.505001024], [629781.7222583554, 5220109.753216927], [629783.8054248105, 5220111.332700434], [629796.3054189448, 5220094.778624161], [629801.03514767, 5220098.373905739], [629792.8351459467, 5220109.81152763], [629794.460575665, 5220110.97685086], [629811.8607050984, 5220086.706599702], [629810.2352753801, 5220085.541276473], [629809.259050288, 5220086.902946124], [629804.807485804, 5220083.519109816], [629806.2181541029, 5220081.65092409], [629804.2242603952, 5220080.139300852], [629812.0930425145, 5220069.561875561], [629810.4883733632, 5220068.368126461], [629809.176671634, 5220070.13135066], [629805.1458712261, 5220067.0673562335], [629805.8074666687, 5220066.229908461], [629804.2381136013, 5220064.990097608], [629768.467004541, 5220110.666025345], [629770.0442118394, 5220111.895829043], [629787.7442302097, 5220089.195784979], [629792.3753607735, 5220092.716117619], [629790.4963811364, 5220095.241891802], [629792.3788109095, 5220096.659795758], [629789.9167736379, 5220099.920337511]]], [[[629765.5229093605, 5220114.151973509], [629763.7914685286, 5220113.150917743], [629762.0320112479, 5220116.194101034], [629763.7634520798, 5220117.1951568], [629765.5229093605, 5220114.151973509]]]]}}, {"type": "Feature", "properties": {"vineyard_id": "V12", "row_count": 65, "total_row_length_m": 5367.54, "disrupted_rows": 48, "gap_count": 142, "canopy_count": 2979, "canopy_area_m2": 1577.8, "interrow_count": 62, "interrow_area_m2": 9858.51, "block_area_m2": 14546.13}, "geometry": {"type": "MultiPolygon", "coordinates": [[[[629630.6777598605, 5220058.733145174], [629632.3747003261, 5220059.791631384], [629641.4864146053, 5220045.183943038], [629639.7894741397, 5220044.125456828], [629630.6777598605, 5220058.733145174]]], [[[629657.2405495748, 5220040.898889274], [629655.4706169826, 5220039.530122725], [629650.504898758, 5220045.883505991], [629648.3275128631, 5220044.20377513], [629637.6047933322, 5220057.955369453], [629606.0247668962, 5220099.679035476], [629608.0045318486, 5220101.18526697], [629605.9184486264, 5220103.903796081], [629603.8599703663, 5220102.32605205], [629561.4357446282, 5220157.707839164], [629563.4774305341, 5220159.272707979], [629535.0173645354, 5220197.039415817], [629536.6159836821, 5220198.241254752], [629569.7126715202, 5220154.371495679], [629614.3287198303, 5220096.228955598], [629625.3448755373, 5220081.5903107915], [629623.301207276, 5220080.03470672], [629626.8961784951, 5220075.254618215], [629628.8857880898, 5220076.791817891], [629630.3025449713, 5220074.979149702], [629632.5926272471, 5220076.72804664], [629634.5981591406, 5220074.082130788], [629636.8475634578, 5220075.795388363], [629638.9208466554, 5220073.039926019], [629641.7040619246, 5220075.17390294], [629639.6959908257, 5220077.806265887], [629641.2861372653, 5220079.0192928035], [629641.5582994065, 5220078.662517819], [629643.8159915908, 5220080.387134113], [629644.4090870273, 5220079.605372088], [629646.5393200014, 5220081.238823744], [629646.8421747568, 5220080.843917376], [629649.1261273639, 5220082.59411474], [629649.7513824637, 5220081.777318773], [629652.0194596397, 5220083.515856174], [629653.266333906, 5220081.888385054], [629657.703151574, 5220085.3851219565], [629658.887728934, 5220083.818092928], [629663.1284837399, 5220087.21608234], [629663.6531457575, 5220086.533478661], [629665.6131883325, 5220088.0352989165], [629666.4538415296, 5220086.937074031], [629669.4562714782, 5220089.186805927], [629670.2993903407, 5220087.987111757], [629673.3923153746, 5220090.346224855], [629674.5512520061, 5220088.803673025], [629679.1613783569, 5220092.587409402], [629681.5853482457, 5220089.37723347], [629684.5869479158, 5220091.678652442], [629684.2717937245, 5220092.095156172], [629686.4587948145, 5220093.763971169], [629685.9850605851, 5220094.389660794], [629687.5795797677, 5220095.596933993], [629689.1240988142, 5220093.556993696], [629691.2968303779, 5220095.217637649], [629692.5046408481, 5220093.628681729], [629695.3325304651, 5220095.79691185], [629695.043140112, 5220096.172054829], [629696.6267161767, 5220097.39364676], [629697.2881611165, 5220096.536201366], [629699.3856386594, 5220098.14062989], [629700.1989330982, 5220097.073298052], [629702.2462318768, 5220098.652031984], [629703.9338593064, 5220096.483244499], [629708.5750864677, 5220099.832700522], [629709.5608667736, 5220098.559425934], [629712.6150554706, 5220100.901166534], [629712.1477379737, 5220101.516421795], [629713.740407111, 5220102.726134578], [629715.9023842835, 5220099.879744621], [629718.2048138723, 5220101.6411527265], [629718.8397288021, 5220100.807694048], [629720.8836889953, 5220102.371730763], [629766.2749928808, 5220042.865054162], [629769.4772100322, 5220045.323998215], [629791.4237796225, 5220016.874082062], [629793.9241103801, 5220018.756485379], [629806.9995325954, 5220000.694530539], [629809.4133323343, 5220002.533156408], [629817.0189176054, 5219992.413739227], [629820.2007788152, 5219994.853370277], [629800.9115850836, 5220020.190547576], [629802.5029123152, 5220021.402025038], [629809.6007314789, 5220012.078737342], [629811.861375028, 5220013.808815244], [629816.4930342757, 5220007.735879349], [629819.7069610293, 5220010.20009604], [629811.1742712641, 5220021.408503019], [629815.7632656114, 5220025.308290639], [629802.297756795, 5220043.792570849], [629803.6216573991, 5220044.757011717], [629799.7187343013, 5220050.040384398], [629801.327403576, 5220051.228737528], [629805.4737673836, 5220045.615820052], [629804.1541265498, 5220044.640977466], [629805.5669030049, 5220042.7016407335], [629807.0397877065, 5220043.841070484], [629812.3588165977, 5220037.018016942], [629815.1297367493, 5220039.142566818], [629811.2962506124, 5220043.978410493], [629812.8635359717, 5220045.220834174], [629851.3546493876, 5219996.665289507], [629849.7873640283, 5219995.422865826], [629819.1737279356, 5220034.041176464], [629816.3782363627, 5220031.862053921], [629847.9820439769, 5219991.0365606025], [629850.4834087985, 5219992.953102263], [629862.7112881101, 5219976.970072763], [629860.1921627418, 5219975.039913544], [629879.035804784, 5219950.197479985], [629877.4402225766, 5219948.991612074], [629855.2430762056, 5219978.227480807], [629852.117257794, 5219975.830819498], [629872.3390669054, 5219949.210028858], [629870.7464545914, 5219948.000241266], [629869.3703253765, 5219949.811832282], [629866.3464350177, 5219947.493322352], [629877.542829502, 5219931.82457799], [629889.9534827817, 5219916.811522838], [629913.7891955574, 5219885.980325213], [629911.608466915, 5219884.313003753], [629932.7422402935, 5219857.346004654], [629934.9110713353, 5219859.010316265], [629948.8624333743, 5219840.856276049], [629946.8658711936, 5219839.324048283], [629950.7096789647, 5219834.419294226], [629953.373057956, 5219836.422291005], [629961.9988820198, 5219824.418393354], [629959.8236803841, 5219822.789697198], [629983.5697163126, 5219792.489413476], [629981.2859501631, 5219790.725030985], [630003.7670301417, 5219762.015220184], [630002.1923538129, 5219760.7821774185], [630000.4983875925, 5219762.945483173], [629997.2830321258, 5219760.480171043], [630007.9008285119, 5219747.427320471], [630006.3493195116, 5219746.165250814], [629997.2041559623, 5219757.407739268], [629994.2073550216, 5219755.109999629], [629995.8574782704, 5219752.996178607], [629994.280959472, 5219751.765492425], [629967.0046001002, 5219786.706725976], [629969.3173264952, 5219788.490924895], [629962.654180451, 5219797.014746224], [629959.515725964, 5219794.608396445], [629963.569128075, 5219789.4170902595], [629961.9927396948, 5219788.18623703], [629927.5123311925, 5219832.346266813], [629929.757902878, 5219834.079109668], [629925.5354988463, 5219839.427560207], [629927.8319201185, 5219841.206139391], [629862.0762189054, 5219925.334647474], [629859.8191631561, 5219923.510151388], [629854.9352745061, 5219928.981337812], [629851.1598063292, 5219926.086570005], [629855.0537500213, 5219921.783654883], [629853.5708207827, 5219920.441670951], [629843.1146759982, 5219931.995999179], [629844.5976052368, 5219933.33798311], [629846.0263523383, 5219931.759178177], [629849.8432381373, 5219934.68570215], [629846.8873126045, 5219937.997083879], [629850.3819111614, 5219940.770442175], [629848.0969834947, 5219943.809354569], [629845.7184503935, 5219941.99010538], [629844.4771938697, 5219943.620882578], [629842.4938751247, 5219942.085996721], [629809.2327702561, 5219984.876091699], [629797.4037148326, 5219998.666698286], [629787.1282393887, 5220013.56640433], [629789.8742304766, 5220015.608380141], [629781.2399958982, 5220026.801165818], [629777.940394374, 5220024.274390197], [629777.3208443496, 5220025.086602224], [629775.2279873784, 5220023.485879904], [629774.8751668222, 5220023.949030698], [629772.4639658348, 5220022.106006456], [629772.1377973644, 5220022.535429426], [629769.8989249361, 5220020.82256133], [629768.507349817, 5220022.648719854], [629765.4281891299, 5220020.2878324585], [629765.760728176, 5220019.849570573], [629764.1674585694, 5220018.640648755], [629762.9470383483, 5220020.249072408], [629758.699911337, 5220016.999322472], [629758.0872147358, 5220017.803398535], [629755.8454484568, 5220016.096590963], [629755.4921158964, 5220016.566642505], [629753.0699563577, 5220014.718248126], [629748.1420330602, 5220021.238709253], [629745.444876019, 5220019.1707158275], [629749.0179856643, 5220014.451492476], [629747.4234664817, 5220013.244219278], [629746.6278457412, 5220014.295044008], [629743.8281791187, 5220012.148453327], [629757.8194940604, 5219993.748938276], [629756.2274899961, 5219992.538350378], [629740.4434861133, 5220013.295371302], [629735.775732885, 5220009.805565845], [629735.186512684, 5220010.584317659], [629732.718260053, 5220008.726769837], [629712.7828617775, 5220035.796345244], [629697.6977530905, 5220055.347665076], [629693.2467579306, 5220051.934949914], [629697.8364108073, 5220045.939051698], [629696.2482773942, 5220044.7233904535], [629695.6021238472, 5220045.567522026], [629693.7251357263, 5220044.126880488], [629688.1892605292, 5220051.329248196], [629685.9748627122, 5220049.629153993], [629684.756364251, 5220051.212511228], [629681.8167217113, 5220048.958596698], [629682.1158738367, 5220048.566131318], [629680.5252661449, 5220047.353709292], [629679.8701614349, 5220048.2131580375], [629677.7764076052, 5220046.608279718], [629676.1582620572, 5220048.720349249], [629673.2108986473, 5220046.46051489], [629673.9692671043, 5220045.4716430735], [629672.3822352663, 5220044.254544087], [629670.405930278, 5220046.8315398535], [629668.0996672794, 5220045.069682819], [629667.2565220116, 5220046.181036763], [629664.4217264832, 5220044.007511667], [629665.054003793, 5220043.168969916], [629663.4570905259, 5220041.964865262], [629662.3169104682, 5220043.477000155], [629657.9868623104, 5220039.914272323], [629657.2405495748, 5220040.898889274]], [[629812.6773645006, 5219994.861440965], [629809.6087112678, 5219992.50860996], [629810.4912154158, 5219991.325158261], [629813.5642831568, 5219993.681374005], [629812.6773645006, 5219994.861440965]], [[629849.2366237565, 5219966.610148651], [629846.0664426093, 5219964.179473064], [629857.8744064906, 5219948.669209723], [629855.568395945, 5219946.905441454], [629875.2129005931, 5219921.406451249], [629878.2017542154, 5219923.698097433], [629867.0620981914, 5219937.9124589], [629869.4284592569, 5219939.740169459], [629849.2366237565, 5219966.610148651]]], [[[629692.1293676207, 5220012.1958929375], [629705.2412981002, 5219995.447872408], [629703.6665064462, 5219994.214976935], [629690.5545759667, 5220010.962997464], [629692.1293676207, 5220012.1958929375]]], [[[629828.2144547347, 5220038.9570575375], [629877.1568024494, 5219974.116014535], [629875.5604917614, 5219972.911111141], [629826.6181440467, 5220037.7521541435], [629828.2144547347, 5220038.9570575375]]]]}}, {"type": "Feature", "properties": {"vineyard_id": "V14", "row_count": 10, "total_row_length_m": 284.23, "disrupted_rows": 7, "gap_count": 9, "canopy_count": 101, "canopy_area_m2": 127.93, "interrow_count": 8, "interrow_area_m2": 293.18, "block_area_m2": 652.35}, "geometry": {"type": "MultiPolygon", "coordinates": [[[[630025.5232157691, 5219751.972933554], [630023.55051243, 5219753.07385476], [630016.8621772097, 5219741.303989409], [630015.1233219525, 5219742.292110046], [630026.6008276516, 5219762.489766444], [630023.8685139557, 5219764.014609044], [630017.2553268991, 5219750.689567316], [630015.4638272921, 5219751.578684382], [630019.2678482383, 5219759.243481614], [630016.1959107873, 5219760.987615674], [630018.7453613708, 5219765.289282294], [630021.492668895, 5219763.726316869], [630027.6189396534, 5219776.070261293], [630029.4104392604, 5219775.181144227], [630029.0182762477, 5219774.390967197], [630032.3710670973, 5219772.503423188], [630030.9783238904, 5219770.089837946], [630032.6728188425, 5219769.126925463], [630029.4886615964, 5219763.523572639], [630031.6254091752, 5219762.331102045], [630034.8358722115, 5219767.780702681], [630036.7234438331, 5219766.7005461445], [630038.8851068049, 5219770.440209963], [630040.6166427053, 5219769.439318649], [630040.1422781195, 5219768.618670794], [630042.5570123434, 5219767.271062129], [630050.43526196, 5219782.285463339], [630052.206267001, 5219781.356194193], [630029.1816232684, 5219737.475731458], [630025.4992197495, 5219739.501253347], [630023.9870285824, 5219736.924108217], [630020.5164990381, 5219738.662630033], [630020.751235025, 5219739.068721865], [630018.6332083662, 5219740.277490156], [630025.5232157691, 5219751.972933554]]], [[[630053.5992113932, 5219777.265687167], [630055.3527032877, 5219776.3037795955], [630034.8759033153, 5219738.975969892], [630033.1224114207, 5219739.937877463], [630053.5992113932, 5219777.265687167]]]]}}, {"type": "Feature", "properties": {"vineyard_id": "V16", "row_count": 7, "total_row_length_m": 402.5, "disrupted_rows": 5, "gap_count": 15, "canopy_count": 231, "canopy_area_m2": 166.12, "interrow_count": 6, "interrow_area_m2": 634.62, "block_area_m2": 1031.78}, "geometry": {"type": "Polygon", "coordinates": [[[630192.4900933722, 5219731.342270356], [630195.6183299506, 5219733.08605132], [630189.9406107016, 5219743.250358631], [630191.6866684378, 5219744.225695691], [630194.441332657, 5219739.294269456], [630196.8454332093, 5219740.635387936], [630201.6446041453, 5219732.043526425], [630204.1028762286, 5219733.412733901], [630205.5732907427, 5219730.76885717], [630203.1198840298, 5219729.40236181], [630220.8696220896, 5219697.625354219], [630223.1897212225, 5219698.9695815835], [630226.3707775734, 5219693.816258585], [630223.8199603969, 5219692.343421468], [630241.0971579675, 5219661.412393837], [630238.6943920023, 5219660.0720192995], [630239.8907212237, 5219657.930339283], [630238.1446634874, 5219656.955002223], [630230.3395664312, 5219670.927761635], [630226.9044002263, 5219669.0128881], [630232.400563229, 5219659.058526788], [630230.6497130882, 5219658.091819083], [630215.6354573682, 5219685.284849239], [630213.4930278738, 5219684.091554691], [630189.6294089654, 5219726.98644386], [630191.909322559, 5219728.2563765235], [630190.2692218098, 5219731.226840725], [630192.0200719506, 5219732.19354843], [630192.4900933722, 5219731.342270356]]]}}, {"type": "Feature", "properties": {"vineyard_id": "V17", "row_count": 7, "total_row_length_m": 424.23, "disrupted_rows": 7, "gap_count": 15, "canopy_count": 256, "canopy_area_m2": 144.94, "interrow_count": 4, "interrow_area_m2": 467.47, "block_area_m2": 1026.13}, "geometry": {"type": "MultiPolygon", "coordinates": [[[[630074.0346555213, 5219684.157894045], [630072.7509929305, 5219685.754816187], [630074.3098098419, 5219687.007848444], [630075.0313226656, 5219687.144984159], [630057.6609605142, 5219711.607549273], [630059.2916654063, 5219712.765479132], [630060.5163700054, 5219711.040735817], [630063.8448939705, 5219712.734251323], [630063.7255514975, 5219712.902553328], [630065.3570124734, 5219714.05941766], [630120.6922634381, 5219636.023212395], [630119.0608024623, 5219634.866348063], [630115.3818258019, 5219640.054602798], [630114.193005392, 5219639.498750508], [630112.1057415877, 5219638.387768046], [630115.50486608, 5219633.600803704], [630113.8741611879, 5219632.442873846], [630083.6849409933, 5219674.958151209], [630082.2155438334, 5219673.980576598], [630082.0843487895, 5219674.143787921], [630079.6315827497, 5219672.895848185], [630081.9176983411, 5219669.360345625], [630080.2382195675, 5219668.274366322], [630071.0307581945, 5219682.513805208], [630074.0346555213, 5219684.157894045]]], [[[630030.5953218469, 5219687.720780553], [630028.9502812694, 5219688.858252091], [630047.111396659, 5219715.123324021], [630048.7564372366, 5219713.985852483], [630030.5953218469, 5219687.720780553]]], [[[630020.7017190421, 5219672.292633758], [630043.0784276805, 5219704.4670914365], [630066.0670797693, 5219736.21285368], [630067.6783293703, 5219735.028001486], [630044.7102548376, 5219703.310728765], [630022.3436635698, 5219671.1506976085], [630020.7017190421, 5219672.292633758]]]]}}, {"type": "Feature", "properties": {"vineyard_id": "V18", "row_count": 6, "total_row_length_m": 295.56, "disrupted_rows": 5, "gap_count": 10, "canopy_count": 144, "canopy_area_m2": 83.88, "interrow_count": 4, "interrow_area_m2": 439.77, "block_area_m2": 754.98}, "geometry": {"type": "MultiPolygon", "coordinates": [[[[629928.7637951565, 5219654.58463024], [629926.7131339571, 5219656.751368403], [629958.9855553593, 5219687.113250806], [629960.9966785599, 5219684.98816326], [629972.6978085247, 5219696.025205364], [629970.260691953, 5219698.577885891], [629987.182692365, 5219714.969366964], [629988.574208047, 5219713.532814108], [629976.8399917057, 5219702.166475591], [629979.3335766634, 5219699.53502959], [629977.6991156795, 5219697.993331075], [629980.1806974395, 5219695.379151886], [629981.8003220968, 5219696.899225591], [629983.1690071207, 5219695.440904191], [629928.5520736247, 5219644.181024899], [629924.7009266445, 5219648.003010005], [629924.2045930958, 5219647.534845452], [629922.8322680158, 5219648.989741969], [629928.7637951565, 5219654.58463024]]], [[[629982.225283907, 5219721.587390098], [629983.8473469291, 5219720.417385162], [629981.4229166843, 5219717.056221011], [629979.8008536622, 5219718.226225947], [629982.225283907, 5219721.587390098]]]]}}, {"type": "Feature", "properties": {"vineyard_id": "V19", "row_count": 9, "total_row_length_m": 248.91, "disrupted_rows": 6, "gap_count": 7, "canopy_count": 151, "canopy_area_m2": 126.5, "interrow_count": 8, "interrow_area_m2": 379.41, "block_area_m2": 606.93}, "geometry": {"type": "Polygon", "coordinates": [[[629841.3951823324, 5219654.161104309], [629839.3550692324, 5219655.734724339], [629849.445889592, 5219668.9978464], [629847.0603043438, 5219670.853997386], [629836.8293406958, 5219657.569131053], [629835.2447752069, 5219658.789439297], [629836.4524465492, 5219660.357595818], [629834.2639255881, 5219662.024109123], [629850.4613479987, 5219684.120010063], [629853.1620662349, 5219682.054971709], [629853.4544194824, 5219682.434591259], [629855.0389849712, 5219681.214283015], [629854.7080097819, 5219680.784513025], [629857.0355589679, 5219678.973518125], [629857.4403053231, 5219679.505506618], [629859.0320023573, 5219678.29451506], [629857.7050756038, 5219676.550435702], [629859.469563398, 5219675.176722308], [629860.2830432624, 5219674.544597841], [629861.3559800375, 5219675.887009947], [629865.1022790321, 5219672.811648066], [629865.376663687, 5219673.160789877], [629866.9491713805, 5219671.92498263], [629866.645982366, 5219671.5391886], [629868.6060334555, 5219670.0063382555], [629849.8138514997, 5219646.158181602], [629848.2429554227, 5219647.396036809], [629848.547628367, 5219647.782681006], [629846.2557104919, 5219649.565952271], [629845.0973323289, 5219648.113581523], [629843.5337486843, 5219649.360660585], [629846.253729021, 5219652.770963025], [629844.135284652, 5219654.4192598555], [629841.9960775085, 5219651.682076071], [629840.4202472876, 5219652.913643817], [629841.3951823324, 5219654.161104309]]]}}, {"type": "Feature", "properties": {"vineyard_id": "V20", "row_count": 8, "total_row_length_m": 252.82, "disrupted_rows": 7, "gap_count": 12, "canopy_count": 102, "canopy_area_m2": 58.1, "interrow_count": 7, "interrow_area_m2": 268.13, "block_area_m2": 545.92}, "geometry": {"type": "Polygon", "coordinates": [[[629889.1168520006, 5219656.188154941], [629888.053980533, 5219655.038047], [629889.7771801685, 5219653.433171717], [629864.1269255283, 5219626.0800702395], [629862.668030021, 5219627.448143301], [629863.4172490088, 5219628.247100788], [629861.8835576829, 5219629.666442089], [629868.6268328939, 5219636.963179852], [629866.5957659141, 5219638.845224268], [629863.39150814, 5219635.378694969], [629862.0433824825, 5219636.624823804], [629860.2468610775, 5219634.606089381], [629858.7528110492, 5219635.93568124], [629871.5979093346, 5219650.369598925], [629870.4166487108, 5219651.466379728], [629863.4173497427, 5219644.119642807], [629861.9693107961, 5219645.49920187], [629862.8256548271, 5219646.398053931], [629861.8108140213, 5219647.336077287], [629877.2413305341, 5219664.046255265], [629879.3550343553, 5219662.089994193], [629902.8679614601, 5219687.132444013], [629904.3260003583, 5219685.763458049], [629881.913773286, 5219661.893309117], [629885.5088584889, 5219658.6730164355], [629886.0034225835, 5219659.201783498], [629889.1168520006, 5219656.188154941]], [[629870.725194438, 5219652.8987806905], [629870.7274257413, 5219652.901157141], [629870.5547948102, 5219653.06112187], [629870.725194438, 5219652.8987806905]]]}}, {"type": "Feature", "properties": {"vineyard_id": "V21", "row_count": 13, "total_row_length_m": 544.07, "disrupted_rows": 11, "gap_count": 24, "canopy_count": 191, "canopy_area_m2": 139.88, "interrow_count": 11, "interrow_area_m2": 673.68, "block_area_m2": 1205.4}, "geometry": {"type": "MultiPolygon", "coordinates": [[[[629999.1339958069, 5219593.128939454], [629997.4558025739, 5219594.216904285], [629999.3548619736, 5219597.146216469], [630001.0330552065, 5219596.058251638], [629999.1339958069, 5219593.128939454]]], [[[629997.7289941389, 5219617.577224131], [629987.1458959059, 5219605.091729886], [629985.1585854216, 5219606.78124838], [629983.7676746816, 5219605.145292107], [629982.2439559606, 5219606.440777058], [629982.948750823, 5219607.269740084], [629980.6015482453, 5219609.268909507], [629978.832696211, 5219607.153005932], [629977.2982524432, 5219608.4357694825], [629981.4900237928, 5219613.449972939], [629979.4957641828, 5219615.1564487], [630014.1672458615, 5219655.3703364665], [630015.9594534651, 5219653.8359533055], [630018.1907722526, 5219656.43890314], [630019.7092223498, 5219655.137246771], [630018.9990493421, 5219654.308792888], [630021.4666638195, 5219652.207065727], [630026.721231545, 5219658.22313677], [630028.2275624432, 5219656.907474494], [630023.4130545706, 5219651.395237729], [630025.1458589444, 5219649.9224882675], [630006.5262459965, 5219627.955851922], [630008.9171917976, 5219625.919425334], [630050.6530619249, 5219677.427156121], [630052.2069275546, 5219676.167989092], [630036.8369989196, 5219657.13390079], [630038.9796776123, 5219655.318799423], [630023.6306060775, 5219637.020857552], [630021.8378451319, 5219638.537925478], [630010.0213529714, 5219624.111170774], [630012.5547882722, 5219621.953382419], [630022.6208092157, 5219634.39712868], [630025.507647313, 5219631.771325542], [629993.6027319542, 5219593.369693248], [629992.0714685052, 5219594.656251544], [630000.5195282872, 5219604.711143885], [629999.3713276744, 5219605.655816634], [630002.6871615789, 5219609.7548937155], [630000.2703648207, 5219611.843780599], [630004.4384813705, 5219616.5137898475], [630002.2516564603, 5219618.3763617175], [630000.1118129957, 5219615.609654677], [629997.7289941389, 5219617.577224131]]]]}}, {"type": "Feature", "properties": {"vineyard_id": "V22", "row_count": 6, "total_row_length_m": 243.05, "disrupted_rows": 3, "gap_count": 6, "canopy_count": 115, "canopy_area_m2": 74.95, "interrow_count": 5, "interrow_area_m2": 333.8, "block_area_m2": 582.68}, "geometry": {"type": "Polygon", "coordinates": [[[629929.7631657225, 5219575.645434612], [629931.8446258369, 5219573.963732902], [629933.0105772848, 5219575.416745721], [629935.0077800329, 5219573.807454964], [629952.9874880096, 5219596.416014147], [629954.9863005131, 5219594.811054306], [629957.2015033852, 5219597.573353964], [629958.7617621935, 5219596.322117596], [629957.6638933674, 5219594.953104075], [629959.8035700244, 5219593.219518501], [629958.5831676227, 5219591.720722403], [629960.7237034674, 5219589.980804804], [629927.8665106432, 5219549.987850692], [629925.9025444809, 5219551.585115996], [629924.4012154479, 5219549.74130932], [629922.8503204983, 5219551.004133479], [629926.765825993, 5219555.812829651], [629924.6269313549, 5219557.540862601], [629920.7678713886, 5219552.688292929], [629919.2025217771, 5219553.933154606], [629928.2861431747, 5219565.355341898], [629925.7049946745, 5219567.440675872], [629919.6743419921, 5219559.976998347], [629918.1186937593, 5219561.233962378], [629929.7631657225, 5219575.645434612]]]}}, {"type": "Feature", "properties": {"vineyard_id": "V23", "row_count": 7, "total_row_length_m": 296.21, "disrupted_rows": 6, "gap_count": 12, "canopy_count": 146, "canopy_area_m2": 79.44, "interrow_count": 6, "interrow_area_m2": 410.66, "block_area_m2": 696.28}, "geometry": {"type": "Polygon", "coordinates": [[[630071.3625046376, 5219545.43729166], [630069.124393495, 5219547.17633424], [630067.9398715973, 5219545.640720559], [630066.3562600214, 5219546.862266455], [630071.7504191046, 5219553.855251975], [630069.8538912748, 5219555.3249840895], [630095.4650546958, 5219588.496119156], [630097.0481112533, 5219587.273854072], [630094.8444940507, 5219584.419767256], [630096.7275614351, 5219582.961069313], [630093.6109520169, 5219578.9206982], [630095.6398466772, 5219577.337606872], [630093.0792651788, 5219574.077472648], [630095.451299553, 5219572.234369909], [630100.0110033636, 5219578.113854167], [630102.1059764898, 5219576.487205738], [630105.262869673, 5219580.535669855], [630106.8400459703, 5219579.305826399], [630103.1592335767, 5219574.585477616], [630105.0155104388, 5219573.144014821], [630077.9393702535, 5219538.247035729], [630075.998611223, 5219539.754142309], [630075.4318774677, 5219539.027351398], [630073.8547011703, 5219540.257194854], [630081.1745921414, 5219549.644372125], [630078.6858375734, 5219551.57816803], [630071.8018678174, 5219542.7479505995], [630070.2245514166, 5219543.977614363], [630071.3625046376, 5219545.43729166]]]}}, {"type": "Feature", "properties": {"vineyard_id": "V24", "row_count": 26, "total_row_length_m": 1066.97, "disrupted_rows": 20, "gap_count": 34, "canopy_count": 463, "canopy_area_m2": 294.65, "interrow_count": 26, "interrow_area_m2": 1982.96, "block_area_m2": 2931.32}, "geometry": {"type": "MultiPolygon", "coordinates": [[[[630097.174628305, 5219517.7831529705], [630091.6760474991, 5219521.946029815], [630095.9278560058, 5219527.3593803225], [630092.7157137474, 5219529.848057426], [630093.4706791188, 5219530.8446005015], [630090.8124717178, 5219532.959536424], [630094.9491499861, 5219537.925761929], [630093.1355656344, 5219539.341163838], [630088.5814440636, 5219533.156819438], [630086.9709887524, 5219534.342751008], [630089.9757244645, 5219538.423081362], [630086.6320849534, 5219541.093163204], [630092.778990672, 5219548.238001346], [630095.5603183764, 5219546.006772651], [630109.1933559364, 5219564.519980564], [630111.5488853296, 5219562.717090335], [630112.5706819815, 5219564.035695155], [630114.3871261617, 5219562.622438091], [630116.5141840602, 5219565.462669911], [630118.1150266678, 5219564.26379421], [630115.0746188397, 5219560.203978507], [630117.0612291034, 5219558.671761093], [630113.7785367399, 5219554.338655936], [630119.6824824963, 5219549.764185082], [630128.8886823957, 5219561.518437237], [630135.9635130559, 5219555.834970508], [630155.2189952461, 5219580.310897918], [630156.7908704837, 5219579.074286323], [630136.6401037185, 5219553.460349485], [630140.0394521944, 5219550.807346708], [630142.4277816134, 5219553.630875984], [630143.9547703658, 5219552.339247033], [630140.2439208983, 5219547.952208952], [630142.2360916262, 5219546.383572647], [630141.1911771764, 5219545.074443368], [630144.2995117529, 5219542.648560784], [630157.7374003945, 5219559.517932943], [630159.3017405862, 5219558.271803028], [630148.1796236197, 5219544.309555289], [630152.7735061387, 5219540.724285003], [630162.7286445274, 5219552.979989401], [630164.2810350232, 5219551.719004172], [630148.4193477299, 5219532.191786856], [630144.9474348939, 5219534.926137401], [630139.653663539, 5219528.266422806], [630119.6049475991, 5219498.6632766165], [630113.1211617873, 5219503.508543859], [630113.3221518507, 5219503.76085851], [630110.1757149724, 5219506.216477825], [630110.0155993261, 5219506.015875679], [630108.4524712196, 5219507.263525679], [630111.320803863, 5219510.857138771], [630107.9353882618, 5219513.499267712], [630105.4557724152, 5219510.44037827], [630103.9021205945, 5219511.699809101], [630104.27082074, 5219512.154642855], [630102.6906551387, 5219513.389294983], [630105.872780371, 5219517.4572182745], [630102.6065548394, 5219520.006325983], [630100.7345369487, 5219517.632004695], [630098.4547266507, 5219519.4175514085], [630097.174628305, 5219517.7831529705]], [[630112.2233222204, 5219549.665699884], [630112.4598219206, 5219549.481124997], [630112.4667247243, 5219549.490727421], [630112.2233222204, 5219549.665699884]]], [[[630144.8311537841, 5219525.916216911], [630147.4225399799, 5219523.8736789925], [630151.3639878416, 5219528.841771269], [630152.9307932877, 5219527.598742431], [630149.7427090091, 5219523.58024531], [630151.5428313488, 5219522.211758356], [630150.4925199831, 5219520.783256625], [630153.1642335323, 5219518.739365966], [630137.7164917921, 5219497.560889693], [630141.6322907533, 5219494.504825982], [630147.0984334751, 5219500.715532502], [630148.5997740697, 5219499.394178493], [630135.508282822, 5219484.519446129], [630134.0069422274, 5219485.840800138], [630135.2467455657, 5219487.249481739], [630131.9298426879, 5219489.860424822], [630133.2765183464, 5219491.524816443], [630131.9488271305, 5219492.532289453], [630124.8866086438, 5219482.471760926], [630123.151411553, 5219483.761759095], [630121.6076352298, 5219481.691985436], [630120.0044605755, 5219482.887740858], [630128.6192511407, 5219494.437773282], [630124.5688417975, 5219497.598892924], [630123.639853986, 5219496.446688836], [630122.0828898896, 5219497.702022579], [630144.8311537841, 5219525.916216911]], [[630147.1430881685, 5219516.227779742], [630147.1377396917, 5219516.220505415], [630147.2836334899, 5219516.118091921], [630147.1430881685, 5219516.227779742]]]]}}, {"type": "Feature", "properties": {"vineyard_id": "V25", "row_count": 4, "total_row_length_m": 237.9, "disrupted_rows": 4, "gap_count": 8, "canopy_count": 161, "canopy_area_m2": 142.1, "interrow_count": 3, "interrow_area_m2": 436.29, "block_area_m2": 687.48}, "geometry": {"type": "Polygon", "coordinates": [[[629979.4506234413, 5219490.287399011], [629974.749656019, 5219494.321561498], [629974.4104790183, 5219493.887178266], [629972.8341047972, 5219495.118049631], [629994.4996988181, 5219522.47582486], [630016.7074139419, 5219549.38924714], [630019.8503565594, 5219546.809041239], [630022.0685536481, 5219549.570024936], [630024.1992570551, 5219547.836344068], [630027.5748902997, 5219552.045930214], [630029.1351868797, 5219550.794740947], [630027.0742330626, 5219548.224626835], [630029.5311815272, 5219546.213814373], [630018.7122535727, 5219532.953500825], [630016.3573600883, 5219534.880670614], [629979.4506234413, 5219490.287399011]]]}}, {"type": "Feature", "properties": {"vineyard_id": "V26", "row_count": 4, "total_row_length_m": 163.73, "disrupted_rows": 2, "gap_count": 2, "canopy_count": 105, "canopy_area_m2": 85.79, "interrow_count": 3, "interrow_area_m2": 266.55, "block_area_m2": 442.31}, "geometry": {"type": "Polygon", "coordinates": [[[630109.5827175478, 5219430.979000935], [630112.3643889768, 5219428.774735408], [630114.2395379684, 5219431.070105335], [630115.7884048828, 5219429.804794589], [630114.9340511189, 5219428.758980126], [630116.8374641387, 5219427.252796452], [630094.2251125675, 5219398.56769343], [630091.8234035668, 5219400.469235891], [630090.244742571, 5219398.5367969265], [630087.9751949024, 5219400.355708184], [630078.8128872579, 5219388.506243224], [630077.2306986763, 5219389.729631671], [630086.5358374562, 5219401.763817838], [630084.0465580445, 5219403.732710035], [630105.3051961291, 5219430.793322329], [630107.8475713088, 5219428.782302805], [630109.5827175478, 5219430.979000935]]]}}, {"type": "Feature", "properties": {"vineyard_id": "V27", "row_count": 12, "total_row_length_m": 479.5, "disrupted_rows": 9, "gap_count": 13, "canopy_count": 212, "canopy_area_m2": 99.1, "interrow_count": 8, "interrow_area_m2": 658.66, "block_area_m2": 1178.18}, "geometry": {"type": "MultiPolygon", "coordinates": [[[[630326.8450718594, 5219422.258437273], [630328.8076405736, 5219423.889171892], [630328.010153717, 5219424.798447914], [630333.5765069304, 5219429.863263471], [630334.6258778783, 5219428.648434059], [630336.701458688, 5219430.366411015], [630337.7961502878, 5219429.102619201], [630339.9753102663, 5219430.904433855], [630344.6660717234, 5219425.4923798945], [630346.8388880301, 5219427.285139645], [630348.7311839088, 5219425.08826329], [630350.9923404477, 5219426.963261736], [630355.1998007923, 5219422.162917426], [630352.8957579912, 5219420.253366996], [630361.1047790741, 5219410.723036924], [630358.9843061969, 5219408.972448473], [630362.0566297212, 5219405.427697616], [630359.8695370144, 5219403.619491835], [630373.8976959398, 5219387.424362151], [630372.3859657897, 5219386.114907321], [630368.270961801, 5219390.865568017], [630365.6396419839, 5219388.745604212], [630370.3782643877, 5219383.285528164], [630366.2129546731, 5219380.125134863], [630366.4687133763, 5219379.831632595], [630365.742496932, 5219379.198805541], [630367.215735334, 5219378.307867799], [630344.8919553708, 5219341.393672369], [630343.1805646659, 5219342.428632202], [630365.0548967384, 5219378.599628796], [630349.8758283933, 5219395.828919127], [630347.7920493319, 5219394.10001906], [630326.6868484343, 5219418.300375287], [630328.7805815189, 5219420.037294967], [630326.8450718594, 5219422.258437273]]], [[[630366.1166787987, 5219448.134483163], [630345.7131492397, 5219430.866665746], [630344.4211212014, 5219432.393316836], [630364.8246507604, 5219449.661134253], [630366.1166787987, 5219448.134483163]]], [[[630373.772740055, 5219449.150875633], [630349.6966919904, 5219430.254050768], [630348.461859945, 5219431.827324367], [630372.5379080096, 5219450.724149232], [630373.772740055, 5219449.150875633]]]]}}, {"type": "Feature", "properties": {"vineyard_id": "V28", "row_count": 8, "total_row_length_m": 378.25, "disrupted_rows": 7, "gap_count": 12, "canopy_count": 196, "canopy_area_m2": 114.4, "interrow_count": 6, "interrow_area_m2": 494.76, "block_area_m2": 890.84}, "geometry": {"type": "MultiPolygon", "coordinates": [[[[630136.6528529165, 5219385.660379256], [630135.0435497217, 5219386.897570046], [630168.7166833744, 5219431.036059228], [630170.3067856965, 5219429.82297448], [630147.9702039273, 5219400.544351855], [630150.495436461, 5219398.588527577], [630175.8908091638, 5219430.801940498], [630177.4614343586, 5219429.563741605], [630172.5580950935, 5219423.343974945], [630174.421774605, 5219421.891617454], [630173.8859712909, 5219421.209803807], [630175.9221863408, 5219419.6327297045], [630176.6362156016, 5219420.562637743], [630178.2225220187, 5219419.344593428], [630159.0609675819, 5219394.389756879], [630161.8254850488, 5219392.223372374], [630152.458386139, 5219380.615107889], [630149.97837253, 5219382.5611405885], [630137.716345967, 5219366.591827157], [630135.6419642481, 5219368.193176869], [630135.0635828628, 5219367.444149734], [630131.307894203, 5219370.265723218], [630131.69720105, 5219370.761119037], [630129.753264789, 5219372.277587046], [630134.632358539, 5219378.466598859], [630132.5493395244, 5219380.044552406], [630136.6528529165, 5219385.660379256]]], [[[630164.1213476335, 5219388.452116203], [630159.3763168899, 5219382.464726516], [630157.8088642391, 5219383.706939134], [630162.5538949828, 5219389.69432882], [630164.1213476335, 5219388.452116203]]]]}}, {"type": "Feature", "properties": {"vineyard_id": "V29", "row_count": 39, "total_row_length_m": 1550.04, "disrupted_rows": 28, "gap_count": 40, "canopy_count": 826, "canopy_area_m2": 436.24, "interrow_count": 38, "interrow_area_m2": 2495.44, "block_area_m2": 3778.86}, "geometry": {"type": "MultiPolygon", "coordinates": [[[[630261.0791142584, 5219377.042788352], [630261.4220277813, 5219377.533405835], [630259.1429108566, 5219379.075954257], [630272.9438190726, 5219398.432052724], [630270.918203387, 5219399.766643297], [630279.6578261801, 5219412.969915952], [630278.1560537933, 5219413.9384947065], [630288.7913897771, 5219430.666074833], [630290.4791462068, 5219429.593005294], [630290.0797933975, 5219428.964891041], [630291.8649403555, 5219427.788218066], [630290.0578073252, 5219425.058115099], [630293.1978126339, 5219422.996050305], [630293.4177576496, 5219423.310732761], [630295.6869442391, 5219421.785923386], [630299.3808877404, 5219426.796367871], [630301.6153054622, 5219425.26418156], [630305.7677019534, 5219430.90278005], [630307.3781355005, 5219429.716818925], [630306.4231322438, 5219428.4200063655], [630308.5713387117, 5219426.944635104], [630307.5940159846, 5219425.618536422], [630310.648805363, 5219423.612433562], [630311.113279773, 5219424.260674416], [630312.7390306316, 5219423.095799253], [630311.4252427671, 5219421.262219299], [630318.6732553487, 5219416.629881145], [630318.1604789679, 5219415.889880301], [630321.0814261368, 5219413.967158153], [630319.8053771678, 5219412.039946248], [630321.9123501738, 5219410.649186742], [630321.12194498, 5219409.461015817], [630323.2089857388, 5219408.086292371], [630320.3206240141, 5219403.721108703], [630322.1363909611, 5219402.533859543], [630321.7078772942, 5219401.8751444835], [630324.0451668149, 5219400.340229106], [630322.6313359053, 5219401.957891552], [630324.1031563794, 5219403.312049774], [630325.1967074467, 5219402.123480504], [630325.4236176547, 5219402.47486884], [630324.0043095871, 5219404.063633576], [630325.4958266054, 5219405.396066308], [630326.548826987, 5219404.217344146], [630326.7133066743, 5219404.472053901], [630328.3934466424, 5219403.387097825], [630327.9306946741, 5219402.670489942], [630330.0093133117, 5219400.343697002], [630332.5787906115, 5219398.656302187], [630332.9746886466, 5219399.2882972695], [630334.6695982392, 5219398.226562146], [630334.2509203142, 5219397.558202199], [630336.2032690533, 5219396.305259282], [630335.9572472994, 5219395.909941528], [630338.0854132959, 5219394.541409071], [630336.8975082138, 5219392.633093922], [630338.6418393612, 5219391.190057842], [630338.4548677887, 5219390.889795176], [630339.9528431726, 5219389.212970729], [630338.4613261543, 5219387.880537997], [630337.3533358746, 5219389.120815513], [630338.7462640947, 5219387.396608449], [630337.2744436206, 5219386.042450226], [630336.1783161348, 5219387.233819778], [630334.9332005025, 5219385.234255169], [630337.1435114573, 5219383.782727557], [630337.9069196376, 5219385.015689618], [630340.445134761, 5219383.3807433825], [630342.020186747, 5219385.892717343], [630343.7146450302, 5219384.830262108], [630317.7131405631, 5219343.361724733], [630315.3953837714, 5219344.858658774], [630310.5050331829, 5219336.960371991], [630306.670094084, 5219339.845774063], [630304.8921231403, 5219336.990482808], [630303.1943688319, 5219338.047663166], [630305.0228493178, 5219340.98406905], [630303.141658434, 5219342.190411118], [630305.2522380888, 5219345.58096074], [630302.7290285607, 5219347.237971167], [630301.3253058599, 5219344.997126894], [630299.6303962673, 5219346.0588620175], [630306.4791810126, 5219356.991975848], [630302.8303899968, 5219359.388163991], [630302.4078297662, 5219358.730507719], [630300.7252182225, 5219359.811626767], [630302.2832349271, 5219362.236463237], [630300.2821786262, 5219363.541369607], [630301.1280717235, 5219364.851301716], [630298.6720160934, 5219366.464211679], [630293.3352845514, 5219358.260540005], [630291.1753392414, 5219359.67381365], [630290.5760219166, 5219358.768064839], [630288.9080937166, 5219359.871702244], [630301.3387745937, 5219378.658201417], [630298.804535547, 5219380.32245501], [630281.7712136602, 5219354.5970937405], [630280.1036233362, 5219355.701241607], [630293.1473190095, 5219375.401085579], [630291.776235365, 5219376.237613165], [630293.8481900796, 5219379.792914111], [630295.4407299139, 5219378.864815346], [630296.5867575551, 5219380.595656535], [630292.9472679477, 5219383.0155179165], [630295.7733858626, 5219387.093961697], [630293.2687403993, 5219388.773221825], [630294.5131490116, 5219390.554198348], [630291.9107245011, 5219392.315037848], [630293.6262401645, 5219394.695833284], [630289.8997769715, 5219397.143029325], [630278.5172227345, 5219379.912972216], [630276.1592842467, 5219381.458783259], [630274.9047060118, 5219379.6398792025], [630273.2583488233, 5219380.775444264], [630279.2840306333, 5219389.511557149], [630276.5251977204, 5219391.323303201], [630265.8871216924, 5219375.582358096], [630263.5711974927, 5219377.1171636935], [630262.7183919222, 5219375.897027145], [630261.0791142584, 5219377.042788352]], [[630303.8257614357, 5219392.3391109025], [630303.829727275, 5219392.344854074], [630303.5789655544, 5219392.509531157], [630303.8257614357, 5219392.3391109025]], [[630298.2697461277, 5219384.820929369], [630298.0229502276, 5219384.991349637], [630298.018984388, 5219384.985606465], [630298.2697461277, 5219384.820929369]], [[630328.8639299411, 5219392.726053816], [630327.6647119181, 5219393.513589194], [630327.664711918, 5219393.513589194], [630328.8639299411, 5219392.726053816]], [[630326.5956182529, 5219400.603018913], [630327.8571325958, 5219399.750807156], [630326.8054853416, 5219400.928014636], [630326.5956182529, 5219400.603018913]]], [[[630256.3289762568, 5219411.749181851], [630254.2460968544, 5219413.156541358], [630259.0104397724, 5219419.913907453], [630261.2050749653, 5219418.43315709], [630270.4601717227, 5219431.119700423], [630272.0759143758, 5219429.940982613], [630264.4460125918, 5219419.482196265], [630265.531990005, 5219418.69210349], [630237.9426759832, 5219380.770769669], [630236.3254099948, 5219381.947396509], [630255.5279114818, 5219408.341110704], [630254.428059446, 5219409.143475598], [630256.3289762568, 5219411.749181851]]], [[[630272.1972953865, 5219424.475222285], [630274.7526201617, 5219422.7616634825], [630279.1279161349, 5219429.165827781], [630280.7793114705, 5219428.037601985], [630279.3975427067, 5219426.015093282], [630281.2075748736, 5219424.793811606], [630274.7242305416, 5219415.484803851], [630270.4951313991, 5219418.55589902], [630266.0925002921, 5219412.266329663], [630264.454028197, 5219413.41324256], [630272.1972953865, 5219424.475222285]]], [[[630258.5513014914, 5219426.523555698], [630260.3658414063, 5219425.285676319], [630263.7357566821, 5219430.334567646], [630265.3992506234, 5219429.224257821], [630259.3792433179, 5219420.204932354], [630257.4228142961, 5219421.498674318], [630255.9272985086, 5219419.402744301], [630254.2992523657, 5219420.564409381], [630258.5513014914, 5219426.523555698]]]]}}, {"type": "Feature", "properties": {"vineyard_id": "V31", "row_count": 29, "total_row_length_m": 1591.85, "disrupted_rows": 26, "gap_count": 68, "canopy_count": 593, "canopy_area_m2": 274.41, "interrow_count": 27, "interrow_area_m2": 2708.26, "block_area_m2": 4109.44}, "geometry": {"type": "Polygon", "coordinates": [[[630215.4526205604, 5219300.77015371], [630217.6352556939, 5219299.456383103], [630214.6920323726, 5219294.095410691], [630212.9388675936, 5219295.057914331], [630213.5737729263, 5219296.214370909], [630208.8845883182, 5219299.473452423], [630209.3587087928, 5219300.218955013], [630206.1809560923, 5219302.2445537755], [630205.9187853463, 5219301.831245848], [630204.2299031793, 5219302.902542737], [630206.9491018504, 5219307.189315327], [630198.6926138718, 5219312.593198027], [630198.0136809904, 5219311.524164123], [630196.32538486, 5219312.596384332], [630197.0190197299, 5219313.688567688], [630180.4608199135, 5219324.525932165], [630181.5560866173, 5219326.199369002], [630195.9312837675, 5219316.790782763], [630196.0409738406, 5219316.965210023], [630190.8195013766, 5219320.433577503], [630191.9261139125, 5219322.099533292], [630194.7071445971, 5219320.252231319], [630200.3744171925, 5219329.028488166], [630198.3606100349, 5219330.302532639], [630209.9212955473, 5219348.76764996], [630207.4057488072, 5219350.371137974], [630192.5779006184, 5219327.126331868], [630190.8917515633, 5219328.2019253615], [630194.8177456036, 5219334.356491356], [630191.0376815305, 5219336.781376623], [630211.0197720344, 5219367.251501806], [630214.4122284567, 5219365.073689757], [630220.1324460799, 5219374.040961868], [630221.818595135, 5219372.965368374], [630218.6679871943, 5219368.026332732], [630221.0344141619, 5219366.5178983165], [630229.136163707, 5219379.458286297], [630230.8313351261, 5219378.396969257], [630225.8821847525, 5219370.492019141], [630228.6087930483, 5219368.753993903], [630231.8154594204, 5219373.853179411], [630234.4533003867, 5219372.178994238], [630239.4615866083, 5219379.038045711], [630241.0768283997, 5219377.858641642], [630233.7299905752, 5219367.796848731], [630236.7538922862, 5219365.8693193905], [630242.847330252, 5219375.895995927], [630246.4639116613, 5219373.616062065], [630248.5280859568, 5219376.583197802], [630250.1698756425, 5219375.441039044], [630245.5540420035, 5219368.806034927], [630248.3306816333, 5219367.036118156], [630256.2506463119, 5219379.535196144], [630257.9400472488, 5219378.464717524], [630250.1659633104, 5219366.195864648], [630252.6729873494, 5219364.599038644], [630252.3027249263, 5219364.0168414805], [630257.0349065938, 5219360.735233921], [630253.7844997381, 5219355.672814311], [630256.4534650075, 5219353.9715325385], [630258.1339613905, 5219356.582224846], [630260.2284282659, 5219355.241877144], [630261.445732216, 5219357.135145309], [630263.60062006, 5219355.756898399], [630271.0697673707, 5219367.318008678], [630272.7496741306, 5219366.232691545], [630263.189870791, 5219351.43556196], [630265.9136311025, 5219349.699352116], [630267.3824071256, 5219352.001733927], [630269.6625051774, 5219350.547901308], [630270.2391360955, 5219351.451881436], [630271.9252999296, 5219350.376311111], [630268.4189619097, 5219344.879450311], [630270.650420219, 5219343.456105981], [630269.5690334663, 5219341.76260299], [630272.9429538562, 5219339.488000908], [630266.5377568936, 5219327.616981614], [630264.6216928944, 5219328.752212753], [630233.1423651845, 5219279.356503933], [630231.4473796502, 5219280.418117817], [630232.7828149865, 5219282.550289985], [630230.3690912866, 5219284.089815964], [630230.7772637029, 5219284.729033345], [630227.9774498926, 5219286.513722062], [630227.3887284602, 5219285.590870997], [630225.7026086309, 5219286.666510304], [630227.7510920695, 5219289.877613246], [630224.6832564899, 5219291.833147406], [630223.2973991878, 5219289.688049923], [630221.6174924279, 5219290.773367056], [630224.2976964008, 5219294.921917407], [630221.8331362655, 5219296.492904967], [630221.6276009856, 5219296.173600873], [630219.9458872573, 5219297.256115971], [630243.6862003965, 5219334.137274133], [630241.0402003136, 5219335.823917179], [630237.0496823454, 5219329.6087947935], [630234.8426453923, 5219331.019529016], [630216.9174273352, 5219303.05532303], [630220.898438611, 5219300.449745693], [630219.8031719072, 5219298.776308856], [630215.8380700166, 5219301.371473478], [630215.4526205604, 5219300.77015371]], [[630214.8609523214, 5219343.13545809], [630217.8402394457, 5219341.236367482], [630219.6168155308, 5219344.061967249], [630216.6409939226, 5219345.966049516], [630214.8609523214, 5219343.13545809]], [[630205.8844560211, 5219318.463541816], [630203.4155984661, 5219320.029913498], [630200.9311406252, 5219316.117936719], [630207.9367986233, 5219311.464422497], [630206.8301860874, 5219309.798466708], [630199.7649348708, 5219314.28165286], [630208.0205076371, 5219308.878369168], [630225.5886524383, 5219336.574264432], [630223.2025015794, 5219338.080985695], [630225.662436831, 5219342.044673315], [630222.127614884, 5219344.297879162], [630205.8844560211, 5219318.463541816]]]}}, {"type": "Feature", "properties": {"vineyard_id": "V32", "row_count": 5, "total_row_length_m": 275.24, "disrupted_rows": 4, "gap_count": 7, "canopy_count": 143, "canopy_area_m2": 78.66, "interrow_count": 4, "interrow_area_m2": 474.61, "block_area_m2": 769.44}, "geometry": {"type": "Polygon", "coordinates": [[[630269.434310304, 5219263.966306624], [630266.0220341596, 5219266.173349819], [630260.4863856001, 5219257.504738217], [630258.8007609999, 5219258.581153428], [630283.9368908798, 5219297.943360903], [630281.6949802338, 5219299.341626233], [630299.7120520988, 5219330.048351609], [630301.4370416013, 5219329.036219594], [630297.3627515706, 5219322.09235513], [630300.4573412052, 5219320.097709172], [630298.5483910511, 5219317.108367043], [630306.9790399298, 5219311.865980065], [630287.8239195278, 5219283.139255096], [630285.7810644021, 5219284.4772117585], [630265.5529326322, 5219254.690972489], [630263.8983951898, 5219255.814585346], [630269.434310304, 5219263.966306624]]]}}, {"type": "Feature", "properties": {"vineyard_id": "V33", "row_count": 17, "total_row_length_m": 473.72, "disrupted_rows": 9, "gap_count": 16, "canopy_count": 351, "canopy_area_m2": 236.52, "interrow_count": 17, "interrow_area_m2": 734.78, "block_area_m2": 1206.05}, "geometry": {"type": "MultiPolygon", "coordinates": [[[[630239.8233938266, 5219235.889551735], [630238.5921492511, 5219234.313468996], [630231.0441819454, 5219240.209982917], [630229.2130051297, 5219237.8480552565], [630228.8664419228, 5219238.124626101], [630226.6571211743, 5219235.232986093], [630232.145873817, 5219230.570215855], [630230.8510074095, 5219229.045971457], [630224.6898470947, 5219234.279961185], [630223.0295740836, 5219232.148290926], [630220.4471770541, 5219234.226068467], [630222.1611966513, 5219236.428084227], [630220.0171659057, 5219238.249467591], [630221.6834644579, 5219240.3451181175], [630220.5272633749, 5219241.244656973], [630222.2119348298, 5219243.4351801565], [630220.3075826077, 5219244.954926889], [630222.0670354327, 5219247.2229795605], [630180.4527255832, 5219279.60559274], [630182.5518837776, 5219282.344267645], [630175.0057414906, 5219286.757172042], [630176.0153586267, 5219288.48363468], [630178.3990188985, 5219287.089695301], [630180.1308223907, 5219289.331115273], [630182.082275978, 5219287.792229072], [630184.1359935058, 5219290.480209879], [630180.0111578587, 5219293.611247658], [630181.2203847847, 5219295.204285712], [630196.2529846389, 5219283.793494572], [630200.0866320061, 5219281.521089268], [630203.6061335406, 5219286.12754193], [630200.2109802837, 5219288.759787239], [630201.4364148936, 5219290.3403915595], [630227.9975606934, 5219269.7476683045], [630226.7721260835, 5219268.167063984], [630225.2071827016, 5219269.380356747], [630222.8485821682, 5219266.293333883], [630227.6589581822, 5219262.631337502], [630226.0412083601, 5219260.511085662], [630229.1600431233, 5219258.091791726], [630227.4977579237, 5219255.928197741], [630230.289259035, 5219253.751877018], [630229.0595643889, 5219252.174584693], [630223.4248964876, 5219256.567505931], [630221.2913042508, 5219253.774982176], [630239.206566795, 5219239.737601123], [630237.5863714967, 5219237.637125986], [630239.8233938266, 5219235.889551735]], [[630210.5020777105, 5219280.781150967], [630207.644549008, 5219277.04111262], [630214.3359064318, 5219272.773781077], [630216.7517910874, 5219275.9357795], [630210.5020777105, 5219280.781150967]], [[630203.4809101869, 5219276.745619163], [630203.6647810409, 5219276.982656425], [630203.6630446137, 5219276.984003379], [630203.4809101869, 5219276.745619163]], [[630190.6056671576, 5219276.929187699], [630190.4235327237, 5219276.690803474], [630190.6085482381, 5219276.926930249], [630190.6056671576, 5219276.929187699]]], [[[630176.7339546774, 5219275.52190433], [630170.8666877568, 5219280.050076112], [630172.7224740785, 5219282.470986642], [630171.3249883435, 5219283.595718383], [630172.5789571865, 5219285.15378197], [630181.8803094218, 5219277.667819266], [630180.6263405788, 5219276.109755679], [630178.4979796287, 5219277.822714213], [630176.7339546774, 5219275.52190433]]], [[[630218.6632243482, 5219239.007864863], [630214.1499679778, 5219242.786605725], [630215.4338813708, 5219244.320087515], [630219.9471377413, 5219240.541346652], [630218.6632243482, 5219239.007864863]]]]}}, {"type": "Feature", "properties": {"vineyard_id": "V34", "row_count": 22, "total_row_length_m": 604.81, "disrupted_rows": 15, "gap_count": 28, "canopy_count": 184, "canopy_area_m2": 131.58, "interrow_count": 14, "interrow_area_m2": 829.24, "block_area_m2": 1373.3}, "geometry": {"type": "MultiPolygon", "coordinates": [[[[629457.9834490084, 5220549.921974935], [629465.5273525084, 5220552.310396978], [629464.9599992998, 5220554.3400681075], [629467.349145892, 5220555.055439661], [629466.9200747898, 5220556.569644754], [629468.8443128013, 5220557.114904393], [629469.2144697084, 5220555.808609304], [629470.1264673515, 5220556.2500238065], [629470.9977896459, 5220554.449802304], [629469.76815203, 5220553.854647392], [629469.953298088, 5220553.201261269], [629471.776468247, 5220553.799369732], [629472.2672914282, 5220552.364829217], [629473.7116032225, 5220552.745272085], [629473.80406621, 5220552.394245966], [629476.5872926526, 5220553.265012086], [629476.1369072297, 5220554.674949142], [629478.0420668775, 5220555.283526759], [629478.5688863146, 5220553.6343120895], [629482.4753551317, 5220554.8573391], [629485.077810651, 5220546.562486604], [629487.1652011499, 5220547.213662875], [629483.917886543, 5220556.696081741], [629485.8100109665, 5220557.344051775], [629486.9898717281, 5220553.898763806], [629493.7279891442, 5220555.484625383], [629494.315235997, 5220553.568345183], [629496.2719390386, 5220554.1570604015], [629500.9817954026, 5220537.8284821035], [629501.792640116, 5220538.117129417], [629502.4633751776, 5220536.23295467], [629501.5371217784, 5220535.903223772], [629502.1253337165, 5220535.8978634905], [629502.734026302, 5220533.9927405715], [629502.1426835052, 5220533.803804743], [629504.3378523511, 5220526.193384466], [629502.8406861012, 5220525.748440901], [629504.0597557729, 5220521.770422009], [629502.1475320378, 5220521.184418266], [629498.6247511186, 5220532.679814612], [629496.1935933975, 5220531.903052302], [629498.7504952955, 5220525.801720043], [629499.9444358723, 5220520.097015465], [629500.7459136437, 5220520.321247014], [629501.284767408, 5220518.395205316], [629500.3535185711, 5220518.134667373], [629501.0163997427, 5220516.216600749], [629500.767994918, 5220516.146446237], [629501.8793632615, 5220510.815271016], [629499.9214542698, 5220510.407113718], [629499.5862592966, 5220512.015026293], [629496.2448382053, 5220510.969622212], [629496.7379620718, 5220509.397879792], [629491.1188988242, 5220507.773641851], [629489.922706864, 5220511.518335362], [629486.5986082235, 5220510.478350819], [629487.7403565693, 5220507.141335937], [629485.8480525656, 5220506.493890529], [629484.1511351134, 5220511.453511282], [629480.1890390848, 5220510.334535786], [629481.7220171931, 5220505.627503019], [629479.8203285477, 5220505.008164423], [629478.0469132746, 5220510.453463187], [629474.4111605497, 5220509.31199925], [629469.9112837054, 5220523.505774163], [629466.428633055, 5220522.393056653], [629465.8199404695, 5220524.298179572], [629469.3068662721, 5220525.412263006], [629467.7150097887, 5220530.433389894], [629465.0709335022, 5220529.57270025], [629457.9834490084, 5220549.921974935]], [[629498.038705971, 5220534.592173456], [629493.2712546362, 5220550.149128008], [629490.5671548144, 5220549.30311761], [629492.8463951637, 5220539.874634578], [629495.4162715365, 5220533.754297653], [629498.038705971, 5220534.592173456]], [[629483.480354459, 5220513.414017758], [629482.6327504696, 5220513.176881355], [629482.0938967053, 5220515.102923053], [629482.8318608913, 5220515.309385239], [629479.0305990027, 5220526.419423225], [629475.4161397582, 5220525.264592468], [629479.5692147134, 5220512.237716014], [629483.480354459, 5220513.414017758]], [[629474.8434946517, 5220527.181232667], [629478.3830187263, 5220528.312121408], [629472.0266709855, 5220546.889969218], [629469.353012712, 5220546.053482827], [629474.8434946517, 5220527.181232667]]], [[[629496.3875020496, 5220554.313670679], [629498.2720811386, 5220554.983268811], [629499.2968979505, 5220552.09892932], [629497.4123188615, 5220551.429331188], [629496.3875020496, 5220554.313670679]]]]}}, {"type": "Feature", "properties": {"vineyard_id": "V35", "row_count": 69, "total_row_length_m": 3054.8, "disrupted_rows": 53, "gap_count": 90, "canopy_count": 1547, "canopy_area_m2": 673.25, "interrow_count": 67, "interrow_area_m2": 4982.03, "block_area_m2": 7520.96}, "geometry": {"type": "MultiPolygon", "coordinates": [[[[629112.278488286, 5220823.614073141], [629102.0137010007, 5220845.324787749], [629100.2542651923, 5220844.601634963], [629098.3038814269, 5220849.346932368], [629101.6751279735, 5220850.719998828], [629101.9035717029, 5220850.236824996], [629105.938327734, 5220851.93527924], [629104.745059646, 5220854.683462433], [629107.0111619512, 5220855.649542192], [629106.8582454025, 5220856.006710246], [629108.6968251128, 5220856.793872649], [629109.6304894161, 5220854.613107616], [629111.8831810752, 5220855.5636561215], [629122.8615904639, 5220829.635422273], [629121.0198796287, 5220828.855613835], [629111.706624524, 5220850.851173273], [629109.071156539, 5220849.741757549], [629112.0238563281, 5220842.9414751865], [629109.3073405491, 5220841.78579123], [629119.6006704413, 5220817.557254986], [629117.7599047471, 5220816.775218121], [629114.4467749344, 5220824.573694085], [629112.278488286, 5220823.614073141]]], [[[629113.329532964, 5220872.540412227], [629113.8925238483, 5220871.179950851], [629116.1273611074, 5220872.118923935], [629116.6794319191, 5220870.80136364], [629119.6653609797, 5220872.058308013], [629119.1607403537, 5220873.283369815], [629121.5165604792, 5220874.266706142], [629121.2845869069, 5220874.827534811], [629123.1327293683, 5220875.591975418], [629124.9991729901, 5220871.079585999], [629127.8204752796, 5220872.267229766], [629126.417577668, 5220875.609343009], [629128.2616974608, 5220876.383437442], [629128.8838798038, 5220874.901216764], [629131.2543066052, 5220875.8964662915], [629131.600198383, 5220875.069256096], [629133.8481563842, 5220876.017498574], [629139.129257701, 5220863.534829362], [629141.7873080611, 5220864.65375127], [629139.1327329377, 5220871.080752348], [629141.5690339836, 5220872.099006417], [629141.3803830424, 5220872.541679369], [629143.4947597942, 5220873.436529176], [629140.4207951289, 5220880.654450565], [629145.2964606069, 5220882.388420857], [629143.6936452487, 5220886.081682659], [629145.52832092, 5220886.877901963], [629146.8235001733, 5220883.893505763], [629149.6757260431, 5220885.094166992], [629148.8388880003, 5220887.055668652], [629151.4430225455, 5220888.157114601], [629150.7993109197, 5220889.699660338], [629152.6450463791, 5220890.469894467], [629159.3335574163, 5220874.442012138], [629161.9496436343, 5220875.5432689935], [629158.573595968, 5220883.536832516], [629162.9553897285, 5220885.377408584], [629180.7362298346, 5220843.244214336], [629178.8935939155, 5220842.466594334], [629177.6087946389, 5220845.511034145], [629174.6060969931, 5220844.247030939], [629175.3227203208, 5220842.499665231], [629173.0570652006, 5220841.55595324], [629173.5558897563, 5220840.360604793], [629171.710154297, 5220839.590370664], [629168.9179153661, 5220846.281497698], [629166.0782878075, 5220845.086139803], [629169.024826372, 5220838.106835539], [629164.9118596235, 5220836.035468188], [629164.6893480382, 5220836.571000099], [629162.3569639653, 5220835.589613868], [629156.0956042275, 5220850.480820425], [629153.4335197711, 5220849.360200341], [629160.0690710633, 5220833.789755489], [629158.2291805609, 5220833.005661783], [629148.9558714433, 5220854.765654563], [629146.0612298758, 5220853.547138197], [629154.8854473765, 5220832.7173259705], [629152.5791485489, 5220831.744009924], [629152.8007260287, 5220831.220278562], [629150.9587900458, 5220830.441002081], [629150.1892803805, 5220832.25985274], [629147.7594415199, 5220831.239593357], [629147.4918267732, 5220831.879601767], [629145.1815091353, 5220830.908159303], [629144.3677399794, 5220832.846795915], [629141.9640107293, 5220831.832551788], [629134.8306873005, 5220848.67467041], [629131.958481605, 5220847.465598557], [629137.6340694746, 5220833.6870379], [629135.7848107696, 5220832.925301567], [629133.8053424638, 5220837.730834447], [629131.0264629382, 5220836.561048792], [629135.5698212823, 5220825.717967741], [629133.7252056794, 5220824.945055535], [629133.3931588661, 5220825.7375113], [629130.9551623568, 5220824.717812716], [629129.7778511426, 5220827.562772518], [629127.3724486562, 5220826.558851668], [629112.1487236015, 5220863.545141307], [629114.4842312072, 5220864.519639496], [629111.4815191439, 5220871.775660684], [629113.329532964, 5220872.540412227]]], [[[629192.9408599805, 5220855.336257342], [629190.0546508285, 5220854.121290652], [629191.165087839, 5220851.47177869], [629186.8223818584, 5220849.817316894], [629180.9115791842, 5220863.869316035], [629178.0002292789, 5220862.6437661955], [629185.0353216251, 5220845.799320764], [629183.189813095, 5220845.028543062], [629161.0645377222, 5220898.004108321], [629163.3493821082, 5220898.962877007], [629162.141968844, 5220901.842039056], [629164.5186022784, 5220902.841027676], [629163.9905485549, 5220904.096391943], [629166.4986591566, 5220905.151902683], [629166.0979145928, 5220906.108082552], [629170.1156534281, 5220908.160956903], [629181.4055571983, 5220881.296720888], [629184.296955737, 5220882.513872082], [629174.8785260539, 5220905.043044477], [629176.7237691919, 5220905.814457311], [629182.3810310899, 5220892.2821135055], [629185.1619989225, 5220893.452778244], [629176.7597254311, 5220913.290856053], [629178.6013519611, 5220914.070863568], [629179.3063443912, 5220912.406350423], [629182.0890015584, 5220913.577726297], [629181.7162090593, 5220914.464724117], [629183.5599851497, 5220915.239636839], [629183.9572439246, 5220914.29442558], [629186.3336078468, 5220915.292490556], [629188.4701210937, 5220910.187137986], [629191.2205618856, 5220911.3449521875], [629190.0033924034, 5220914.207362882], [629191.843904927, 5220914.989995395], [629193.5320423566, 5220911.0200120015], [629196.2781927412, 5220912.176020131], [629195.1141154054, 5220914.926603693], [629197.4532921972, 5220915.913370737], [629196.2364305333, 5220918.708682893], [629198.0702085857, 5220919.506967338], [629200.2949340949, 5220914.396442087], [629202.8485638985, 5220915.4714075485], [629201.7215397437, 5220918.099685808], [629204.2147307191, 5220919.156424913], [629198.9808658134, 5220931.453017011], [629200.8211064643, 5220932.236288577], [629203.0656842929, 5220926.9628131455], [629206.1315041309, 5220928.253388009], [629205.3003186237, 5220930.230904431], [629207.1440735208, 5220931.005867577], [629209.012242567, 5220926.561209994], [629211.4006673403, 5220927.56531389], [629214.6312214396, 5220919.864847802], [629217.6615843651, 5220921.140496869], [629215.8299290307, 5220925.543342301], [629218.0165248348, 5220926.459241959], [629216.2235324779, 5220930.720265475], [629218.4341107308, 5220931.650667677], [629217.758270531, 5220933.248202397], [629219.6002215303, 5220934.027443383], [629220.9088787972, 5220930.934070985], [629223.8820698595, 5220932.185653221], [629221.3290285685, 5220938.246875853], [629223.4918978757, 5220939.157581631], [629223.1637857141, 5220939.924906168], [629225.002718323, 5220940.711243793], [629225.1561332985, 5220940.352466861], [629228.2428279925, 5220941.651829117], [629227.9926245704, 5220942.239113565], [629229.8326005132, 5220943.023006753], [629230.1739163685, 5220942.221860663], [629233.2530001487, 5220943.518019061], [629232.6319869272, 5220945.030214109], [629236.8045823827, 5220947.092729875], [629235.0923150863, 5220951.197154203], [629239.2323157522, 5220953.041509525], [629240.117838154, 5220950.8915801635], [629242.5240129959, 5220951.897160849], [629242.9157853726, 5220950.948660238], [629245.8210419846, 5220952.171645068], [629245.5328445619, 5220953.006866488], [629247.4234579157, 5220953.659232295], [629248.8385469692, 5220949.558180046], [629246.6446518699, 5220948.706396515], [629248.6715182107, 5220943.378174753], [629246.4187655136, 5220942.467769286], [629248.9658020833, 5220936.301265758], [629246.544216334, 5220935.289197762], [629248.9800184024, 5220929.375397754], [629246.7508565644, 5220928.44540681], [629248.86314858, 5220923.382095284], [629246.7263692102, 5220922.486093949], [629249.0499472123, 5220916.896738492], [629246.7442522884, 5220915.9309821855], [629248.2169125058, 5220912.344988503], [629246.0325852587, 5220911.434997855], [629248.3574695416, 5220905.934781736], [629246.0482778075, 5220904.961116965], [629248.0659024954, 5220900.225292052], [629245.5092829585, 5220899.14439579], [629248.9867265944, 5220890.973913712], [629246.6865435581, 5220890.001355224], [629248.9761695786, 5220884.646825795], [629246.5149941968, 5220883.604665494], [629248.5818145963, 5220878.697788889], [629246.3282095087, 5220877.748887351], [629247.5713662675, 5220874.827104338], [629245.7310217863, 5220874.044076758], [629244.9961357827, 5220875.771274416], [629242.5164179878, 5220874.7254922], [629240.4347839835, 5220879.646008316], [629237.5885744207, 5220878.447879688], [629240.5210426246, 5220871.398952964], [629238.1075028635, 5220870.387519914], [629239.7321855469, 5220866.522971833], [629237.4180523716, 5220865.549329952], [629237.9963906689, 5220864.170781781], [629236.1521152186, 5220863.3970582755], [629235.2184505861, 5220865.622575205], [629232.8713858468, 5220864.635152673], [629232.4890257249, 5220865.544845412], [629227.9311263626, 5220863.43644579], [629227.3513207057, 5220864.798657806], [629225.0041700348, 5220863.803395224], [629218.0107114669, 5220880.112500073], [629215.0760219962, 5220878.877125308], [629222.6421931803, 5220861.37379287], [629218.4595309912, 5220859.764017541], [629217.3195013646, 5220862.457779075], [629214.6582923533, 5220861.337527514], [629215.0066651774, 5220860.518261083], [629213.1661526538, 5220859.73562857], [629212.1352723823, 5220862.159943965], [629209.1029622512, 5220860.88347521], [629210.4042275043, 5220857.77400799], [629208.1158694364, 5220856.812989595], [629208.5409410675, 5220855.801602265], [629206.6971649772, 5220855.026689542], [629204.0641822988, 5220861.291434414], [629201.908496643, 5220860.376940529], [629201.3117298821, 5220861.769234863], [629198.3921685214, 5220860.540228365], [629200.0686298338, 5220856.513414546], [629195.8095122459, 5220854.975484153], [629195.5674648677, 5220855.554468898], [629193.264625311, 5220854.579007854], [629192.9408599805, 5220855.336257342]], [[629183.45940538, 5220910.317078065], [629180.68576126, 5220909.149496286], [629198.5283407082, 5220867.0225077085], [629201.1854022242, 5220868.141013356], [629183.45940538, 5220910.317078065]]]]}}, {"type": "Feature", "properties": {"vineyard_id": "V36", "row_count": 14, "total_row_length_m": 921.34, "disrupted_rows": 14, "gap_count": 47, "canopy_count": 372, "canopy_area_m2": 279.59, "interrow_count": 13, "interrow_area_m2": 1701.53, "block_area_m2": 2549.01}, "geometry": {"type": "Polygon", "coordinates": [[[629032.0783441568, 5220689.933192957], [629029.211578099, 5220688.054291777], [629032.4033805031, 5220683.261322669], [629030.7387174269, 5220682.152766471], [629019.9609290188, 5220698.337229154], [629022.252235632, 5220699.847731072], [629006.4444168012, 5220723.971911691], [629008.1172652729, 5220725.068076821], [629013.9336276794, 5220716.19177461], [629017.3252923244, 5220718.414698482], [629010.3734644504, 5220728.886432811], [629012.7601968688, 5220730.457762743], [629011.9553459624, 5220731.678895588], [629013.6252539833, 5220732.779535039], [629015.983297515, 5220729.201873162], [629019.6356348308, 5220731.595643965], [629018.1015272335, 5220734.011043105], [629019.7897881115, 5220735.08331882], [629035.0926764318, 5220711.260713515], [629037.5694577983, 5220712.89361435], [629038.3761811511, 5220711.684035446], [629041.908492054, 5220713.999139987], [629032.4979713643, 5220728.653781018], [629034.1808671837, 5220729.734457501], [629041.6224801813, 5220718.145920505], [629044.8863908614, 5220720.285113416], [629037.039003029, 5220732.253109401], [629038.7115224199, 5220733.3497765735], [629042.7702219379, 5220727.159882487], [629046.0908391878, 5220729.336241332], [629040.6913505571, 5220737.430943316], [629042.3551645332, 5220738.540773507], [629060.2675808128, 5220711.68718023], [629057.5006215664, 5220709.864016559], [629088.8808774644, 5220661.909967458], [629087.1989453578, 5220660.827791693], [629080.5943607247, 5220671.092725813], [629078.1796202649, 5220669.509843432], [629060.2898462585, 5220696.793411936], [629057.0199986764, 5220694.650327932], [629074.2420468971, 5220668.444238883], [629071.502051273, 5220666.651795143], [629073.6765037184, 5220663.2495219475], [629071.4157250515, 5220661.781516129], [629072.1124294959, 5220660.721517647], [629069.4037926276, 5220658.944700128], [629072.4071406223, 5220654.352286524], [629070.733304242, 5220653.257630519], [629066.0359773545, 5220660.440303968], [629062.5427207198, 5220658.150795903], [629068.2855998894, 5220649.290014596], [629066.6072749126, 5220648.202253007], [629066.4088407344, 5220648.508420316], [629064.2427006973, 5220647.070793829], [629055.2866963794, 5220660.298769852], [629052.9821972578, 5220658.774392864], [629032.0783441568, 5220689.933192957]]]}}, {"type": "Feature", "properties": {"vineyard_id": "V37", "row_count": 7, "total_row_length_m": 347.43, "disrupted_rows": 6, "gap_count": 18, "canopy_count": 89, "canopy_area_m2": 48.43, "interrow_count": 4, "interrow_area_m2": 167.39, "block_area_m2": 695.05}, "geometry": {"type": "MultiPolygon", "coordinates": [[[[629887.1845461201, 5219867.054635192], [629908.0303321293, 5219842.087115986], [629906.0855216751, 5219840.489779748], [629910.9641005814, 5219834.316277272], [629922.21923277, 5219818.897493132], [629934.9371996067, 5219804.634864189], [629933.4444654487, 5219803.30379517], [629920.6326414784, 5219817.67883975], [629909.3599909962, 5219833.121622789], [629875.3845578195, 5219876.106933547], [629873.5931654862, 5219874.713558237], [629863.9833662476, 5219887.639899447], [629865.5876647733, 5219888.882528429], [629855.8015451677, 5219901.21059446], [629854.7147042837, 5219900.307795434], [629846.6394617714, 5219909.908125298], [629847.8898165046, 5219910.9598514205], [629826.1781067909, 5219937.984804507], [629827.7422513715, 5219939.231179945], [629862.6807389617, 5219895.907606926], [629863.9857153492, 5219896.8999873735], [629872.6567320275, 5219885.497634533], [629874.4767660873, 5219886.973816701], [629889.3445660932, 5219868.804752818], [629887.1845461201, 5219867.054635192]]], [[[629842.1809801477, 5219928.589036151], [629840.780103224, 5219929.945618208], [629842.1714198523, 5219931.382363849], [629843.572296776, 5219930.025781793], [629842.1809801477, 5219928.589036151]]], [[[629880.3280812787, 5219883.701451737], [629881.8600956612, 5219884.987115743], [629914.5094598974, 5219846.08169767], [629912.9774455149, 5219844.796033665], [629880.3280812787, 5219883.701451737]]]]}}, {"type": "Feature", "properties": {"vineyard_id": "V38", "row_count": 4, "total_row_length_m": 284.98, "disrupted_rows": 4, "gap_count": 10, "canopy_count": 133, "canopy_area_m2": 59.58, "interrow_count": 3, "interrow_area_m2": 375.71, "block_area_m2": 660.38}, "geometry": {"type": "Polygon", "coordinates": [[[630248.7185642386, 5219273.514407019], [630246.8273517528, 5219274.738202287], [630250.8355547116, 5219280.941625137], [630248.70274022, 5219282.325669835], [630284.7680530294, 5219337.7625264], [630286.4445068429, 5219336.67188319], [630285.2223928745, 5219334.793342523], [630287.1893589956, 5219333.520468827], [630286.4885843066, 5219332.435892581], [630288.9219657176, 5219330.859380334], [630290.6398344298, 5219333.516307294], [630292.319355018, 5219332.43039266], [630252.6518264421, 5219271.0789486375], [630250.448079469, 5219272.505590565], [630247.9390853652, 5219268.636239059], [630246.2609934161, 5219269.724360105], [630248.7185642386, 5219273.514407019]]]}}, {"type": "Feature", "properties": {"vineyard_id": "V39", "row_count": 12, "total_row_length_m": 274.49, "disrupted_rows": 11, "gap_count": 19, "canopy_count": 95, "canopy_area_m2": 59.47, "interrow_count": 8, "interrow_area_m2": 243.91, "block_area_m2": 594.86}, "geometry": {"type": "MultiPolygon", "coordinates": [[[[630043.7186667875, 5219575.0598457735], [630041.5204514439, 5219576.751983628], [630052.816841471, 5219590.9621706195], [630054.3824282379, 5219589.717607211], [630048.0422387674, 5219581.742025834], [630050.0247783228, 5219580.260083599], [630043.3973305918, 5219571.246644868], [630041.7860216772, 5219572.4314164], [630043.7186667875, 5219575.0598457735]]], [[[630039.2484074614, 5219585.251271367], [630042.3018308227, 5219589.272245792], [630039.8637711307, 5219591.115069507], [630038.8825681736, 5219589.855424654], [630037.3994888476, 5219590.994640091], [630031.9491205444, 5219583.924156391], [630030.3651222251, 5219585.145200749], [630059.0037284739, 5219622.296598125], [630060.5877267931, 5219621.075553767], [630060.3157711898, 5219620.722759689], [630061.9502234824, 5219619.469127984], [630054.7618187761, 5219610.240826211], [630056.7952124054, 5219608.722571345], [630056.3971701014, 5219608.179299032], [630058.1579009569, 5219606.845637662], [630056.431253012, 5219604.571859543], [630058.9934263732, 5219602.635223683], [630066.1337332111, 5219611.303833545], [630067.6774668153, 5219610.032265003], [630052.8620186723, 5219592.045735459], [630051.0442625871, 5219593.472062135], [630044.074854184, 5219584.333485112], [630042.1637710273, 5219585.783380721], [630040.8412120831, 5219584.041736979], [630039.2484074614, 5219585.251271367]]], [[[630049.4200745042, 5219619.020558565], [630036.5469679257, 5219597.057559462], [630034.8215118367, 5219598.0688958485], [630047.6946184152, 5219620.031894951], [630049.4200745042, 5219619.020558565]]], [[[630053.6812990366, 5219580.993490654], [630061.834869984, 5219591.466219276], [630063.9936953541, 5219589.816548281], [630065.0535528957, 5219591.030310285], [630066.5600490052, 5219589.714837187], [630059.450230525, 5219581.57258487], [630057.7413040414, 5219582.952677348], [630050.2990888525, 5219573.393638673], [630048.72097723, 5219574.622281709], [630051.6129399379, 5219578.336818667], [630050.1951508606, 5219579.342854382], [630052.0561117269, 5219582.093155637], [630053.6812990366, 5219580.993490654]]]]}}, {"type": "Feature", "properties": {"vineyard_id": "V40", "row_count": 7, "total_row_length_m": 260.85, "disrupted_rows": 4, "gap_count": 5, "canopy_count": 139, "canopy_area_m2": 64.92, "interrow_count": 6, "interrow_area_m2": 382.99, "block_area_m2": 611.94}, "geometry": {"type": "Polygon", "coordinates": [[[630318.2492736788, 5219433.662705927], [630316.8224055091, 5219435.371448906], [630315.1435509741, 5219433.983132479], [630310.5334585146, 5219438.94339387], [630344.3453080017, 5219467.55377138], [630345.6372017214, 5219466.027006626], [630345.3115943886, 5219465.751489349], [630346.941214226, 5219463.8156858105], [630344.866536344, 5219462.07452366], [630346.7903453829, 5219459.7938453285], [630348.6460061027, 5219461.324266044], [630349.9185249305, 5219459.781315679], [630349.1689371134, 5219459.163107452], [630350.5790118675, 5219457.494937675], [630345.980473218, 5219453.598283384], [630347.5440913232, 5219451.75714442], [630342.5788275726, 5219447.499676463], [630344.037469789, 5219445.807880016], [630327.1256795162, 5219430.829159285], [630325.4332102312, 5219432.798158052], [630321.9970184338, 5219429.851793628], [630320.6951664317, 5219431.370076001], [630324.4189973791, 5219434.5630767625], [630322.3356606038, 5219437.03287545], [630318.2492736788, 5219433.662705927]]]}}, {"type": "Feature", "properties": {"vineyard_id": "V41", "row_count": 5, "total_row_length_m": 196.06, "disrupted_rows": 5, "gap_count": 9, "canopy_count": 69, "canopy_area_m2": 34.04, "interrow_count": 4, "interrow_area_m2": 255.98, "block_area_m2": 455.43}, "geometry": {"type": "Polygon", "coordinates": [[[629893.867250813, 5219597.223760169], [629892.0245526083, 5219598.803643388], [629891.2617506804, 5219597.912454733], [629889.3436123849, 5219599.556168618], [629886.6926449052, 5219596.464510598], [629885.174368288, 5219597.766369314], [629888.672416702, 5219601.845924991], [629886.4938833038, 5219603.71420022], [629882.8564831846, 5219599.46250111], [629881.3367496155, 5219600.762658746], [629911.3346236257, 5219635.826696265], [629912.8543571949, 5219634.526538628], [629909.8814502427, 5219631.051555005], [629912.0905664972, 5219629.157052411], [629916.5923928665, 5219634.407251707], [629918.1106694837, 5219633.105392992], [629912.0645626603, 5219626.054195724], [629913.9594655507, 5219624.430408149], [629912.0311239131, 5219622.177508507], [629913.8891668704, 5219620.584465874], [629893.867250813, 5219597.223760169]]]}}, {"type": "Feature", "properties": {"vineyard_id": "V42", "row_count": 6, "total_row_length_m": 170.45, "disrupted_rows": 5, "gap_count": 10, "canopy_count": 53, "canopy_area_m2": 29.92, "interrow_count": 4, "interrow_area_m2": 169.51, "block_area_m2": 389.97}, "geometry": {"type": "MultiPolygon", "coordinates": [[[[629975.1046790767, 5219718.571715416], [629995.7319527694, 5219738.182670105], [629997.1100072737, 5219736.7331992425], [629976.482733581, 5219717.122244554], [629975.1046790767, 5219718.571715416]]], [[[629987.3538952055, 5219738.721530801], [629981.9689486371, 5219746.478168109], [629983.8814391823, 5219747.8618837325], [629980.8662671077, 5219751.815701317], [629983.100893114, 5219753.495294521], [629971.8896461115, 5219768.005343236], [629973.5109081868, 5219769.235529868], [629970.8045200353, 5219772.568952325], [629972.9751123631, 5219774.238755447], [629963.951224597, 5219785.615531931], [629965.5181577854, 5219786.858399738], [629991.5480887193, 5219754.041423974], [629989.6203092326, 5219752.566838008], [629997.6325076447, 5219742.698319295], [629995.3343366311, 5219740.933398816], [629995.8867179073, 5219740.218484656], [629994.3040917903, 5219738.995662275], [629991.5965670897, 5219742.499850105], [629988.676813362, 5219740.323003256], [629988.9967945986, 5219739.862092759], [629987.3538952055, 5219738.721530801]]]]}}, {"type": "Feature", "properties": {"vineyard_id": "V43", "row_count": 5, "total_row_length_m": 160.19, "disrupted_rows": 4, "gap_count": 7, "canopy_count": 168, "canopy_area_m2": 102.54, "interrow_count": 1, "interrow_area_m2": 80.22, "block_area_m2": 343.71}, "geometry": {"type": "MultiPolygon", "coordinates": [[[[630202.2290599623, 5219224.155751984], [630203.1979640084, 5219225.905387645], [630210.8776564297, 5219221.652567917], [630211.2970460586, 5219222.58573531], [630214.1965063015, 5219221.282642677], [630213.6682382475, 5219220.107214176], [630220.1455400378, 5219216.520248015], [630219.1766359917, 5219214.770612354], [630202.2290599623, 5219224.155751984]]], [[[630213.739648046, 5219222.355330075], [630207.4891208183, 5219227.210155665], [630205.7691421537, 5219224.924641206], [630172.8323329176, 5219251.014457909], [630174.0741730601, 5219252.582205676], [630176.6792679109, 5219250.518664952], [630178.1736457949, 5219252.512086261], [630214.9664747582, 5219223.934854123], [630213.739648046, 5219222.355330075]]], [[[630177.7905974935, 5219260.273788708], [630217.2816508648, 5219231.203475121], [630216.0960025066, 5219229.592811292], [630176.6049491353, 5219258.663124879], [630177.7905974935, 5219260.273788708]]]]}}, {"type": "Feature", "properties": {"vineyard_id": "V44", "row_count": 4, "total_row_length_m": 136.56, "disrupted_rows": 4, "gap_count": 10, "canopy_count": 73, "canopy_area_m2": 61.2, "interrow_count": 2, "interrow_area_m2": 129.75, "block_area_m2": 319.34}, "geometry": {"type": "MultiPolygon", "coordinates": [[[[630352.0235468685, 5219328.5720938705], [630353.5488309655, 5219327.278452335], [630344.1449162203, 5219316.190650022], [630342.6196321233, 5219317.484291557], [630352.0235468685, 5219328.5720938705]]], [[[630337.7959270915, 5219364.391542318], [630341.1482026618, 5219362.229105438], [630342.0939645557, 5219363.7258840855], [630343.7847240417, 5219362.657552509], [630326.8511421897, 5219335.858181653], [630324.578210114, 5219337.313212014], [630318.5451443399, 5219327.656091017], [630316.8489397679, 5219328.715756082], [630324.9674525405, 5219341.742579414], [630322.4746555052, 5219343.320415573], [630348.4598320558, 5219384.873647774], [630350.1438030849, 5219383.794647507], [630337.7959270915, 5219364.391542318]]]]}}, {"type": "Feature", "properties": {"vineyard_id": "V45", "row_count": 5, "total_row_length_m": 135.09, "disrupted_rows": 5, "gap_count": 9, "canopy_count": 70, "canopy_area_m2": 41.8, "interrow_count": 3, "interrow_area_m2": 103.31, "block_area_m2": 315.67}, "geometry": {"type": "MultiPolygon", "coordinates": [[[[630164.8150470436, 5219479.331483562], [630149.5272971201, 5219452.160658895], [630147.7842601191, 5219453.141384144], [630163.0720100426, 5219480.312208811], [630164.8150470436, 5219479.331483562]]], [[[630170.4131874904, 5219503.588267842], [630163.9366863805, 5219493.844720396], [630167.7534137571, 5219491.330992966], [630168.2447056234, 5219491.901343846], [630169.7600377629, 5219490.5960590085], [630164.8953957382, 5219484.948595561], [630163.5504430484, 5219485.988029683], [630155.586044224, 5219475.364270407], [630152.8840819732, 5219477.216671759], [630136.1895926229, 5219452.100710792], [630134.5239789686, 5219453.207838225], [630153.0312743402, 5219481.0510683125], [630150.9688011947, 5219482.388699079], [630158.8031462502, 5219494.744513938], [630161.1288879913, 5219493.233492352], [630168.7475738361, 5219504.695395276], [630170.4131874904, 5219503.588267842]]]]}}, {"type": "Feature", "properties": {"vineyard_id": "V46", "row_count": 5, "total_row_length_m": 134.64, "disrupted_rows": 5, "gap_count": 11, "canopy_count": 40, "canopy_area_m2": 28.96, "interrow_count": 3, "interrow_area_m2": 203.73, "block_area_m2": 384.64}, "geometry": {"type": "Polygon", "coordinates": [[[630032.5735295011, 5219610.730521079], [630029.3547284929, 5219613.291454583], [630016.9093440835, 5219597.352015218], [630015.3329450196, 5219598.582854765], [630019.867123487, 5219604.390008676], [630016.296782382, 5219607.282800931], [630020.9466056926, 5219612.810890524], [630017.7393497631, 5219615.360228591], [630025.6208435346, 5219625.547189133], [630029.2168233896, 5219622.686172654], [630049.532678005, 5219647.894801732], [630051.100929921, 5219646.653598312], [630042.2779766786, 5219635.505858055], [630045.0051608623, 5219633.3357625455], [630043.122468771, 5219630.92450264], [630044.5543364122, 5219629.715491636], [630035.0543102223, 5219618.464328461], [630037.2363717044, 5219616.734651554], [630032.5735295011, 5219610.730521079]]]}}, {"type": "Feature", "properties": {"vineyard_id": "V47", "row_count": 5, "total_row_length_m": 132.23, "disrupted_rows": 5, "gap_count": 8, "canopy_count": 57, "canopy_area_m2": 59.26, "interrow_count": 4, "interrow_area_m2": 120.47, "block_area_m2": 289.09}, "geometry": {"type": "Polygon", "coordinates": [[[630281.334140525, 5219250.347528412], [630282.3331209715, 5219251.770601145], [630278.2721401008, 5219255.036416155], [630277.1562272395, 5219253.361493946], [630275.4918047775, 5219254.470411376], [630278.1611859585, 5219258.477001836], [630276.116227721, 5219259.944570591], [630289.5415983562, 5219278.464146747], [630291.1608741748, 5219277.290287376], [630282.9717254753, 5219265.993797535], [630285.3386892698, 5219264.306428885], [630306.0648487246, 5219292.722329888], [630307.6739244157, 5219291.534527118], [630300.2998497967, 5219281.545121036], [630302.077413688, 5219280.281499642], [630289.227003064, 5219262.144089572], [630291.1184797811, 5219260.804604722], [630282.9710738289, 5219249.198420341], [630281.334140525, 5219250.347528412]]]}}, {"type": "Feature", "properties": {"vineyard_id": "V48", "row_count": 4, "total_row_length_m": 112.27, "disrupted_rows": 4, "gap_count": 5, "canopy_count": 43, "canopy_area_m2": 29.16, "interrow_count": 3, "interrow_area_m2": 125.23, "block_area_m2": 280.21}, "geometry": {"type": "Polygon", "coordinates": [[[629462.2764608214, 5220530.743502949], [629461.6081830618, 5220532.6285506515], [629477.4747048783, 5220538.2256853925], [629476.0352005146, 5220543.343176886], [629461.0484773284, 5220539.647914883], [629460.539846626, 5220541.575964395], [629458.3465313101, 5220541.100202097], [629457.9225616038, 5220543.054748001], [629467.6306324466, 5220545.160571116], [629468.0531228953, 5220543.434942951], [629496.5369327157, 5220550.4581686985], [629497.0157309603, 5220548.516326213], [629496.7789592561, 5220548.45794564], [629497.9880264135, 5220544.159666977], [629503.683367926, 5220545.405504117], [629504.1107555236, 5220543.451702734], [629489.8350462344, 5220540.32893849], [629462.2764608214, 5220530.743502949]]]}}, {"type": "Feature", "properties": {"vineyard_id": "V49", "row_count": 4, "total_row_length_m": 110.15, "disrupted_rows": 4, "gap_count": 5, "canopy_count": 31, "canopy_area_m2": 24.99, "interrow_count": 3, "interrow_area_m2": 143.73, "block_area_m2": 287.31}, "geometry": {"type": "Polygon", "coordinates": [[[629949.5748771249, 5219864.837674905], [629947.4589640392, 5219863.041325295], [629944.1731422947, 5219866.79883563], [629941.8851498847, 5219864.85235168], [629932.857055819, 5219875.0735789845], [629935.1970456874, 5219877.063475159], [629926.7923445001, 5219886.674693911], [629928.2978949128, 5219887.991249247], [629933.8932662134, 5219881.592647278], [629938.1271373618, 5219885.127469419], [629936.8207928276, 5219886.9309060685], [629938.4405031315, 5219888.104165858], [629950.4740287315, 5219871.491625655], [629948.1374711382, 5219869.630365191], [629965.1234302099, 5219849.569312803], [629963.597078763, 5219848.276930794], [629949.5748771249, 5219864.837674905]]]}}, {"type": "Feature", "properties": {"vineyard_id": "V50", "row_count": 5, "total_row_length_m": 105.96, "disrupted_rows": 2, "gap_count": 3, "canopy_count": 43, "canopy_area_m2": 30.02, "interrow_count": 3, "interrow_area_m2": 33.65, "block_area_m2": 208.6}, "geometry": {"type": "MultiPolygon", "coordinates": [[[[630138.9792036813, 5219282.755005298], [630140.9232877911, 5219284.667129608], [630138.7128366266, 5219287.031181318], [630137.7986041943, 5219286.129049513], [630132.41044575, 5219291.589481316], [630133.4716157487, 5219292.636605846], [630124.9747780785, 5219301.723874519], [630126.4356541496, 5219303.089832462], [630143.6559160262, 5219284.672963463], [630144.7155928938, 5219285.718281174], [630150.4516315511, 5219280.023476347], [630149.1907778827, 5219278.753493336], [630149.6261404641, 5219278.287878139], [630148.1012153075, 5219276.853949188], [630152.4252953421, 5219272.749552649], [630151.0484100772, 5219271.298971052], [630138.9792036813, 5219282.755005298]]], [[[630134.5629785727, 5219307.545885645], [630160.9349658379, 5219277.9866165435], [630159.4425835194, 5219276.655153058], [630133.0705962542, 5219306.214422159], [630134.5629785727, 5219307.545885645]]]]}}, {"type": "Feature", "properties": {"vineyard_id": "V51", "row_count": 6, "total_row_length_m": 98.12, "disrupted_rows": 4, "gap_count": 4, "canopy_count": 28, "canopy_area_m2": 21.4, "interrow_count": 4, "interrow_area_m2": 117.48, "block_area_m2": 209.35}, "geometry": {"type": "MultiPolygon", "coordinates": [[[[630225.9147837134, 5219407.503031541], [630229.5298871278, 5219412.8143612705], [630226.7357545414, 5219414.86434442], [630223.2422215617, 5219410.240817602], [630221.6465203809, 5219411.446528074], [630227.0739411137, 5219418.629464505], [630224.7681401842, 5219420.303553871], [630228.2023826642, 5219425.126609443], [630229.8242375738, 5219423.954313666], [630233.8136886415, 5219430.148064472], [630235.1345418205, 5219429.29729096], [630235.9196784383, 5219430.336382398], [630238.2878567355, 5219428.581418149], [630240.2675097582, 5219431.094178122], [630241.3849086119, 5219430.231823743], [630241.8048554618, 5219430.848811954], [630243.4582162866, 5219429.723468458], [630227.5681445382, 5219406.377688045], [630225.9147837134, 5219407.503031541]]], [[[630211.6230786506, 5219417.29940474], [630217.8986323959, 5219424.844810813], [630219.4363054644, 5219423.565920069], [630213.160751719, 5219416.0205139965], [630211.6230786506, 5219417.29940474]]]]}}, {"type": "Feature", "properties": {"vineyard_id": "V52", "row_count": 3, "total_row_length_m": 93.17, "disrupted_rows": 3, "gap_count": 4, "canopy_count": 23, "canopy_area_m2": 41.43, "interrow_count": 2, "interrow_area_m2": 106.89, "block_area_m2": 220.69}, "geometry": {"type": "Polygon", "coordinates": [[[630008.975138449, 5219814.215996996], [630006.5007889143, 5219812.324462436], [629986.3767622153, 5219839.365292413], [629987.9812110858, 5219840.559337564], [629993.549128395, 5219833.077678573], [629996.071204453, 5219835.030198564], [629995.4702075176, 5219835.814013559], [629997.0573497381, 5219837.030968601], [630014.3408240266, 5219814.49001118], [630012.4926633612, 5219813.065100237], [630014.7674571439, 5219810.273157783], [630013.2169539162, 5219809.009852696], [630008.975138449, 5219814.215996996]]]}}, {"type": "Feature", "properties": {"vineyard_id": "V53", "row_count": 4, "total_row_length_m": 93.04, "disrupted_rows": 2, "gap_count": 4, "canopy_count": 57, "canopy_area_m2": 30.16, "interrow_count": 3, "interrow_area_m2": 123.3, "block_area_m2": 242.59}, "geometry": {"type": "Polygon", "coordinates": [[[630109.4407498145, 5219385.124296554], [630106.9273959247, 5219387.1691187695], [630106.6402786511, 5219386.802182434], [630105.0651638743, 5219388.034665067], [630106.4864699226, 5219389.851096471], [630104.7427426208, 5219391.234388229], [630129.3621758588, 5219421.843906674], [630131.5357489026, 5219420.123443751], [630133.6922172345, 5219423.132663824], [630135.3178871425, 5219421.9676756915], [630119.2095083427, 5219399.489415234], [630115.9567808438, 5219401.985761953], [630113.2359963137, 5219398.602990975], [630117.8716461146, 5219394.680862012], [630109.4407498145, 5219385.124296554]]]}}, {"type": "Feature", "properties": {"vineyard_id": "V54", "row_count": 3, "total_row_length_m": 80.28, "disrupted_rows": 2, "gap_count": 3, "canopy_count": 20, "canopy_area_m2": 12.78, "interrow_count": 2, "interrow_area_m2": 28.58, "block_area_m2": 169.64}, "geometry": {"type": "Polygon", "coordinates": [[[630129.580945829, 5219394.47502474], [630126.1568745, 5219397.174096314], [630129.149406366, 5219401.008976676], [630132.6414685729, 5219398.256149319], [630142.048186881, 5219409.8776848465], [630143.3045609703, 5219408.869750542], [630160.5217355227, 5219431.1418862995], [630162.1040687345, 5219429.918684924], [630139.3364644774, 5219400.466513701], [630137.901513545, 5219401.57578319], [630119.5779134077, 5219378.937880894], [630118.023345731, 5219380.196181072], [630129.580945829, 5219394.47502474]]]}}, {"type": "Feature", "properties": {"vineyard_id": "V55", "row_count": 3, "total_row_length_m": 71.72, "disrupted_rows": 3, "gap_count": 3, "canopy_count": 34, "canopy_area_m2": 28.22, "interrow_count": 2, "interrow_area_m2": 92.33, "block_area_m2": 176.75}, "geometry": {"type": "Polygon", "coordinates": [[[630120.9368288941, 5219432.090014023], [630119.2103172983, 5219433.099547434], [630122.5822728471, 5219438.866291048], [630119.6999200932, 5219440.483653269], [630119.4670564705, 5219440.062941218], [630117.7172162193, 5219441.0314757265], [630128.7909098697, 5219461.038191749], [630130.5407501209, 5219460.06965724], [630130.3234254018, 5219459.677019149], [630133.1427790626, 5219458.113037445], [630132.3132539393, 5219456.578668061], [630134.5199909887, 5219455.32003949], [630120.9368288941, 5219432.090014023]]]}}, {"type": "Feature", "properties": {"vineyard_id": "V56", "row_count": 4, "total_row_length_m": 69.07, "disrupted_rows": 1, "gap_count": 3, "canopy_count": 56, "canopy_area_m2": 30.36, "interrow_count": 2, "interrow_area_m2": 3.54, "block_area_m2": 127.83}, "geometry": {"type": "Polygon", "coordinates": [[[630047.6215283944, 5219745.215771301], [630048.9712805989, 5219744.304566705], [630063.4788639817, 5219766.544966596], [630066.9828966428, 5219764.232589818], [630064.8444119069, 5219761.13888161], [630063.1992033572, 5219762.2761101825], [630063.3572138833, 5219762.697793321], [630040.9056237784, 5219728.279080778], [630037.7754170834, 5219730.6308904635], [630047.6215283944, 5219745.215771301]]]}}, {"type": "Feature", "properties": {"vineyard_id": "V57", "row_count": 5, "total_row_length_m": 60.62, "disrupted_rows": 4, "gap_count": 4, "canopy_count": 22, "canopy_area_m2": 23.15, "interrow_count": 3, "interrow_area_m2": 53.39, "block_area_m2": 143.89}, "geometry": {"type": "MultiPolygon", "coordinates": [[[[630195.562786086, 5219468.413285206], [630204.3281171985, 5219482.3689910015], [630206.0217634754, 5219481.305241835], [630194.6312828014, 5219463.1699089985], [630190.9118108639, 5219465.526552], [630189.0847972027, 5219462.486980558], [630187.370625669, 5219463.517328049], [630191.751202797, 5219470.805219442], [630195.562786086, 5219468.413285206]]], [[[630175.8387183404, 5219463.095506227], [630179.3745265321, 5219469.039670594], [630175.4840461628, 5219471.557569095], [630182.7268288552, 5219482.026058731], [630184.3715538373, 5219480.888130906], [630181.5737029971, 5219476.844205557], [630182.9755260795, 5219475.823087576], [630182.7985670241, 5219475.580152584], [630184.8410270088, 5219474.317446367], [630177.5576071417, 5219462.073047774], [630175.8387183404, 5219463.095506227]]]]}}, {"type": "Feature", "properties": {"vineyard_id": "V58", "row_count": 3, "total_row_length_m": 44.7, "disrupted_rows": 1, "gap_count": 1, "canopy_count": 29, "canopy_area_m2": 19.63, "interrow_count": 2, "interrow_area_m2": 19.52, "block_area_m2": 94.12}, "geometry": {"type": "Polygon", "coordinates": [[[630024.6282266163, 5219527.6385070365], [630022.8892460803, 5219529.087223825], [630026.7166136587, 5219533.357024092], [630028.2199301465, 5219532.093464551], [630033.6740175734, 5219538.858423729], [630035.2310151275, 5219537.603131485], [630033.6826353817, 5219535.682603823], [630035.6106190669, 5219534.371065234], [630033.1635436246, 5219529.949106948], [630031.4136240312, 5219530.917498097], [630030.5510998851, 5219531.798414197], [630013.945915644, 5219511.202229215], [630012.3889180899, 5219512.457521459], [630024.6282266163, 5219527.6385070365]]]}}, {"type": "Feature", "properties": {"vineyard_id": "V59", "row_count": 3, "total_row_length_m": 32.89, "disrupted_rows": 2, "gap_count": 2, "canopy_count": 27, "canopy_area_m2": 12.33, "interrow_count": 2, "interrow_area_m2": 39.19, "block_area_m2": 81.67}, "geometry": {"type": "Polygon", "coordinates": [[[629701.6332797902, 5220293.37892623], [629703.5208791747, 5220295.012731206], [629708.1063219955, 5220290.008603285], [629704.4698444644, 5220286.806709846], [629700.6043258556, 5220291.484413555], [629698.0944792875, 5220289.427391866], [629691.9445952894, 5220297.211231114], [629695.7036809042, 5220300.554394649], [629701.6332797902, 5220293.37892623]]]}}, {"type": "Feature", "properties": {"vineyard_id": "V60", "row_count": 3, "total_row_length_m": 26.47, "disrupted_rows": 2, "gap_count": 2, "canopy_count": 18, "canopy_area_m2": 11.18, "interrow_count": 2, "interrow_area_m2": 6.48, "block_area_m2": 49.27}, "geometry": {"type": "Polygon", "coordinates": [[[630368.9411876006, 5219375.871814132], [630369.6400150501, 5219375.492802038], [630371.9307431392, 5219379.742623487], [630373.6912766062, 5219378.793665157], [630369.365022448, 5219370.767480032], [630367.6044889811, 5219371.716438361], [630367.9121860663, 5219372.287286416], [630366.9168212211, 5219372.873743926], [630362.9415622242, 5219366.98641756], [630361.2840364068, 5219368.105617348], [630368.9774377758, 5219379.499482442], [630370.6349635932, 5219378.3802826535], [630368.9411876006, 5219375.871814132]]]}}]}