{"type": "FeatureCollection", "name": "siret3_interrows", "crs": {"type": "name", "properties": {"name": "urn:ogc:def:crs:EPSG::32635"}}, "features": [{"type": "Feature", "properties": {"interrow_id": "V02-I001", "vineyard_id": "V02", "between_rows": ["V02-R01", "V02-R02"], "interrow_cover": "bare_soil", "area_m2": 200.29}, "geometry": {"type": "Polygon", "coordinates": [[[629125.0623185234, 5220795.189444352], [629159.704788089, 5220710.58062561], [629161.7816040361, 5220711.432676802], [629127.0390801291, 5220796.000446445], [629125.0623185234, 5220795.189444352]]]}}, {"type": "Feature", "properties": {"interrow_id": "V02-I002", "vineyard_id": "V02", "between_rows": ["V02-R02", "V02-R03"], "interrow_cover": "bare_soil", "area_m2": 224.89}, "geometry": {"type": "Polygon", "coordinates": [[[629121.6484653243, 5220810.700817326], [629164.2540734311, 5220706.993289872], [629166.0954739333, 5220707.748757632], [629123.5185002799, 5220811.468032886], [629121.6484653243, 5220810.700817326]]]}}, {"type": "Feature", "properties": {"interrow_id": "V02-I003", "vineyard_id": "V02", "between_rows": ["V02-R03", "V02-R04"], "interrow_cover": "bare_soil", "area_m2": 3.27}, "geometry": {"type": "Polygon", "coordinates": [[[629159.7027415707, 5220724.901702352], [629161.1919932497, 5220721.273823441], [629161.8731313191, 5220721.553272616], [629160.5650697753, 5220725.255488047], [629159.7027415707, 5220724.901702352]]]}}, {"type": "Feature", "properties": {"interrow_id": "V02-I004", "vineyard_id": "V02", "between_rows": ["V02-R03", "V02-R05"], "interrow_cover": "bare_soil", "area_m2": 185.36}, "geometry": {"type": "Polygon", "coordinates": [[[629124.0735991854, 5220811.695772222], [629159.7027415707, 5220724.901702352], [629161.5173809764, 5220725.64619089], [629125.914572226, 5220812.451064609], [629124.0735991854, 5220811.695772222]]]}}, {"type": "Feature", "properties": {"interrow_id": "V02-I005", "vineyard_id": "V02", "between_rows": ["V02-R03", "V02-R05"], "interrow_cover": "bare_soil", "area_m2": 28.15}, "geometry": {"type": "Polygon", "coordinates": [[[629161.1919932497, 5220721.273823441], [629166.6505728388, 5220707.9764969675], [629168.460077076, 5220708.71887871], [629163.0055319439, 5220722.017860392], [629161.1919932497, 5220721.273823441]]]}}, {"type": "Feature", "properties": {"interrow_id": "V02-I006", "vineyard_id": "V02", "between_rows": ["V02-R05", "V02-R06"], "interrow_cover": "bare_soil", "area_m2": 39.63}, "geometry": {"type": "Polygon", "coordinates": [[[629126.5836091096, 5220812.4010064285], [629147.6114059791, 5220761.13215108], [629148.367493266, 5220761.442349523], [629127.150709243, 5220812.633669484], [629126.5836091096, 5220812.4010064285]]]}}, {"type": "Feature", "properties": {"interrow_id": "V02-I007", "vineyard_id": "V02", "between_rows": ["V02-R05", "V02-R07"], "interrow_cover": "bare_soil", "area_m2": 189.27}, "geometry": {"type": "Polygon", "coordinates": [[[629147.6114059791, 5220761.13215108], [629170.5875951091, 5220705.112829405], [629173.5379086117, 5220706.32324872], [629150.445219199, 5220762.294774053], [629147.6114059791, 5220761.13215108]]]}}, {"type": "Feature", "properties": {"interrow_id": "V02-I008", "vineyard_id": "V02", "between_rows": ["V02-R06", "V02-R07"], "interrow_cover": "bare_soil", "area_m2": 81.11}, "geometry": {"type": "Polygon", "coordinates": [[[629130.4855722057, 5220806.154464398], [629148.9225921717, 5220761.670088859], [629150.445219199, 5220762.294774053], [629132.0797740015, 5220806.808514431], [629130.4855722057, 5220806.154464398]]]}}, {"type": "Feature", "properties": {"interrow_id": "V02-I009", "vineyard_id": "V02", "between_rows": ["V02-R06", "V02-R08"], "interrow_cover": "bare_soil", "area_m2": 24.52}, "geometry": {"type": "Polygon", "coordinates": [[[629127.7058081487, 5220812.86140882], [629130.4855722057, 5220806.154464398], [629133.5768918665, 5220807.422734031], [629130.864595839, 5220814.157358429], [629127.7058081487, 5220812.86140882]]]}}, {"type": "Feature", "properties": {"interrow_id": "V02-I010", "vineyard_id": "V02", "between_rows": ["V02-R07", "V02-R08"], "interrow_cover": "bare_soil", "area_m2": 42.09}, "geometry": {"type": "Polygon", "coordinates": [[[629132.6348729071, 5220807.036253766], [629151.5065769852, 5220761.295454849], [629152.2558815068, 5220761.60287054], [629144.8010559506, 5220779.553162083], [629133.5768918665, 5220807.422734031], [629132.6348729071, 5220807.036253766]]]}}, {"type": "Feature", "properties": {"interrow_id": "V02-I011", "vineyard_id": "V02", "between_rows": ["V02-R07", "V02-R10"], "interrow_cover": "bare_soil", "area_m2": 194.53}, "geometry": {"type": "Polygon", "coordinates": [[[629151.5065769852, 5220761.295454849], [629174.0930075173, 5220706.550988055], [629177.066106333, 5220707.770755455], [629154.6113918679, 5220762.56926114], [629151.5065769852, 5220761.295454849]]]}}, {"type": "Feature", "properties": {"interrow_id": "V02-I012", "vineyard_id": "V02", "between_rows": ["V02-R08", "V02-R10"], "interrow_cover": "bare_soil", "area_m2": 111.29}, "geometry": {"type": "Polygon", "coordinates": [[[629131.2666141769, 5220814.76519644], [629145.3561548562, 5220779.780901418], [629152.8109804124, 5220761.830609876], [629154.6113918679, 5220762.56926114], [629132.9415478806, 5220815.452368194], [629131.2666141769, 5220814.76519644]]]}}, {"type": "Feature", "properties": {"interrow_id": "V02-I013", "vineyard_id": "V02", "between_rows": ["V02-R09", "V02-R10"], "interrow_cover": "bare_soil", "area_m2": 15.25}, "geometry": {"type": "Polygon", "coordinates": [[[629174.0851566277, 5220709.315737927], [629177.0607624744, 5220702.582766975], [629178.8852569133, 5220703.331298717], [629176.0951164023, 5220710.140360168], [629174.0851566277, 5220709.315737927]]]}}, {"type": "Feature", "properties": {"interrow_id": "V02-I014", "vineyard_id": "V02", "between_rows": ["V02-R10", "V02-R11"], "interrow_cover": "bare_soil", "area_m2": 237.18}, "geometry": {"type": "Polygon", "coordinates": [[[629133.4966467863, 5220815.680107529], [629178.8274526874, 5220705.054767414], [629180.704678267, 5220705.824933059], [629135.2902993745, 5220816.415985847], [629133.4966467863, 5220815.680107529]]]}}, {"type": "Feature", "properties": {"interrow_id": "V02-I015", "vineyard_id": "V02", "between_rows": ["V02-R11", "V02-R12"], "interrow_cover": "bare_soil", "area_m2": 230.93}, "geometry": {"type": "Polygon", "coordinates": [[[629134.9565484023, 5220818.808212426], [629181.2597771726, 5220706.052672394], [629183.0538173331, 5220706.78870972], [629136.6679957993, 5220819.510364581], [629134.9565484023, 5220818.808212426]]]}}, {"type": "Feature", "properties": {"interrow_id": "V02-I016", "vineyard_id": "V02", "between_rows": ["V02-R12", "V02-R13"], "interrow_cover": "bare_soil", "area_m2": 235.38}, "geometry": {"type": "Polygon", "coordinates": [[[629137.3092729913, 5220819.528683049], [629183.9414495807, 5220706.208363581], [629185.7291638649, 5220706.941805602], [629139.075781783, 5220820.253425133], [629137.3092729913, 5220819.528683049]]]}}, {"type": "Feature", "properties": {"interrow_id": "V02-I017", "vineyard_id": "V02", "between_rows": ["V02-R13", "V02-R14"], "interrow_cover": "bare_soil", "area_m2": 239.11}, "geometry": {"type": "Polygon", "coordinates": [[[629140.8174579805, 5220817.599208464], [629186.2842627704, 5220707.169544938], [629188.1718358828, 5220707.943955843], [629142.6346912578, 5220818.344761184], [629140.8174579805, 5220817.599208464]]]}}, {"type": "Feature", "properties": {"interrow_id": "V02-I018", "vineyard_id": "V02", "between_rows": ["V02-R14", "V02-R15"], "interrow_cover": "bare_soil", "area_m2": 241.69}, "geometry": {"type": "Polygon", "coordinates": [[[629143.1897901634, 5220818.57250052], [629188.2118002721, 5220709.420593544], [629189.973330885, 5220710.143293242], [629170.2687381463, 5220758.703425015], [629156.7459308495, 5220790.917118035], [629145.0136299923, 5220819.320763698], [629143.1897901634, 5220818.57250052]]]}}, {"type": "Feature", "properties": {"interrow_id": "V02-I019", "vineyard_id": "V02", "between_rows": ["V02-R15", "V02-R16"], "interrow_cover": "bare_soil", "area_m2": 220.23}, "geometry": {"type": "Polygon", "coordinates": [[[629146.1420874511, 5220818.160414424], [629157.3010297552, 5220791.14485737], [629170.8238370519, 5220758.93116435], [629190.5284297906, 5220710.371032578], [629192.4533327682, 5220711.160758734], [629147.9160746182, 5220818.888224647], [629146.1420874511, 5220818.160414424]]]}}, {"type": "Feature", "properties": {"interrow_id": "V02-I020", "vineyard_id": "V02", "between_rows": ["V02-R16", "V02-R17"], "interrow_cover": "bare_soil", "area_m2": 215.65}, "geometry": {"type": "Polygon", "coordinates": [[[629148.4711735239, 5220819.115963983], [629191.8665671678, 5220714.150459061], [629193.6203726907, 5220714.869989402], [629150.2304461072, 5220819.837737284], [629148.4711735239, 5220819.115963983]]]}}, {"type": "Feature", "properties": {"interrow_id": "V02-I021", "vineyard_id": "V02", "between_rows": ["V02-R17", "V02-R18"], "interrow_cover": "bare_soil", "area_m2": 214.84}, "geometry": {"type": "Polygon", "coordinates": [[[629152.671581941, 5220815.502826613], [629194.1754715963, 5220715.097728737], [629195.9668719306, 5220715.832683027], [629154.5390543892, 5220816.268990859], [629152.671581941, 5220815.502826613]]]}}, {"type": "Feature", "properties": {"interrow_id": "V02-I022", "vineyard_id": "V02", "between_rows": ["V02-R18", "V02-R19"], "interrow_cover": "bare_soil", "area_m2": 218.27}, "geometry": {"type": "Polygon", "coordinates": [[[629155.0941532949, 5220816.496730194], [629196.9065514469, 5220715.1280571325], [629198.6749738441, 5220715.853584309], [629157.0089553783, 5220817.282312278], [629155.0941532949, 5220816.496730194]]]}}, {"type": "Feature", "properties": {"interrow_id": "V02-I023", "vineyard_id": "V02", "between_rows": ["V02-R19", "V02-R20"], "interrow_cover": "mixed", "area_m2": 212.31}, "geometry": {"type": "Polygon", "coordinates": [[[629157.296619594, 5220818.161075191], [629199.3520738194, 5220715.784333105], [629201.1042216078, 5220716.50318333], [629159.093860859, 5220818.898425828], [629157.296619594, 5220818.161075191]]]}}, {"type": "Feature", "properties": {"interrow_id": "V02-I024", "vineyard_id": "V02", "between_rows": ["V02-R20", "V02-R21"], "interrow_cover": "bare_soil", "area_m2": 223.27}, "geometry": {"type": "Polygon", "coordinates": [[[629159.6489597647, 5220819.126165163], [629202.123477371, 5220715.599595699], [629203.9162877549, 5220716.335128487], [629161.5480644252, 5220819.905307095], [629159.6489597647, 5220819.126165163]]]}}, {"type": "Feature", "properties": {"interrow_id": "V02-I025", "vineyard_id": "V02", "between_rows": ["V02-R21", "V02-R22"], "interrow_cover": "bare_soil", "area_m2": 210.72}, "geometry": {"type": "Polygon", "coordinates": [[[629160.8094985534, 5220823.295442244], [629204.1474608823, 5220717.354712467], [629205.7638358093, 5220718.017859427], [629162.5995263408, 5220824.029833422], [629160.8094985534, 5220823.295442244]]]}}, {"type": "Feature", "properties": {"interrow_id": "V02-I026", "vineyard_id": "V02", "between_rows": ["V02-R22", "V02-R23"], "interrow_cover": "bare_soil", "area_m2": 220.27}, "geometry": {"type": "Polygon", "coordinates": [[[629161.7427730385, 5220827.725095843], [629206.2292156776, 5220718.465949612], [629207.9219821516, 5220719.160437582], [629163.5049670776, 5220828.448067723], [629161.7427730385, 5220827.725095843]]]}}, {"type": "Feature", "properties": {"interrow_id": "V02-I027", "vineyard_id": "V02", "between_rows": ["V02-R23", "V02-R24"], "interrow_cover": "bare_soil", "area_m2": 223.43}, "geometry": {"type": "Polygon", "coordinates": [[[629163.7404827708, 5220829.46213842], [629208.4770810571, 5220719.388176917], [629210.2407628729, 5220720.111759185], [629187.8369470132, 5220775.199329091], [629180.4171807679, 5220793.639604242], [629172.8693112809, 5220812.027631341], [629165.1866284863, 5220830.055445776], [629163.7404827708, 5220829.46213842]]]}}, {"type": "Feature", "properties": {"interrow_id": "V02-I028", "vineyard_id": "V02", "between_rows": ["V02-R24", "V02-R25"], "interrow_cover": "bare_soil", "area_m2": 250.52}, "geometry": {"type": "Polygon", "coordinates": [[[629166.9226409615, 5220827.51211005], [629173.4244101865, 5220812.2553706765], [629180.9722796736, 5220793.867343577], [629188.3920459187, 5220775.427068427], [629210.8566677729, 5220720.189985843], [629212.9569277902, 5220721.0516553875], [629169.0564463733, 5220828.3875421975], [629166.9226409615, 5220827.51211005]]]}}, {"type": "Feature", "properties": {"interrow_id": "V02-I029", "vineyard_id": "V02", "between_rows": ["V02-R25", "V02-R26"], "interrow_cover": "bare_soil", "area_m2": 119.36}, "geometry": {"type": "Polygon", "coordinates": [[[629171.5329450492, 5220823.917493682], [629196.9894770692, 5220761.676731138], [629198.7980538135, 5220762.418732359], [629173.0087861657, 5220824.522984113], [629171.5329450492, 5220823.917493682]]]}}, {"type": "Feature", "properties": {"interrow_id": "V02-I030", "vineyard_id": "V02", "between_rows": ["V02-R25", "V02-R27"], "interrow_cover": "bare_soil", "area_m2": 132.11}, "geometry": {"type": "Polygon", "coordinates": [[[629197.6006497421, 5220760.182424954], [629213.8583328356, 5220720.432682446], [629216.5170058022, 5220721.523450972], [629211.1597362779, 5220734.800173572], [629205.9706875945, 5220748.142855559], [629200.6745512524, 5220761.443548477], [629197.6006497421, 5220760.182424954]]]}}, {"type": "Feature", "properties": {"interrow_id": "V02-I031", "vineyard_id": "V02", "between_rows": ["V02-R26", "V02-R28"], "interrow_cover": "bare_soil", "area_m2": 133.53}, "geometry": {"type": "Polygon", "coordinates": [[[629173.7698910708, 5220824.254631484], [629199.3531527191, 5220762.646471695], [629201.1642110337, 5220763.389491025], [629175.6626529248, 5220825.0311711645], [629173.7698910708, 5220824.254631484]]]}}, {"type": "Feature", "properties": {"interrow_id": "V02-I032", "vineyard_id": "V02", "between_rows": ["V02-R27", "V02-R29"], "interrow_cover": "bare_soil", "area_m2": 131.85}, "geometry": {"type": "Polygon", "coordinates": [[[629201.229650158, 5220761.671287813], [629206.5257865001, 5220748.3705948945], [629211.7148351836, 5220735.027912907], [629216.1139004105, 5220724.125872521], [629219.3392926987, 5220725.449147867], [629204.0165075732, 5220762.81464632], [629201.229650158, 5220761.671287813]]]}}, {"type": "Feature", "properties": {"interrow_id": "V02-I033", "vineyard_id": "V02", "between_rows": ["V02-R28", "V02-R29"], "interrow_cover": "bare_soil", "area_m2": 131.75}, "geometry": {"type": "Polygon", "coordinates": [[[629176.2177518305, 5220825.2589105], [629202.4305882704, 5220761.897947515], [629204.1098958043, 5220762.586913713], [629178.0938267212, 5220826.028604054], [629176.2177518305, 5220825.2589105]]]}}, {"type": "Feature", "properties": {"interrow_id": "V02-I034", "vineyard_id": "V02", "between_rows": ["V02-R29", "V02-R30"], "interrow_cover": "bare_soil", "area_m2": 224.07}, "geometry": {"type": "Polygon", "coordinates": [[[629175.8234162449, 5220833.146511565], [629219.7527239565, 5220726.022351962], [629221.5577324688, 5220726.762889252], [629177.5993140413, 5220833.875105659], [629175.8234162449, 5220833.146511565]]]}}, {"type": "Feature", "properties": {"interrow_id": "V02-I035", "vineyard_id": "V02", "between_rows": ["V02-R30", "V02-R31"], "interrow_cover": "bare_soil", "area_m2": 222.77}, "geometry": {"type": "Polygon", "coordinates": [[[629178.3327543333, 5220833.668285657], [629222.1128313744, 5220726.990628587], [629223.9749672305, 5220727.7546034], [629180.045298798, 5220834.370887904], [629178.3327543333, 5220833.668285657]]]}}, {"type": "Feature", "properties": {"interrow_id": "V02-I036", "vineyard_id": "V02", "between_rows": ["V02-R31", "V02-R32"], "interrow_cover": "bare_soil", "area_m2": 209.47}, "geometry": {"type": "Polygon", "coordinates": [[[629181.4293912167, 5220832.586679247], [629223.5446553376, 5220730.373911846], [629225.2664843813, 5220731.08032326], [629183.2135345496, 5220833.318656221], [629181.4293912167, 5220832.586679247]]]}}, {"type": "Feature", "properties": {"interrow_id": "V02-I037", "vineyard_id": "V02", "between_rows": ["V02-R32", "V02-R33"], "interrow_cover": "mixed", "area_m2": 216.9}, "geometry": {"type": "Polygon", "coordinates": [[[629184.9575731, 5220830.655868073], [629225.821583287, 5220731.308062595], [629227.5631295677, 5220732.022563361], [629221.8638694135, 5220746.077813698], [629207.780531681, 5220780.187894076], [629200.9651719726, 5220797.335126208], [629194.0202166572, 5220814.429564758], [629186.8389122615, 5220831.427721389], [629184.9575731, 5220830.655868073]]]}}, {"type": "Feature", "properties": {"interrow_id": "V02-I038", "vineyard_id": "V02", "between_rows": ["V02-R33", "V02-R34"], "interrow_cover": "bare_soil", "area_m2": 208.6}, "geometry": {"type": "Polygon", "coordinates": [[[629187.3940111671, 5220831.655460724], [629194.5753155629, 5220814.657304094], [629201.5202708782, 5220797.562865543], [629208.3356305867, 5220780.415633411], [629222.4189683192, 5220746.305553033], [629228.0767647909, 5220732.3525585], [629230.0151585854, 5220733.147819508], [629215.5072634955, 5220768.038315977], [629208.3947920533, 5220785.541415908], [629201.3844747435, 5220803.086288199], [629194.19802348, 5220820.559136673], [629189.0931211183, 5220832.35255122], [629187.3940111671, 5220831.655460724]]]}}, {"type": "Feature", "properties": {"interrow_id": "V02-I039", "vineyard_id": "V02", "between_rows": ["V02-R34", "V02-R35"], "interrow_cover": "bare_soil", "area_m2": 198.74}, "geometry": {"type": "Polygon", "coordinates": [[[629187.4443591618, 5220837.671679755], [629194.7531223857, 5220820.786876009], [629201.9395736491, 5220803.314027534], [629208.9498909588, 5220785.769155244], [629216.062362401, 5220768.266055312], [629227.0592106293, 5220741.819386661], [629228.6044657843, 5220742.453355452], [629189.6291931405, 5220838.568047292], [629187.4443591618, 5220837.671679755]]]}}, {"type": "Feature", "properties": {"interrow_id": "V02-I040", "vineyard_id": "V02", "between_rows": ["V02-R35", "V02-R36"], "interrow_cover": "bare_soil", "area_m2": 203.77}, "geometry": {"type": "Polygon", "coordinates": [[[629191.5049339633, 5220835.539027089], [629229.15956469, 5220742.681094788], [629231.079663242, 5220743.468849842], [629193.3477502115, 5220836.295075685], [629191.5049339633, 5220835.539027089]]]}}, {"type": "Feature", "properties": {"interrow_id": "V02-I041", "vineyard_id": "V02", "between_rows": ["V02-R36", "V02-R37"], "interrow_cover": "bare_soil", "area_m2": 183.76}, "geometry": {"type": "Polygon", "coordinates": [[[629193.9028491172, 5220836.52281502], [629230.5581607487, 5220746.345191821], [629232.3127400682, 5220747.065039625], [629195.6411896844, 5220837.2360005835], [629193.9028491172, 5220836.52281502]]]}}, {"type": "Feature", "properties": {"interrow_id": "V02-I042", "vineyard_id": "V02", "between_rows": ["V02-R37", "V02-R38"], "interrow_cover": "bare_soil", "area_m2": 195.74}, "geometry": {"type": "Polygon", "coordinates": [[[629195.172401842, 5220839.981355102], [629232.8678389739, 5220747.292778961], [629234.7633388435, 5220748.070441962], [629196.8966383705, 5220840.688754229], [629195.172401842, 5220839.981355102]]]}}, {"type": "Feature", "properties": {"interrow_id": "V02-I043", "vineyard_id": "V02", "between_rows": ["V02-R38", "V02-R39"], "interrow_cover": "bare_soil", "area_m2": 200.34}, "geometry": {"type": "Polygon", "coordinates": [[[629198.206187037, 5220839.071181914], [629237.4415541275, 5220743.105242562], [629239.1222157497, 5220743.794764297], [629200.1010733754, 5220839.848593202], [629198.206187037, 5220839.071181914]]]}}, {"type": "Feature", "properties": {"interrow_id": "V02-I044", "vineyard_id": "V02", "between_rows": ["V02-R39", "V02-R40"], "interrow_cover": "bare_soil", "area_m2": 212.93}, "geometry": {"type": "Polygon", "coordinates": [[[629200.6561722811, 5220840.076332537], [629243.2497476792, 5220735.2286588205], [629244.9312124432, 5220735.91851006], [629202.4560944198, 5220840.814783052], [629200.6561722811, 5220840.076332537]]]}}, {"type": "Feature", "properties": {"interrow_id": "V02-I045", "vineyard_id": "V02", "between_rows": ["V02-R40", "V02-R41"], "interrow_cover": "bare_soil", "area_m2": 216.76}, "geometry": {"type": "Polygon", "coordinates": [[[629202.3025500948, 5220842.792583064], [629244.8960007132, 5220737.604076671], [629246.4902782734, 5220738.258157788], [629239.5060588586, 5220756.125732614], [629225.0427554048, 5220791.66057606], [629217.9311717382, 5220809.476597697], [629204.0262171591, 5220843.499748558], [629202.3025500948, 5220842.792583064]]]}}, {"type": "Feature", "properties": {"interrow_id": "V02-I046", "vineyard_id": "V02", "between_rows": ["V02-R41", "V02-R42"], "interrow_cover": "bare_soil", "area_m2": 234.12}, "geometry": {"type": "Polygon", "coordinates": [[[629203.9719418563, 5220845.218526969], [629218.4862706438, 5220809.704337032], [629225.5978543104, 5220791.888315396], [629240.0611577643, 5220756.35347195], [629246.5410287015, 5220739.776160735], [629248.6777911789, 5220740.652806071], [629205.8531395877, 5220845.99032226], [629203.9719418563, 5220845.218526969]]]}}, {"type": "Feature", "properties": {"interrow_id": "V02-I047", "vineyard_id": "V02", "between_rows": ["V02-R42", "V02-R43"], "interrow_cover": "bare_soil", "area_m2": 209.7}, "geometry": {"type": "Polygon", "coordinates": [[[629207.3990470811, 5220843.780929903], [629248.6801678946, 5220742.240098385], [629250.4831358317, 5220742.979798493], [629209.1359480799, 5220844.493524858], [629207.3990470811, 5220843.780929903]]]}}, {"type": "Feature", "properties": {"interrow_id": "V02-I048", "vineyard_id": "V02", "between_rows": ["V02-R43", "V02-R44"], "interrow_cover": "bare_soil", "area_m2": 208.23}, "geometry": {"type": "Polygon", "coordinates": [[[629209.6910469854, 5220844.721264193], [629250.8717399974, 5220743.616308106], [629252.3016788064, 5220744.202966288], [629245.2186284327, 5220762.620835112], [629237.8236630604, 5220780.911662809], [629222.837975539, 5220817.413587629], [629215.4660997975, 5220835.713819594], [629211.647991573, 5220845.5241359975], [629209.6910469854, 5220844.721264193]]]}}, {"type": "Feature", "properties": {"interrow_id": "V02-I049", "vineyard_id": "V02", "between_rows": ["V02-R44", "V02-R45"], "interrow_cover": "mixed", "area_m2": 212.67}, "geometry": {"type": "Polygon", "coordinates": [[[629212.7050280394, 5220844.462187876], [629216.0211987032, 5220835.941558929], [629223.3930744447, 5220817.641326965], [629238.378761966, 5220781.139402144], [629245.7737273384, 5220762.848574447], [629252.8567777121, 5220744.430705623], [629255.2078440065, 5220745.395272965], [629248.5629855334, 5220761.327162094], [629227.9299280532, 5220811.570012367], [629214.3573116552, 5220845.140067023], [629212.7050280394, 5220844.462187876]]]}}, {"type": "Feature", "properties": {"interrow_id": "V02-I050", "vineyard_id": "V02", "between_rows": ["V02-R45", "V02-R46"], "interrow_cover": "mixed", "area_m2": 178.4}, "geometry": {"type": "Polygon", "coordinates": [[[629221.0792122548, 5220830.115045664], [629228.4850269589, 5220811.797751702], [629249.1180844391, 5220761.554901429], [629255.4615138196, 5220746.345726698], [629257.2441776522, 5220747.07709668], [629222.7958637783, 5220830.819332906], [629221.0792122548, 5220830.115045664]]]}}, {"type": "Feature", "properties": {"interrow_id": "V02-I051", "vineyard_id": "V02", "between_rows": ["V02-R46", "V02-R47"], "interrow_cover": "mixed", "area_m2": 159.81}, "geometry": {"type": "Polygon", "coordinates": [[[629223.350962684, 5220831.047072241], [629254.6808508036, 5220754.885582844], [629256.6975605116, 5220755.712974367], [629249.1011730316, 5220773.55327207], [629241.6337698484, 5220791.446765013], [629226.9917496722, 5220827.354500723], [629225.155520879, 5220831.78742478], [629223.350962684, 5220831.047072241]]]}}, {"type": "Feature", "properties": {"interrow_id": "V02-I052", "vineyard_id": "V02", "between_rows": ["V02-R47", "V02-R48"], "interrow_cover": "mixed", "area_m2": 192.74}, "geometry": {"type": "Polygon", "coordinates": [[[629220.1268199788, 5220845.495271056], [629227.5468485779, 5220827.582240058], [629242.1888687541, 5220791.674504349], [629249.6562719372, 5220773.781011406], [629257.2526594172, 5220755.940713703], [629258.804560815, 5220756.577409235], [629222.0537839688, 5220846.28584278], [629220.1268199788, 5220845.495271056]]]}}, {"type": "Feature", "properties": {"interrow_id": "V02-I053", "vineyard_id": "V02", "between_rows": ["V02-R48", "V02-R49"], "interrow_cover": "vegetation", "area_m2": 176.61}, "geometry": {"type": "Polygon", "coordinates": [[[629222.0508897911, 5220847.875640002], [629258.0426067535, 5220760.020067239], [629259.6586601355, 5220760.68308228], [629223.8768822455, 5220848.624786332], [629222.0508897911, 5220847.875640002]]]}}, {"type": "Feature", "properties": {"interrow_id": "V02-I054", "vineyard_id": "V02", "between_rows": ["V02-R49", "V02-R50"], "interrow_cover": "mixed", "area_m2": 190.56}, "geometry": {"type": "Polygon", "coordinates": [[[629224.5501389225, 5220848.562126578], [629260.1937324684, 5220760.960041387], [629262.1004040148, 5220761.742287771], [629226.3716623771, 5220849.309439421], [629224.5501389225, 5220848.562126578]]]}}, {"type": "Feature", "properties": {"interrow_id": "V02-I055", "vineyard_id": "V02", "between_rows": ["V02-R50", "V02-R51"], "interrow_cover": "vegetation", "area_m2": 180.07}, "geometry": {"type": "Polygon", "coordinates": [[[629227.2792045441, 5220848.673379722], [629262.6555029205, 5220761.970027106], [629264.540858396, 5220762.743528186], [629228.9519091337, 5220849.359636943], [629227.2792045441, 5220848.673379722]]]}}, {"type": "Feature", "properties": {"interrow_id": "V02-I056", "vineyard_id": "V02", "between_rows": ["V02-R51", "V02-R52"], "interrow_cover": "vegetation", "area_m2": 174.85}, "geometry": {"type": "Polygon", "coordinates": [[[629229.7753730062, 5220848.934231702], [629265.6446037478, 5220761.635976056], [629267.1984033041, 5220762.273450342], [629231.6494636355, 5220849.703111176], [629229.7753730062, 5220848.934231702]]]}}, {"type": "Feature", "properties": {"interrow_id": "V02-I057", "vineyard_id": "V02", "between_rows": ["V02-R52", "V02-R53"], "interrow_cover": "bare_soil", "area_m2": 189.48}, "geometry": {"type": "Polygon", "coordinates": [[[629232.2045625412, 5220849.930850512], [629267.7594633795, 5220762.486528676], [629269.528529436, 5220763.212319925], [629234.1495886919, 5220850.728832563], [629232.2045625412, 5220849.930850512]]]}}, {"type": "Feature", "properties": {"interrow_id": "V02-I058", "vineyard_id": "V02", "between_rows": ["V02-R53", "V02-R54"], "interrow_cover": "bare_soil", "area_m2": 209.72}, "geometry": {"type": "Polygon", "coordinates": [[[629232.2113594157, 5220857.12429153], [629271.1559871716, 5220760.787376531], [629273.217572506, 5220761.63317909], [629233.8842952726, 5220857.810643632], [629232.2113594157, 5220857.12429153]]]}}, {"type": "Feature", "properties": {"interrow_id": "V02-I059", "vineyard_id": "V02", "between_rows": ["V02-R54", "V02-R55"], "interrow_cover": "bare_soil", "area_m2": 186.07}, "geometry": {"type": "Polygon", "coordinates": [[[629234.8941451617, 5220856.926428925], [629271.8840004745, 5220766.479083878], [629273.7648455293, 5220767.250734477], [629236.5364999508, 5220857.600234592], [629234.8941451617, 5220856.926428925]]]}}, {"type": "Feature", "properties": {"interrow_id": "V02-I060", "vineyard_id": "V02", "between_rows": ["V02-R55", "V02-R56"], "interrow_cover": "bare_soil", "area_m2": 183.48}, "geometry": {"type": "Polygon", "coordinates": [[[629237.0915988565, 5220857.827973928], [629274.319944435, 5220767.478473813], [629275.9601669579, 5220768.15140468], [629238.925658668, 5220858.580430037], [629237.0915988565, 5220857.827973928]]]}}, {"type": "Feature", "properties": {"interrow_id": "V02-I061", "vineyard_id": "V02", "between_rows": ["V02-R56", "V02-R57"], "interrow_cover": "bare_soil", "area_m2": 96.62}, "geometry": {"type": "Polygon", "coordinates": [[[629259.4910645471, 5220809.947994356], [629278.7335460493, 5220762.962657488], [629280.4138239549, 5220763.652021798], [629261.3317786222, 5220810.703180497], [629259.4910645471, 5220809.947994356]]]}}, {"type": "Feature", "properties": {"interrow_id": "V02-I062", "vineyard_id": "V02", "between_rows": ["V02-R56", "V02-R58"], "interrow_cover": "bare_soil", "area_m2": 33.24}, "geometry": {"type": "Polygon", "coordinates": [[[629239.5018733565, 5220858.756609902], [629245.7265795127, 5220843.557431168], [629247.7608542863, 5220844.392029075], [629241.2122809687, 5220859.458335467], [629239.5018733565, 5220858.756609902]]]}}, {"type": "Feature", "properties": {"interrow_id": "V02-I063", "vineyard_id": "V02", "between_rows": ["V02-R57", "V02-R59"], "interrow_cover": "mixed", "area_m2": 60.67}, "geometry": {"type": "Polygon", "coordinates": [[[629261.8868775279, 5220810.930919833], [629274.7887501366, 5220779.118394233], [629276.6559879244, 5220779.884462206], [629263.2899688466, 5220811.506563346], [629261.8868775279, 5220810.930919833]]]}}, {"type": "Feature", "properties": {"interrow_id": "V02-I064", "vineyard_id": "V02", "between_rows": ["V02-R58", "V02-R60"], "interrow_cover": "mixed", "area_m2": 18.68}, "geometry": {"type": "Polygon", "coordinates": [[[629241.7673798744, 5220859.686074803], [629245.4103064248, 5220851.304791597], [629247.2019175868, 5220852.039832382], [629243.7577325733, 5220860.502652887], [629241.7673798744, 5220859.686074803]]]}}, {"type": "Feature", "properties": {"interrow_id": "V02-I065", "vineyard_id": "V02", "between_rows": ["V02-R59", "V02-R61"], "interrow_cover": "bare_soil", "area_m2": 64.35}, "geometry": {"type": "Polygon", "coordinates": [[[629263.7257242282, 5220812.016652496], [629277.2110868301, 5220780.112201541], [629278.8470207191, 5220780.783372918], [629265.5277241213, 5220812.755955446], [629263.7257242282, 5220812.016652496]]]}}, {"type": "Feature", "properties": {"interrow_id": "V02-I066", "vineyard_id": "V02", "between_rows": ["V02-R60", "V02-R62"], "interrow_cover": "bare_soil", "area_m2": 10.5}, "geometry": {"type": "Polygon", "coordinates": [[[629243.7245712335, 5220862.175825859], [629245.7627772655, 5220857.167682645], [629247.5131954039, 5220857.88582325], [629245.5660510438, 5220862.9313261565], [629243.7245712335, 5220862.175825859]]]}}, {"type": "Feature", "properties": {"interrow_id": "V02-I067", "vineyard_id": "V02", "between_rows": ["V02-R61", "V02-R63"], "interrow_cover": "bare_soil", "area_m2": 81.72}, "geometry": {"type": "Polygon", "coordinates": [[[629267.6283312694, 5220809.273747378], [629283.1599365586, 5220771.990582442], [629285.1354257782, 5220772.801062517], [629269.3966365327, 5220809.999226498], [629267.6283312694, 5220809.273747378]]]}}, {"type": "Feature", "properties": {"interrow_id": "V02-I068", "vineyard_id": "V02", "between_rows": ["V02-R63", "V02-R64"], "interrow_cover": "bare_soil", "area_m2": 72.48}, "geometry": {"type": "Polygon", "coordinates": [[[629270.8864370242, 5220808.017826215], [629286.6794905883, 5220770.691410119], [629288.2124906298, 5220771.320351029], [629272.662398711, 5220808.746446521], [629270.8864370242, 5220808.017826215]]]}}, {"type": "Feature", "properties": {"interrow_id": "V02-I069", "vineyard_id": "V02", "between_rows": ["V02-R64", "V02-R65"], "interrow_cover": "bare_soil", "area_m2": 77.71}, "geometry": {"type": "Polygon", "coordinates": [[[629273.2174976167, 5220808.974185857], [629288.7675895354, 5220771.548090364], [629290.4366488741, 5220772.232852054], [629275.0961540202, 5220809.744938523], [629273.2174976167, 5220808.974185857]]]}}, {"type": "Feature", "properties": {"interrow_id": "V02-I070", "vineyard_id": "V02", "between_rows": ["V02-R65", "V02-R66"], "interrow_cover": "mixed", "area_m2": 92.54}, "geometry": {"type": "Polygon", "coordinates": [[[629276.9016058058, 5220806.915192046], [629290.6674123621, 5220773.253688245], [629293.6520289384, 5220774.478181014], [629278.6252226293, 5220807.622336929], [629276.9016058058, 5220806.915192046]]]}}, {"type": "Feature", "properties": {"interrow_id": "V03-I001", "vineyard_id": "V03", "between_rows": ["V03-R01", "V03-R02"], "interrow_cover": "bare_soil", "area_m2": 11.03}, "geometry": {"type": "Polygon", "coordinates": [[[629092.1888197839, 5220672.851128531], [629095.1447533561, 5220668.562259307], [629096.8674945395, 5220669.664099024], [629094.0364224418, 5220674.032827795], [629092.1888197839, 5220672.851128531]]]}}, {"type": "Feature", "properties": {"interrow_id": "V03-I002", "vineyard_id": "V03", "between_rows": ["V03-R02", "V03-R03"], "interrow_cover": "bare_soil", "area_m2": 116.2}, "geometry": {"type": "Polygon", "coordinates": [[[629072.1001985185, 5220708.77982295], [629079.883553274, 5220696.975901036], [629097.372952558, 5220669.987382477], [629099.6160372656, 5220671.4220261965], [629083.1806666795, 5220696.436188924], [629074.0786275622, 5220710.045196831], [629072.1001985185, 5220708.77982295]]]}}, {"type": "Feature", "properties": {"interrow_id": "V03-I003", "vineyard_id": "V03", "between_rows": ["V03-R03", "V03-R04"], "interrow_cover": "bare_soil", "area_m2": 114.95}, "geometry": {"type": "Polygon", "coordinates": [[[629075.3367826074, 5220709.243077543], [629083.686124698, 5220696.759472378], [629101.6666105881, 5220669.393688465], [629103.8617177114, 5220670.797646432], [629077.2680615191, 5220710.478294898], [629075.3367826074, 5220709.243077543]]]}}, {"type": "Feature", "properties": {"interrow_id": "V03-I004", "vineyard_id": "V03", "between_rows": ["V03-R04", "V03-R05"], "interrow_cover": "bare_soil", "area_m2": 111.33}, "geometry": {"type": "Polygon", "coordinates": [[[629079.6022979446, 5220708.07284062], [629104.730275526, 5220670.579145212], [629106.692650187, 5220671.834250947], [629090.1163131881, 5220696.943792825], [629081.7321787613, 5220709.435080809], [629079.6022979446, 5220708.07284062]]]}}, {"type": "Feature", "properties": {"interrow_id": "V03-I005", "vineyard_id": "V03", "between_rows": ["V03-R05", "V03-R06"], "interrow_cover": "bare_soil", "area_m2": 100.08}, "geometry": {"type": "Polygon", "coordinates": [[[629083.270489707, 5220708.2195455], [629090.6217712066, 5220697.267076279], [629105.7718913631, 5220674.317942429], [629107.810460553, 5220675.621781056], [629085.4339288133, 5220709.603249074], [629083.270489707, 5220708.2195455]]]}}, {"type": "Feature", "properties": {"interrow_id": "V03-I006", "vineyard_id": "V03", "between_rows": ["V03-R06", "V03-R07"], "interrow_cover": "bare_soil", "area_m2": 95.47}, "geometry": {"type": "Polygon", "coordinates": [[[629087.7505955194, 5220707.175993222], [629108.3159185715, 5220675.945064509], [629110.3880137968, 5220677.270345891], [629089.9805025021, 5220708.602208663], [629087.7505955194, 5220707.175993222]]]}}, {"type": "Feature", "properties": {"interrow_id": "V03-I007", "vineyard_id": "V03", "between_rows": ["V03-R07", "V03-R08"], "interrow_cover": "bare_soil", "area_m2": 69.13}, "geometry": {"type": "Polygon", "coordinates": [[[629090.4859605206, 5220708.925492117], [629106.5299502524, 5220684.292989048], [629108.590495227, 5220685.610883061], [629092.3874154978, 5220710.141634526], [629090.4859605206, 5220708.925492117]]]}}, {"type": "Feature", "properties": {"interrow_id": "V03-I008", "vineyard_id": "V03", "between_rows": ["V03-R08", "V03-R10"], "interrow_cover": "bare_soil", "area_m2": 113.94}, "geometry": {"type": "Polygon", "coordinates": [[[629093.9421865518, 5220708.876304104], [629109.0959532455, 5220685.934166514], [629112.6825933058, 5220688.228128315], [629097.3383023044, 5220711.048409383], [629093.9421865518, 5220708.876304104]]]}}, {"type": "Feature", "properties": {"interrow_id": "V03-I009", "vineyard_id": "V03", "between_rows": ["V03-R10", "V03-R13"], "interrow_cover": "bare_soil", "area_m2": 142.36}, "geometry": {"type": "Polygon", "coordinates": [[[629097.8437603229, 5220711.371692837], [629119.7186597956, 5220678.838983816], [629122.4951280783, 5220680.614771761], [629101.1871823919, 5220713.510096016], [629097.8437603229, 5220711.371692837]]]}}, {"type": "Feature", "properties": {"interrow_id": "V03-I010", "vineyard_id": "V03", "between_rows": ["V03-R12", "V03-R13"], "interrow_cover": "bare_soil", "area_m2": 23.84}, "geometry": {"type": "Polygon", "coordinates": [[[629094.7557061925, 5220719.730232356], [629101.0392238669, 5220709.919686066], [629102.7882599625, 5220711.038343619], [629096.4543541494, 5220720.816662402], [629094.7557061925, 5220719.730232356]]]}}, {"type": "Feature", "properties": {"interrow_id": "V03-I011", "vineyard_id": "V03", "between_rows": ["V03-R13", "V03-R14"], "interrow_cover": "bare_soil", "area_m2": 107.56}, "geometry": {"type": "Polygon", "coordinates": [[[629094.5724050669, 5220724.825638127], [629120.1733883931, 5220685.302698647], [629122.2532045636, 5220686.63291823], [629111.4729250838, 5220702.853595785], [629096.4515339807, 5220726.0275011165], [629094.5724050669, 5220724.825638127]]]}}, {"type": "Feature", "properties": {"interrow_id": "V03-I012", "vineyard_id": "V03", "between_rows": ["V03-R14", "V03-R15"], "interrow_cover": "bare_soil", "area_m2": 216.32}, "geometry": {"type": "Polygon", "coordinates": [[[629070.5543996149, 5220767.674874024], [629080.1996712633, 5220752.202755382], [629111.9783831023, 5220703.176879238], [629122.7586625821, 5220686.956201685], [629124.6357156532, 5220688.156736996], [629101.7103869488, 5220723.242171065], [629072.1357458459, 5220768.686279626], [629070.5543996149, 5220767.674874024]]]}}, {"type": "Feature", "properties": {"interrow_id": "V03-I013", "vineyard_id": "V03", "between_rows": ["V03-R15", "V03-R16"], "interrow_cover": "bare_soil", "area_m2": 262.92}, "geometry": {"type": "Polygon", "coordinates": [[[629072.6412038644, 5220769.009563079], [629102.2158449673, 5220723.565454519], [629128.7278978511, 5220682.990817816], [629130.7828405078, 5220684.305128668], [629111.8978759969, 5220713.541471996], [629074.7550411088, 5220770.361542037], [629072.6412038644, 5220769.009563079]]]}}, {"type": "Feature", "properties": {"interrow_id": "V03-I014", "vineyard_id": "V03", "between_rows": ["V03-R16", "V03-R17"], "interrow_cover": "bare_soil", "area_m2": 242.33}, "geometry": {"type": "Polygon", "coordinates": [[[629078.2556486946, 5220766.102929448], [629112.4033340154, 5220713.864755451], [629131.2863461411, 5220684.631434664], [629133.4496626959, 5220686.015059856], [629080.3951294197, 5220767.471309596], [629078.2556486946, 5220766.102929448]]]}}, {"type": "Feature", "properties": {"interrow_id": "V03-I015", "vineyard_id": "V03", "between_rows": ["V03-R17", "V03-R18"], "interrow_cover": "bare_soil", "area_m2": 216.82}, "geometry": {"type": "Polygon", "coordinates": [[[629080.9005874383, 5220767.79459305], [629133.9317446188, 5220686.3742333455], [629135.7794289909, 5220687.555984873], [629082.8125439234, 5220769.017452068], [629080.9005874383, 5220767.79459305]]]}}, {"type": "Feature", "properties": {"interrow_id": "V03-I016", "vineyard_id": "V03", "between_rows": ["V03-R18", "V03-R19"], "interrow_cover": "bare_soil", "area_m2": 221.94}, "geometry": {"type": "Polygon", "coordinates": [[[629081.6993725154, 5220771.830138623], [629136.2848870094, 5220687.879268327], [629138.1420117744, 5220689.067057789], [629120.0308444117, 5220717.010218016], [629101.7488529326, 5220744.9846853865], [629083.5849158462, 5220773.036104179], [629081.6993725154, 5220771.830138623]]]}}, {"type": "Feature", "properties": {"interrow_id": "V03-I017", "vineyard_id": "V03", "between_rows": ["V03-R19", "V03-R20"], "interrow_cover": "bare_soil", "area_m2": 245.91}, "geometry": {"type": "Polygon", "coordinates": [[[629084.6611855397, 5220772.477856427], [629102.2543109511, 5220745.30796884], [629120.5363024302, 5220717.33350147], [629138.7124697972, 5220689.290054746], [629140.8462147899, 5220690.654766404], [629086.6970376166, 5220773.779957228], [629084.6611855397, 5220772.477856427]]]}}, {"type": "Feature", "properties": {"interrow_id": "V03-I018", "vineyard_id": "V03", "between_rows": ["V03-R20", "V03-R21"], "interrow_cover": "bare_soil", "area_m2": 223.85}, "geometry": {"type": "Polygon", "coordinates": [[[629092.4834994917, 5220765.996294718], [629143.2616318797, 5220688.04604386], [629145.3437920769, 5220689.377762648], [629114.7814542446, 5220736.085937336], [629094.5302562858, 5220767.305370015], [629092.4834994917, 5220765.996294718]]]}}, {"type": "Feature", "properties": {"interrow_id": "V03-I019", "vineyard_id": "V03", "between_rows": ["V03-R21", "V03-R22"], "interrow_cover": "bare_soil", "area_m2": 214.22}, "geometry": {"type": "Polygon", "coordinates": [[[629095.0357143043, 5220767.628653469], [629115.2869122631, 5220736.40922079], [629143.312168339, 5220693.578447712], [629145.2315127171, 5220694.806031916], [629097.1275205086, 5220768.9665417], [629095.0357143043, 5220767.628653469]]]}}, {"type": "Feature", "properties": {"interrow_id": "V03-I020", "vineyard_id": "V03", "between_rows": ["V03-R22", "V03-R24"], "interrow_cover": "bare_soil", "area_m2": 169.52}, "geometry": {"type": "Polygon", "coordinates": [[[629103.7535232272, 5220759.85396143], [629143.2287658494, 5220698.996141063], [629145.2571625313, 5220700.2934735045], [629105.6627179626, 5220761.075054074], [629103.7535232272, 5220759.85396143]]]}}, {"type": "Feature", "properties": {"interrow_id": "V03-I021", "vineyard_id": "V03", "between_rows": ["V03-R22", "V03-R25"], "interrow_cover": "bare_soil", "area_m2": 11.01}, "geometry": {"type": "Polygon", "coordinates": [[[629143.2287658494, 5220698.996141063], [629145.7369707356, 5220695.12931537], [629147.5862360215, 5220696.312078026], [629145.4033603512, 5220700.386979463], [629143.2287658494, 5220698.996141063]]]}}, {"type": "Feature", "properties": {"interrow_id": "V03-I022", "vineyard_id": "V03", "between_rows": ["V03-R22", "V03-R26"], "interrow_cover": "bare_soil", "area_m2": 91.09}, "geometry": {"type": "Polygon", "coordinates": [[[629090.9090071042, 5220779.655974109], [629103.4454779578, 5220760.328865759], [629105.00943022, 5220761.329146436], [629096.0070163319, 5220782.916585219], [629090.9090071042, 5220779.655974109]]]}}, {"type": "Feature", "properties": {"interrow_id": "V03-I023", "vineyard_id": "V03", "between_rows": ["V03-R23", "V03-R26"], "interrow_cover": "bare_soil", "area_m2": 41.62}, "geometry": {"type": "Polygon", "coordinates": [[[629095.169079351, 5220778.396958211], [629101.820075502, 5220762.781215876], [629103.8598400401, 5220764.085819029], [629097.3185008372, 5220779.771696323], [629095.169079351, 5220778.396958211]]]}}, {"type": "Feature", "properties": {"interrow_id": "V03-I024", "vineyard_id": "V03", "between_rows": ["V03-R24", "V03-R27"], "interrow_cover": "bare_soil", "area_m2": 149.89}, "geometry": {"type": "Polygon", "coordinates": [[[629107.4425269504, 5220759.4420765685], [629143.3933858997, 5220704.253777967], [629145.1369461673, 5220705.368933261], [629136.2843645447, 5220719.25272685], [629118.3736905161, 5220746.887350363], [629109.5700973257, 5220760.802839033], [629107.4425269504, 5220759.4420765685]]]}}, {"type": "Feature", "properties": {"interrow_id": "V03-I025", "vineyard_id": "V03", "between_rows": ["V03-R25", "V03-R28"], "interrow_cover": "bare_soil", "area_m2": 11.68}, "geometry": {"type": "Polygon", "coordinates": [[[629148.0246348322, 5220696.760544818], [629150.3897846203, 5220692.3453816455], [629152.1656087873, 5220693.481172451], [629150.1885215516, 5220698.144534678], [629148.0246348322, 5220696.760544818]]]}}, {"type": "Feature", "properties": {"interrow_id": "V03-I026", "vineyard_id": "V03", "between_rows": ["V03-R26", "V03-R29"], "interrow_cover": "bare_soil", "area_m2": 41.38}, "geometry": {"type": "Polygon", "coordinates": [[[629098.1988467665, 5220779.196013129], [629104.1907980667, 5220764.827546685], [629106.3190307872, 5220766.188732776], [629100.6175145117, 5220780.742957156], [629098.1988467665, 5220779.196013129]]]}}, {"type": "Feature", "properties": {"interrow_id": "V03-I027", "vineyard_id": "V03", "between_rows": ["V03-R27", "V03-R30"], "interrow_cover": "bare_soil", "area_m2": 157.72}, "geometry": {"type": "Polygon", "coordinates": [[[629110.7168525226, 5220760.112449612], [629118.8791485346, 5220747.210633816], [629136.7898225632, 5220719.576010304], [629145.6424041858, 5220705.692216715], [629147.8224520092, 5220707.086542978], [629112.6154621306, 5220761.326772165], [629110.7168525226, 5220760.112449612]]]}}, {"type": "Feature", "properties": {"interrow_id": "V03-I028", "vineyard_id": "V03", "between_rows": ["V03-R30", "V03-R31"], "interrow_cover": "bare_soil", "area_m2": 140.39}, "geometry": {"type": "Polygon", "coordinates": [[[629115.8752414086, 5220757.406721641], [629147.7012646308, 5220708.3752423925], [629149.6623850202, 5220709.629545914], [629117.9607071856, 5220758.74055463], [629115.8752414086, 5220757.406721641]]]}}, {"type": "Feature", "properties": {"interrow_id": "V03-I029", "vineyard_id": "V03", "between_rows": ["V03-R31", "V03-R32"], "interrow_cover": "bare_soil", "area_m2": 117.39}, "geometry": {"type": "Polygon", "coordinates": [[[629118.4661652041, 5220759.063838083], [629146.000045845, 5220716.409418996], [629147.9723569443, 5220717.670879931], [629120.3898028982, 5220760.294168229], [629118.4661652041, 5220759.063838083]]]}}, {"type": "Feature", "properties": {"interrow_id": "V03-I030", "vineyard_id": "V03", "between_rows": ["V03-R32", "V03-R33"], "interrow_cover": "bare_soil", "area_m2": 92.51}, "geometry": {"type": "Polygon", "coordinates": [[[629121.1359993347, 5220760.24543889], [629142.3087135035, 5220727.527268608], [629144.3092445659, 5220728.806778613], [629123.1350762501, 5220761.524018844], [629121.1359993347, 5220760.24543889]]]}}, {"type": "Feature", "properties": {"interrow_id": "V03-I031", "vineyard_id": "V03", "between_rows": ["V03-R33", "V03-R35"], "interrow_cover": "bare_soil", "area_m2": 79.55}, "geometry": {"type": "Polygon", "coordinates": [[[629125.1070949073, 5220759.581247922], [629144.1803872761, 5220730.110173587], [629145.9342551316, 5220731.231921461], [629127.1711334708, 5220760.901376382], [629125.1070949073, 5220759.581247922]]]}}, {"type": "Feature", "properties": {"interrow_id": "V03-I032", "vineyard_id": "V03", "between_rows": ["V03-R35", "V03-R37"], "interrow_cover": "bare_soil", "area_m2": 38.02}, "geometry": {"type": "Polygon", "coordinates": [[[629130.3383662343, 5220757.01569039], [629137.0289366643, 5220746.43613005], [629139.0192640036, 5220747.709113904], [629133.466187406, 5220759.016198433], [629130.3383662343, 5220757.01569039]]]}}, {"type": "Feature", "properties": {"interrow_id": "V04-I001", "vineyard_id": "V04", "between_rows": ["V04-R01", "V04-R02"], "interrow_cover": "mixed", "area_m2": 12.38}, "geometry": {"type": "Polygon", "coordinates": [[[629386.2297976702, 5220636.471217987], [629388.3736774868, 5220644.943215742], [629389.4875990023, 5220644.653028385], [629387.8572316378, 5220636.047255657], [629386.2297976702, 5220636.471217987]]]}}, {"type": "Feature", "properties": {"interrow_id": "V04-I002", "vineyard_id": "V04", "between_rows": ["V04-R02", "V04-R03"], "interrow_cover": "bare_soil", "area_m2": 34.6}, "geometry": {"type": "Polygon", "coordinates": [[[629388.437853003, 5220635.89599816], [629390.0682203677, 5220644.501770888], [629394.3445557792, 5220643.387744045], [629391.8237890808, 5220635.013928977], [629388.437853003, 5220635.89599816]]]}}, {"type": "Feature", "properties": {"interrow_id": "V04-I003", "vineyard_id": "V04", "between_rows": ["V04-R03", "V04-R04"], "interrow_cover": "mixed", "area_m2": 74.74}, "geometry": {"type": "Polygon", "coordinates": [[[629390.5951208116, 5220628.8523347005], [629397.3218914137, 5220651.198207905], [629399.9225796133, 5220650.520703409], [629394.1975163656, 5220627.913875725], [629390.5951208116, 5220628.8523347005]]]}}, {"type": "Feature", "properties": {"interrow_id": "V05-I001", "vineyard_id": "V05", "between_rows": ["V05-R01", "V05-R02"], "interrow_cover": "mixed", "area_m2": 58.38}, "geometry": {"type": "Polygon", "coordinates": [[[629171.8090738176, 5220568.77721116], [629199.8451584212, 5220553.901571138], [629200.6221476941, 5220555.357851284], [629172.7637656584, 5220570.566552173], [629171.8090738176, 5220568.77721116]]]}}, {"type": "Feature", "properties": {"interrow_id": "V05-I002", "vineyard_id": "V05", "between_rows": ["V05-R02", "V05-R03"], "interrow_cover": "mixed", "area_m2": 72.39}, "geometry": {"type": "Polygon", "coordinates": [[[629178.2960273526, 5220568.229887162], [629214.0867338988, 5220548.690699646], [629215.0825627353, 5220550.557142097], [629203.0029196907, 5220556.789921865], [629191.00689309, 5220563.17971373], [629179.0611252916, 5220569.663879854], [629178.2960273526, 5220568.229887162]]]}}, {"type": "Feature", "properties": {"interrow_id": "V05-I003", "vineyard_id": "V05", "between_rows": ["V05-R03", "V05-R04"], "interrow_cover": "mixed", "area_m2": 65.34}, "geometry": {"type": "Polygon", "coordinates": [[[629179.3435649783, 5220570.193245345], [629191.2893327767, 5220563.709079221], [629203.2853593774, 5220557.319287356], [629213.8064526643, 5220551.890678487], [629214.5693242231, 5220553.320498361], [629201.2676531738, 5220560.283643816], [629180.1213503255, 5220571.65101754], [629179.3435649783, 5220570.193245345]]]}}, {"type": "Feature", "properties": {"interrow_id": "V05-I004", "vineyard_id": "V05", "between_rows": ["V05-R04", "V05-R05"], "interrow_cover": "mixed", "area_m2": 75.55}, "geometry": {"type": "Polygon", "coordinates": [[[629175.286073141, 5220574.931454967], [629201.5500928606, 5220560.813009307], [629214.8517639098, 5220553.849863852], [629215.6210657629, 5220555.291735772], [629203.9119054782, 5220561.457786014], [629189.9888642491, 5220568.925488603], [629176.1203990049, 5220576.495198809], [629175.286073141, 5220574.931454967]]]}}, {"type": "Feature", "properties": {"interrow_id": "V05-I005", "vineyard_id": "V05", "between_rows": ["V05-R05", "V05-R06"], "interrow_cover": "mixed", "area_m2": 61.89}, "geometry": {"type": "Polygon", "coordinates": [[[629182.468931889, 5220573.713558592], [629190.2713039359, 5220569.454854095], [629204.1943451649, 5220561.987151505], [629216.2576750307, 5220555.634595367], [629216.8480994682, 5220556.741204448], [629183.3439059897, 5220575.35348781], [629182.468931889, 5220573.713558592]]]}}, {"type": "Feature", "properties": {"interrow_id": "V05-I006", "vineyard_id": "V05", "between_rows": ["V05-R06", "V05-R07"], "interrow_cover": "bare_soil", "area_m2": 54.87}, "geometry": {"type": "Polygon", "coordinates": [[[629183.6263456765, 5220575.882853301], [629212.934108713, 5220559.601775212], [629213.8669211646, 5220561.3501085555], [629186.6399753634, 5220575.755514542], [629184.211042078, 5220576.978726553], [629183.6263456765, 5220575.882853301]]]}}, {"type": "Feature", "properties": {"interrow_id": "V05-I007", "vineyard_id": "V05", "between_rows": ["V05-R07", "V05-R08"], "interrow_cover": "mixed", "area_m2": 103.24}, "geometry": {"type": "Polygon", "coordinates": [[[629159.5133091729, 5220590.338274951], [629173.1665171349, 5220583.212357067], [629186.9224150502, 5220576.284880033], [629207.8050463711, 5220565.23616438], [629208.6871089023, 5220566.889379162], [629160.4683635678, 5220592.128295485], [629159.5133091729, 5220590.338274951]]]}}, {"type": "Feature", "properties": {"interrow_id": "V05-I008", "vineyard_id": "V05", "between_rows": ["V05-R08", "V05-R09"], "interrow_cover": "bare_soil", "area_m2": 54.23}, "geometry": {"type": "Polygon", "coordinates": [[[629178.0934958229, 5220583.580055089], [629208.969548589, 5220567.418744653], [629209.6425105167, 5220568.6800504755], [629178.885640971, 5220585.064741289], [629178.0934958229, 5220583.580055089]]]}}, {"type": "Feature", "properties": {"interrow_id": "V05-I009", "vineyard_id": "V05", "between_rows": ["V05-R09", "V05-R10"], "interrow_cover": "bare_soil", "area_m2": 58.35}, "geometry": {"type": "Polygon", "coordinates": [[[629179.1680806578, 5220585.59410678], [629211.6038929683, 5220568.315015513], [629212.323665539, 5220569.664056665], [629179.9429636868, 5220587.046439277], [629179.1680806578, 5220585.59410678]]]}}, {"type": "Feature", "properties": {"interrow_id": "V05-I010", "vineyard_id": "V05", "between_rows": ["V05-R10", "V05-R11"], "interrow_cover": "bare_soil", "area_m2": 67.43}, "geometry": {"type": "Polygon", "coordinates": [[[629180.4580637972, 5220587.450909621], [629212.6061052259, 5220570.193422156], [629213.5540043367, 5220571.970031826], [629181.2500278829, 5220588.9352564635], [629180.4580637972, 5220587.450909621]]]}}, {"type": "Feature", "properties": {"interrow_id": "V05-I011", "vineyard_id": "V05", "between_rows": ["V05-R11", "V05-R12"], "interrow_cover": "bare_soil", "area_m2": 56.78}, "geometry": {"type": "Polygon", "coordinates": [[[629181.5324675697, 5220589.464621955], [629212.951258729, 5220572.96427406], [629213.6586684213, 5220574.290143959], [629182.3313221907, 5220590.961883455], [629181.5324675697, 5220589.464621955]]]}}, {"type": "Feature", "properties": {"interrow_id": "V05-I012", "vineyard_id": "V05", "between_rows": ["V05-R12", "V05-R13"], "interrow_cover": "bare_soil", "area_m2": 57.49}, "geometry": {"type": "Polygon", "coordinates": [[[629182.038851953, 5220591.797203635], [629211.6990497817, 5220576.012684643], [629212.5630140386, 5220577.631978548], [629182.7859455665, 5220593.197451533], [629182.038851953, 5220591.797203635]]]}}, {"type": "Feature", "properties": {"interrow_id": "V05-I013", "vineyard_id": "V05", "between_rows": ["V05-R13", "V05-R14"], "interrow_cover": "bare_soil", "area_m2": 15.58}, "geometry": {"type": "Polygon", "coordinates": [[[629182.9264031677, 5220593.801035824], [629191.3158623645, 5220589.41558396], [629192.0588966456, 5220590.808223612], [629183.7328693285, 5220595.312563331], [629182.9264031677, 5220593.801035824]]]}}, {"type": "Feature", "properties": {"interrow_id": "V05-I014", "vineyard_id": "V05", "between_rows": ["V05-R14", "V05-R15"], "interrow_cover": "bare_soil", "area_m2": 14.78}, "geometry": {"type": "Polygon", "coordinates": [[[629184.94953954, 5220595.336514715], [629192.3413363324, 5220591.337589103], [629193.0821847859, 5220592.726131946], [629185.8645922869, 5220597.051561749], [629184.94953954, 5220595.336514715]]]}}, {"type": "Feature", "properties": {"interrow_id": "V05-I015", "vineyard_id": "V05", "between_rows": ["V05-R15", "V05-R16"], "interrow_cover": "bare_soil", "area_m2": 76.09}, "geometry": {"type": "Polygon", "coordinates": [[[629186.1470319737, 5220597.58092724], [629212.7068445092, 5220581.6639016215], [629214.2321962684, 5220584.522807863], [629186.9381768539, 5220599.063738678], [629186.1470319737, 5220597.58092724]]]}}, {"type": "Feature", "properties": {"interrow_id": "V05-I016", "vineyard_id": "V05", "between_rows": ["V05-R16", "V05-R17"], "interrow_cover": "bare_soil", "area_m2": 48.33}, "geometry": {"type": "Polygon", "coordinates": [[[629186.9951423662, 5220599.7132258825], [629214.5146359552, 5220585.052173354], [629215.2898060427, 5220586.505043872], [629187.6793323493, 5220600.995576004], [629186.9951423662, 5220599.7132258825]]]}}, {"type": "Feature", "properties": {"interrow_id": "V05-I017", "vineyard_id": "V05", "between_rows": ["V05-R17", "V05-R18"], "interrow_cover": "bare_soil", "area_m2": 37.45}, "geometry": {"type": "Polygon", "coordinates": [[[629192.1351005965, 5220599.334694697], [629214.1548124615, 5220587.778306862], [629214.8599801429, 5220589.09997465], [629192.8477011981, 5220600.670293712], [629192.1351005965, 5220599.334694697]]]}}, {"type": "Feature", "properties": {"interrow_id": "V05-I018", "vineyard_id": "V05", "between_rows": ["V05-R18", "V05-R19"], "interrow_cover": "bare_soil", "area_m2": 31.14}, "geometry": {"type": "Polygon", "coordinates": [[[629193.1301408849, 5220601.199659203], [629208.5281880326, 5220593.105980267], [629209.3467657836, 5220594.640208046], [629193.9970431809, 5220602.824459758], [629193.1301408849, 5220601.199659203]]]}}, {"type": "Feature", "properties": {"interrow_id": "V05-I019", "vineyard_id": "V05", "between_rows": ["V05-R19", "V05-R20"], "interrow_cover": "bare_soil", "area_m2": 21.79}, "geometry": {"type": "Polygon", "coordinates": [[[629194.1064494718, 5220603.4460841715], [629204.4926436816, 5220597.908314536], [629205.3799082676, 5220599.571279323], [629194.9617356128, 5220605.049113029], [629194.1064494718, 5220603.4460841715]]]}}, {"type": "Feature", "properties": {"interrow_id": "V05-I020", "vineyard_id": "V05", "between_rows": ["V05-R20", "V05-R21"], "interrow_cover": "bare_soil", "area_m2": 30.74}, "geometry": {"type": "Polygon", "coordinates": [[[629191.3549432881, 5220607.623421228], [629205.6233975776, 5220600.121124767], [629206.5665526837, 5220601.888842937], [629192.2069837493, 5220609.220366836], [629191.3549432881, 5220607.623421228]]]}}, {"type": "Feature", "properties": {"interrow_id": "V05-I021", "vineyard_id": "V05", "between_rows": ["V05-R22", "V05-R23"], "interrow_cover": "bare_soil", "area_m2": 15.83}, "geometry": {"type": "Polygon", "coordinates": [[[629195.9062861355, 5220612.66273966], [629204.8798301113, 5220608.237740793], [629205.3514092283, 5220609.121602809], [629196.9251244483, 5220614.572307859], [629195.9062861355, 5220612.66273966]]]}}, {"type": "Feature", "properties": {"interrow_id": "V05-I022", "vineyard_id": "V05", "between_rows": ["V05-R22", "V05-R24"], "interrow_cover": "vegetation", "area_m2": 75.56}, "geometry": {"type": "Polygon", "coordinates": [[[629166.9360441674, 5220626.948431937], [629194.8713682569, 5220613.173074312], [629195.8419093904, 5220614.992121025], [629168.2506581503, 5220629.412360731], [629166.9360441674, 5220626.948431937]]]}}, {"type": "Feature", "properties": {"interrow_id": "V05-I023", "vineyard_id": "V05", "between_rows": ["V05-R23", "V05-R25"], "interrow_cover": "bare_soil", "area_m2": 9.21}, "geometry": {"type": "Polygon", "coordinates": [[[629197.2075641351, 5220615.10167335], [629201.676114475, 5220612.21110526], [629202.5822088803, 5220613.909362029], [629197.937150961, 5220616.469108971], [629197.2075641351, 5220615.10167335]]]}}, {"type": "Feature", "properties": {"interrow_id": "V06-I001", "vineyard_id": "V06", "between_rows": ["V06-R01", "V06-R02"], "interrow_cover": "bare_soil", "area_m2": 13.93}, "geometry": {"type": "Polygon", "coordinates": [[[629211.1007391363, 5220469.136682785], [629218.6976838147, 5220465.454440809], [629219.4122362324, 5220466.8013665145], [629211.9333781495, 5220470.706200798], [629211.1007391363, 5220469.136682785]]]}}, {"type": "Feature", "properties": {"interrow_id": "V06-I002", "vineyard_id": "V06", "between_rows": ["V06-R02", "V06-R03"], "interrow_cover": "bare_soil", "area_m2": 14.53}, "geometry": {"type": "Polygon", "coordinates": [[[629212.2145637677, 5220471.236233484], [629219.6934218504, 5220467.3313992005], [629220.44220053, 5220468.742841142], [629213.0800478611, 5220472.867664216], [629212.2145637677, 5220471.236233484]]]}}, {"type": "Feature", "properties": {"interrow_id": "V06-I003", "vineyard_id": "V06", "between_rows": ["V06-R04", "V06-R05"], "interrow_cover": "bare_soil", "area_m2": 12.45}, "geometry": {"type": "Polygon", "coordinates": [[[629201.5972752968, 5220484.986225092], [629207.3496837511, 5220481.65849519], [629208.2525378078, 5220483.36036801], [629202.451376574, 5220486.596199304], [629201.5972752968, 5220484.986225092]]]}}, {"type": "Feature", "properties": {"interrow_id": "V06-I004", "vineyard_id": "V06", "between_rows": ["V06-R05", "V06-R06"], "interrow_cover": "bare_soil", "area_m2": 9.18}, "geometry": {"type": "Polygon", "coordinates": [[[629202.7325621921, 5220487.12623199], [629208.5337234259, 5220483.890400696], [629209.2005576253, 5220485.147377934], [629203.361863982, 5220488.312460931], [629202.7325621921, 5220487.12623199]]]}}, {"type": "Feature", "properties": {"interrow_id": "V06-I005", "vineyard_id": "V06", "between_rows": ["V06-R06", "V06-R07"], "interrow_cover": "bare_soil", "area_m2": 18.37}, "geometry": {"type": "Polygon", "coordinates": [[[629222.1667265638, 5220478.801039384], [629230.3571605018, 5220474.361107308], [629231.2426899505, 5220476.030323378], [629223.1290815253, 5220480.615070943], [629222.1667265638, 5220478.801039384]]]}}, {"type": "Feature", "properties": {"interrow_id": "V06-I006", "vineyard_id": "V06", "between_rows": ["V06-R08", "V06-R09"], "interrow_cover": "bare_soil", "area_m2": 17.36}, "geometry": {"type": "Polygon", "coordinates": [[[629210.6062719403, 5220490.3244467005], [629223.1761653469, 5220483.668129305], [629223.9966131796, 5220485.214667039], [629210.9301194227, 5220490.934896667], [629210.6062719403, 5220490.3244467005]]]}}, {"type": "Feature", "properties": {"interrow_id": "V06-I007", "vineyard_id": "V06", "between_rows": ["V06-R09", "V06-R10"], "interrow_cover": "bare_soil", "area_m2": 70.03}, "geometry": {"type": "Polygon", "coordinates": [[[629200.4604279298, 5220496.17143187], [629226.8881462598, 5220484.601945811], [629227.7815490261, 5220486.2860030215], [629201.8485498541, 5220498.788030816], [629200.4604279298, 5220496.17143187]]]}}, {"type": "Feature", "properties": {"interrow_id": "V06-I008", "vineyard_id": "V06", "between_rows": ["V06-R10", "V06-R11"], "interrow_cover": "bare_soil", "area_m2": 14.8}, "geometry": {"type": "Polygon", "coordinates": [[[629177.1657183561, 5220511.352955177], [629186.0414039224, 5220507.074079953], [629186.6583632919, 5220508.237043528], [629177.9575301539, 5220512.845514209], [629177.1657183561, 5220511.352955177]]]}}, {"type": "Feature", "properties": {"interrow_id": "V06-I009", "vineyard_id": "V06", "between_rows": ["V06-R12", "V06-R13"], "interrow_cover": "vegetation", "area_m2": 20.21}, "geometry": {"type": "Polygon", "coordinates": [[[629203.3263956044, 5220504.416692314], [629219.0223451664, 5220497.533414159], [629219.3284217297, 5220498.110366082], [629204.128804271, 5220505.92922636], [629203.3263956044, 5220504.416692314]]]}}, {"type": "Feature", "properties": {"interrow_id": "V06-I010", "vineyard_id": "V06", "between_rows": ["V06-R13", "V06-R14"], "interrow_cover": "bare_soil", "area_m2": 60.68}, "geometry": {"type": "Polygon", "coordinates": [[[629195.4062050337, 5220511.090910859], [629219.6096073478, 5220498.640398768], [629220.5324046444, 5220500.379864438], [629196.5753964576, 5220513.294827528], [629195.4062050337, 5220511.090910859]]]}}, {"type": "Feature", "properties": {"interrow_id": "V06-I011", "vineyard_id": "V06", "between_rows": ["V06-R14", "V06-R15"], "interrow_cover": "bare_soil", "area_m2": 126.72}, "geometry": {"type": "Polygon", "coordinates": [[[629158.8069001846, 5220534.521075303], [629189.5224875855, 5220517.780185666], [629220.3116552825, 5220501.17538479], [629229.854133219, 5220496.128097231], [629230.5138435449, 5220497.371646023], [629159.5415306778, 5220535.9058480235], [629158.8069001846, 5220534.521075303]]]}}, {"type": "Feature", "properties": {"interrow_id": "V06-I012", "vineyard_id": "V06", "between_rows": ["V06-R15", "V06-R16"], "interrow_cover": "bare_soil", "area_m2": 154.96}, "geometry": {"type": "Polygon", "coordinates": [[[629156.430100178, 5220538.27789134], [629227.4531905914, 5220499.716119826], [629228.3755127201, 5220501.454689808], [629157.3050451793, 5220539.9271558095], [629156.430100178, 5220538.27789134]]]}}, {"type": "Feature", "properties": {"interrow_id": "V06-I013", "vineyard_id": "V06", "between_rows": ["V06-R16", "V06-R17"], "interrow_cover": "bare_soil", "area_m2": 136.05}, "geometry": {"type": "Polygon", "coordinates": [[[629155.1261648416, 5220541.788892184], [629226.8712564012, 5220502.951233011], [629227.6389632114, 5220504.39835433], [629155.921574602, 5220543.288233348], [629155.1261648416, 5220541.788892184]]]}}, {"type": "Feature", "properties": {"interrow_id": "V06-I014", "vineyard_id": "V06", "between_rows": ["V06-R17", "V06-R18"], "interrow_cover": "bare_soil", "area_m2": 133.2}, "geometry": {"type": "Polygon", "coordinates": [[[629155.2669325803, 5220544.325733253], [629227.9201488296, 5220504.928387016], [629228.6292798453, 5220506.2650934225], [629156.0684622524, 5220545.836610402], [629155.2669325803, 5220544.325733253]]]}}, {"type": "Feature", "properties": {"interrow_id": "V06-I015", "vineyard_id": "V06", "between_rows": ["V06-R18", "V06-R19"], "interrow_cover": "bare_soil", "area_m2": 108.99}, "geometry": {"type": "Polygon", "coordinates": [[[629164.4952779972, 5220541.924370363], [629220.4231133348, 5220511.423759163], [629221.2364826413, 5220512.956953931], [629165.2856499265, 5220543.414215255], [629164.4952779972, 5220541.924370363]]]}}, {"type": "Feature", "properties": {"interrow_id": "V06-I016", "vineyard_id": "V06", "between_rows": ["V06-R19", "V06-R20"], "interrow_cover": "mixed", "area_m2": 47.58}, "geometry": {"type": "Polygon", "coordinates": [[[629165.5668355447, 5220543.944247941], [629193.0376132036, 5220528.990321192], [629193.7954334, 5220530.418806321], [629166.2350405853, 5220545.2038092045], [629165.5668355447, 5220543.944247941]]]}}, {"type": "Feature", "properties": {"interrow_id": "V08-I001", "vineyard_id": "V08", "between_rows": ["V08-R01", "V08-R02"], "interrow_cover": "bare_soil", "area_m2": 64.88}, "geometry": {"type": "Polygon", "coordinates": [[[629512.050818872, 5220225.26060522], [629532.8260988003, 5220197.774197454], [629534.3451567205, 5220198.929222228], [629513.5298671481, 5220226.385208421], [629512.050818872, 5220225.26060522]]]}}, {"type": "Feature", "properties": {"interrow_id": "V08-I002", "vineyard_id": "V08", "between_rows": ["V08-R02", "V08-R03"], "interrow_cover": "bare_soil", "area_m2": 92.43}, "geometry": {"type": "Polygon", "coordinates": [[[629511.9557763418, 5220229.454627666], [629534.8227721178, 5220199.292379951], [629536.7170283081, 5220200.732688974], [629513.9491556853, 5220230.97030557], [629511.9557763418, 5220229.454627666]]]}}, {"type": "Feature", "properties": {"interrow_id": "V08-I003", "vineyard_id": "V08", "between_rows": ["V08-R03", "V08-R04"], "interrow_cover": "bare_soil", "area_m2": 158.93}, "geometry": {"type": "Polygon", "coordinates": [[[629514.4267710826, 5220231.333463294], [629560.896888411, 5220169.617306749], [629562.6229147671, 5220170.929701211], [629515.9759024441, 5220232.511354589], [629514.4267710826, 5220231.333463294]]]}}, {"type": "Feature", "properties": {"interrow_id": "V08-I004", "vineyard_id": "V08", "between_rows": ["V08-R04", "V08-R05"], "interrow_cover": "bare_soil", "area_m2": 191.15}, "geometry": {"type": "Polygon", "coordinates": [[[629515.841583356, 5220233.682365495], [629563.1005301644, 5220171.292858935], [629564.9788802827, 5220172.721073681], [629517.8513577855, 5220235.210509501], [629515.841583356, 5220233.682365495]]]}}, {"type": "Feature", "properties": {"interrow_id": "V08-I005", "vineyard_id": "V08", "between_rows": ["V08-R05", "V08-R06"], "interrow_cover": "bare_soil", "area_m2": 183.42}, "geometry": {"type": "Polygon", "coordinates": [[[629514.4747638806, 5220240.684213081], [629567.3083269901, 5220170.628768276], [629569.016269425, 5220171.927412521], [629516.0947844035, 5220241.916005374], [629514.4747638806, 5220240.684213081]]]}}, {"type": "Feature", "properties": {"interrow_id": "V08-I006", "vineyard_id": "V08", "between_rows": ["V08-R06", "V08-R07"], "interrow_cover": "bare_soil", "area_m2": 214.93}, "geometry": {"type": "Polygon", "coordinates": [[[629515.2612083952, 5220244.013211971], [629570.2023839409, 5220171.353581112], [629572.0275248062, 5220172.741337883], [629517.1924510051, 5220245.481643839], [629515.2612083952, 5220244.013211971]]]}}, {"type": "Feature", "properties": {"interrow_id": "V08-I007", "vineyard_id": "V08", "between_rows": ["V08-R07", "V08-R08"], "interrow_cover": "bare_soil", "area_m2": 194.23}, "geometry": {"type": "Polygon", "coordinates": [[[629516.4920396659, 5220247.407487983], [629572.8863422254, 5220172.598820138], [629574.5935746027, 5220173.896924485], [629518.0855714567, 5220248.61913941], [629516.4920396659, 5220247.407487983]]]}}, {"type": "Feature", "properties": {"interrow_id": "V08-I008", "vineyard_id": "V08", "between_rows": ["V08-R08", "V08-R09"], "interrow_cover": "bare_soil", "area_m2": 196.65}, "geometry": {"type": "Polygon", "coordinates": [[[629518.4079456334, 5220249.187577222], [629575.9082336398, 5220173.153234484], [629577.5560303023, 5220174.40614653], [629520.0443819886, 5220250.431851391], [629518.4079456334, 5220249.187577222]]]}}, {"type": "Feature", "properties": {"interrow_id": "V08-I009", "vineyard_id": "V08", "between_rows": ["V08-R09", "V08-R10"], "interrow_cover": "bare_soil", "area_m2": 215.84}, "geometry": {"type": "Polygon", "coordinates": [[[629520.5219973859, 5220250.795009115], [629578.2103308939, 5220174.535740849], [629579.9127007135, 5220175.830147922], [629522.4132129096, 5220252.233006148], [629520.5219973859, 5220250.795009115]]]}}, {"type": "Feature", "properties": {"interrow_id": "V08-I010", "vineyard_id": "V08", "between_rows": ["V08-R10", "V08-R11"], "interrow_cover": "bare_soil", "area_m2": 214.92}, "geometry": {"type": "Polygon", "coordinates": [[[629522.8903980734, 5220252.596735547], [629581.4322484839, 5220174.808830506], [629583.2671940328, 5220176.2040423285], [629524.5700061508, 5220253.873835593], [629522.8903980734, 5220252.596735547]]]}}, {"type": "Feature", "properties": {"interrow_id": "V08-I011", "vineyard_id": "V08", "between_rows": ["V08-R11", "V08-R12"], "interrow_cover": "bare_soil", "area_m2": 196.77}, "geometry": {"type": "Polygon", "coordinates": [[[629529.6418340694, 5220248.157800265], [629584.4357115967, 5220175.652978598], [629586.0377415537, 5220176.871091656], [629531.4868259805, 5220249.560650898], [629529.6418340694, 5220248.157800265]]]}}, {"type": "Feature", "properties": {"interrow_id": "V08-I012", "vineyard_id": "V08", "between_rows": ["V08-R12", "V08-R13"], "interrow_cover": "bare_soil", "area_m2": 184.95}, "geometry": {"type": "Polygon", "coordinates": [[[629531.9644413778, 5220249.923808622], [629587.1452964405, 5220176.394849649], [629588.9397357721, 5220177.759262325], [629553.4739157016, 5220224.473659772], [629533.411134911, 5220251.023810701], [629531.9644413778, 5220249.923808622]]]}}, {"type": "Feature", "properties": {"interrow_id": "V08-I013", "vineyard_id": "V08", "between_rows": ["V08-R13", "V08-R14"], "interrow_cover": "bare_soil", "area_m2": 172.93}, "geometry": {"type": "Polygon", "coordinates": [[[629536.2237765306, 5220248.29690333], [629553.9515310989, 5220224.836817496], [629589.4173511694, 5220178.122420049], [629590.8568524615, 5220179.216953465], [629537.875732724, 5220249.552978101], [629536.2237765306, 5220248.29690333]]]}}, {"type": "Feature", "properties": {"interrow_id": "V08-I014", "vineyard_id": "V08", "between_rows": ["V08-R14", "V08-R15"], "interrow_cover": "bare_soil", "area_m2": 202.61}, "geometry": {"type": "Polygon", "coordinates": [[[629538.3533481213, 5220249.916135824], [629592.13132855, 5220178.522224654], [629593.8885229102, 5220179.858317894], [629540.2050956837, 5220251.324123158], [629538.3533481213, 5220249.916135824]]]}}, {"type": "Feature", "properties": {"interrow_id": "V08-I015", "vineyard_id": "V08", "between_rows": ["V08-R15", "V08-R16"], "interrow_cover": "bare_soil", "area_m2": 285.23}, "geometry": {"type": "Polygon", "coordinates": [[[629536.910278518, 5220256.709313654], [629595.048317936, 5220179.313327257], [629597.5564808637, 5220181.220423938], [629585.5282254845, 5220196.246024757], [629574.0451029469, 5220211.990405659], [629562.6849080755, 5220227.826278146], [629539.2001713561, 5220258.450447368], [629536.910278518, 5220256.709313654]]]}}, {"type": "Feature", "properties": {"interrow_id": "V08-I016", "vineyard_id": "V08", "between_rows": ["V08-R16", "V08-R17"], "interrow_cover": "bare_soil", "area_m2": 3.35}, "geometry": {"type": "Polygon", "coordinates": [[[629551.141881705, 5220243.864389864], [629553.1708797197, 5220241.218570187], [629554.0259714581, 5220241.8687443035], [629551.885336856, 5220244.429680434], [629551.141881705, 5220243.864389864]]]}}, {"type": "Feature", "properties": {"interrow_id": "V08-I017", "vineyard_id": "V08", "between_rows": ["V08-R16", "V08-R18"], "interrow_cover": "bare_soil", "area_m2": 13.13}, "geometry": {"type": "Polygon", "coordinates": [[[629547.7904919768, 5220248.234612422], [629551.141881705, 5220243.864389864], [629553.0235007716, 5220245.295090174], [629549.7032666445, 5220249.68900208], [629547.7904919768, 5220248.234612422]]]}}, {"type": "Feature", "properties": {"interrow_id": "V08-I018", "vineyard_id": "V08", "between_rows": ["V08-R16", "V08-R18"], "interrow_cover": "bare_soil", "area_m2": 210.18}, "geometry": {"type": "Polygon", "coordinates": [[[629553.1708797197, 5220241.218570187], [629563.1625234729, 5220228.189435869], [629574.5227183443, 5220212.353563383], [629586.0058408818, 5220196.60918248], [629598.1911360503, 5220181.387408807], [629600.308160416, 5220182.997100944], [629590.5495325704, 5220196.233526331], [629580.3575594997, 5220209.612419634], [629559.8431389413, 5220236.270157536], [629555.0336365654, 5220242.634928494], [629553.1708797197, 5220241.218570187]]]}}, {"type": "Feature", "properties": {"interrow_id": "V08-I019", "vineyard_id": "V08", "between_rows": ["V08-R16", "V08-R19"], "interrow_cover": "bare_soil", "area_m2": 36.19}, "geometry": {"type": "Polygon", "coordinates": [[[629540.561597401, 5220257.661113277], [629547.7904919768, 5220248.234612422], [629550.277141607, 5220250.12535134], [629542.9253440109, 5220259.458402148], [629540.561597401, 5220257.661113277]]]}}, {"type": "Feature", "properties": {"interrow_id": "V08-I020", "vineyard_id": "V08", "between_rows": ["V08-R18", "V08-R20"], "interrow_cover": "bare_soil", "area_m2": 225.55}, "geometry": {"type": "Polygon", "coordinates": [[[629550.1808820418, 5220250.052159804], [629560.3207543386, 5220236.633315259], [629580.835174897, 5220209.975577357], [629591.0271479678, 5220196.596684055], [629601.0093829068, 5220183.056962071], [629603.2172616657, 5220184.7357358895], [629552.3957943199, 5220251.7362816], [629550.1808820418, 5220250.052159804]]]}}, {"type": "Feature", "properties": {"interrow_id": "V08-I021", "vineyard_id": "V08", "between_rows": ["V08-R19", "V08-R20"], "interrow_cover": "bare_soil", "area_m2": 36.57}, "geometry": {"type": "Polygon", "coordinates": [[[629544.2279478314, 5220258.77424338], [629555.0313876821, 5220245.059359132], [629556.571905057, 5220246.230700731], [629546.0223943425, 5220260.138661516], [629544.2279478314, 5220258.77424338]]]}}, {"type": "Feature", "properties": {"interrow_id": "V08-I022", "vineyard_id": "V08", "between_rows": ["V08-R20", "V08-R21"], "interrow_cover": "bare_soil", "area_m2": 224.69}, "geometry": {"type": "Polygon", "coordinates": [[[629546.6555684548, 5220260.296738211], [629604.8375616535, 5220183.592433939], [629606.5423434115, 5220184.888674944], [629548.6664018133, 5220261.8256873805], [629546.6555684548, 5220260.296738211]]]}}, {"type": "Feature", "properties": {"interrow_id": "V08-I023", "vineyard_id": "V08", "between_rows": ["V08-R21", "V08-R22"], "interrow_cover": "bare_soil", "area_m2": 208.21}, "geometry": {"type": "Polygon", "coordinates": [[[629550.2404608071, 5220260.7312948285], [629608.4143977939, 5220183.39814413], [629610.2647962942, 5220184.8051056955], [629598.5681698389, 5220200.1170638865], [629563.5042416054, 5220246.477423752], [629552.103827336, 5220262.148116712], [629550.2404608071, 5220260.7312948285]]]}}, {"type": "Feature", "properties": {"interrow_id": "V08-I024", "vineyard_id": "V08", "between_rows": ["V08-R22", "V08-R23"], "interrow_cover": "bare_soil", "area_m2": 214.38}, "geometry": {"type": "Polygon", "coordinates": [[[629553.2391641341, 5220261.607188858], [629563.9818570027, 5220246.840581475], [629599.0457852363, 5220200.4802216105], [629610.8077820713, 5220185.082687589], [629612.5751988508, 5220186.426553507], [629554.7581542375, 5220262.762162067], [629553.2391641341, 5220261.607188858]]]}}, {"type": "Feature", "properties": {"interrow_id": "V08-I025", "vineyard_id": "V08", "between_rows": ["V08-R23", "V08-R24"], "interrow_cover": "bare_soil", "area_m2": 204.87}, "geometry": {"type": "Polygon", "coordinates": [[[629555.3103053115, 5220263.02691064], [629614.1773045311, 5220185.305051289], [629615.7296503881, 5220186.485386745], [629557.1033142286, 5220264.390235693], [629555.3103053115, 5220263.02691064]]]}}, {"type": "Feature", "properties": {"interrow_id": "V08-I026", "vineyard_id": "V08", "between_rows": ["V08-R24", "V08-R25"], "interrow_cover": "bare_soil", "area_m2": 195.97}, "geometry": {"type": "Polygon", "coordinates": [[[629560.5401714745, 5220260.82104314], [629613.7047345667, 5220190.174000729], [629615.4919132402, 5220191.532892721], [629562.2817159991, 5220262.145236935], [629560.5401714745, 5220260.82104314]]]}}, {"type": "Feature", "properties": {"interrow_id": "V08-I027", "vineyard_id": "V08", "between_rows": ["V08-R25", "V08-R26"], "interrow_cover": "bare_soil", "area_m2": 198.97}, "geometry": {"type": "Polygon", "coordinates": [[[629562.7593313964, 5220262.508394658], [629615.9695286375, 5220191.896050445], [629617.8485540428, 5220193.324778649], [629564.4630989518, 5220263.803864507], [629562.7593313964, 5220262.508394658]]]}}, {"type": "Feature", "properties": {"interrow_id": "V08-I028", "vineyard_id": "V08", "between_rows": ["V08-R26", "V08-R27"], "interrow_cover": "bare_soil", "area_m2": 174.14}, "geometry": {"type": "Polygon", "coordinates": [[[629571.3512965005, 5220255.703818741], [629621.9811557627, 5220188.862650264], [629623.7959297121, 5220190.242524489], [629572.8428191803, 5220256.837906931], [629571.3512965005, 5220255.703818741]]]}}, {"type": "Feature", "properties": {"interrow_id": "V08-I029", "vineyard_id": "V08", "between_rows": ["V08-R27", "V08-R28"], "interrow_cover": "bare_soil", "area_m2": 174.63}, "geometry": {"type": "Polygon", "coordinates": [[[629573.3204345776, 5220257.201064654], [629622.799975278, 5220192.531628352], [629624.3604412474, 5220193.718137983], [629575.1743163654, 5220258.6106747575], [629573.3204345776, 5220257.201064654]]]}}, {"type": "Feature", "properties": {"interrow_id": "V08-I030", "vineyard_id": "V08", "between_rows": ["V08-R28", "V08-R29"], "interrow_cover": "bare_soil", "area_m2": 208.66}, "geometry": {"type": "Polygon", "coordinates": [[[629569.823834055, 5220266.662993719], [629624.8380566447, 5220194.081295707], [629626.7085181219, 5220195.503512277], [629571.6008541487, 5220268.014161574], [629569.823834055, 5220266.662993719]]]}}, {"type": "Feature", "properties": {"interrow_id": "V08-I031", "vineyard_id": "V08", "between_rows": ["V08-R29", "V08-R30"], "interrow_cover": "bare_soil", "area_m2": 185.3}, "geometry": {"type": "Polygon", "coordinates": [[[629577.1703780108, 5220261.677387521], [629630.3793589451, 5220191.665024852], [629632.1693358212, 5220193.026044474], [629611.4247770082, 5220219.938983946], [629600.5296829148, 5220234.249466468], [629578.9707743592, 5220263.046329651], [629577.1703780108, 5220261.677387521]]]}}, {"type": "Feature", "properties": {"interrow_id": "V08-I032", "vineyard_id": "V08", "between_rows": ["V08-R30", "V08-R31"], "interrow_cover": "bare_soil", "area_m2": 202.01}, "geometry": {"type": "Polygon", "coordinates": [[[629579.4483897565, 5220263.409487375], [629601.0072983121, 5220234.612624191], [629611.9023924056, 5220220.30214167], [629633.8633762035, 5220191.811074059], [629635.5696643898, 5220193.108460486], [629581.0771215182, 5220264.64790331], [629579.4483897565, 5220263.409487375]]]}}, {"type": "Feature", "properties": {"interrow_id": "V08-I033", "vineyard_id": "V08", "between_rows": ["V08-R31", "V08-R32"], "interrow_cover": "bare_soil", "area_m2": 186.56}, "geometry": {"type": "Polygon", "coordinates": [[[629578.0750654323, 5220269.579278004], [629636.3553759711, 5220193.067140308], [629637.9679840407, 5220194.293296498], [629579.5505002614, 5220270.7011337], [629578.0750654323, 5220269.579278004]]]}}, {"type": "Feature", "properties": {"interrow_id": "V08-I034", "vineyard_id": "V08", "between_rows": ["V08-R32", "V08-R33"], "interrow_cover": "bare_soil", "area_m2": 226.57}, "geometry": {"type": "Polygon", "coordinates": [[[629580.8003186467, 5220270.054279414], [629638.9617889265, 5220193.98129809], [629640.8530723883, 5220195.4193467805], [629582.6759385288, 5220271.480418208], [629580.8003186467, 5220270.054279414]]]}}, {"type": "Feature", "properties": {"interrow_id": "V08-I035", "vineyard_id": "V08", "between_rows": ["V08-R33", "V08-R34"], "interrow_cover": "bare_soil", "area_m2": 212.13}, "geometry": {"type": "Polygon", "coordinates": [[[629583.5125447691, 5220271.374229535], [629641.9500648292, 5220194.972727906], [629643.7646877888, 5220196.352487325], [629585.208993812, 5220272.664134711], [629583.5125447691, 5220271.374229535]]]}}, {"type": "Feature", "properties": {"interrow_id": "V08-I036", "vineyard_id": "V08", "between_rows": ["V08-R34", "V08-R35"], "interrow_cover": "bare_soil", "area_m2": 215.07}, "geometry": {"type": "Polygon", "coordinates": [[[629586.0308400505, 5220272.578679827], [629645.0695570488, 5220195.637541438], [629646.7094785076, 5220196.884465527], [629587.9215989519, 5220274.016329665], [629586.0308400505, 5220272.578679827]]]}}, {"type": "Feature", "properties": {"interrow_id": "V08-I037", "vineyard_id": "V08", "between_rows": ["V08-R35", "V08-R36"], "interrow_cover": "bare_soil", "area_m2": 202.63}, "geometry": {"type": "Polygon", "coordinates": [[[629589.7793627029, 5220272.568681894], [629647.1870939049, 5220197.24762325], [629648.9903090653, 5220198.618708681], [629591.3825960964, 5220273.787709992], [629589.7793627029, 5220272.568681894]]]}}, {"type": "Feature", "properties": {"interrow_id": "V08-I038", "vineyard_id": "V08", "between_rows": ["V08-R36", "V08-R37"], "interrow_cover": "bare_soil", "area_m2": 222.16}, "geometry": {"type": "Polygon", "coordinates": [[[629593.0896738467, 5220272.546612792], [629650.1474816006, 5220198.095151263], [629651.9652616018, 5220199.477311158], [629595.0425676776, 5220274.031507295], [629593.0896738467, 5220272.546612792]]]}}, {"type": "Feature", "properties": {"interrow_id": "V08-I039", "vineyard_id": "V08", "between_rows": ["V08-R37", "V08-R38"], "interrow_cover": "bare_soil", "area_m2": 199.07}, "geometry": {"type": "Polygon", "coordinates": [[[629595.5201830749, 5220274.394665019], [629650.564526856, 5220202.300628008], [629652.4398114941, 5220203.7265118975], [629597.139036895, 5220275.625570201], [629595.5201830749, 5220274.394665019]]]}}, {"type": "Feature", "properties": {"interrow_id": "V08-I040", "vineyard_id": "V08", "between_rows": ["V08-R38", "V08-R39"], "interrow_cover": "bare_soil", "area_m2": 188.27}, "geometry": {"type": "Polygon", "coordinates": [[[629598.0105790186, 5220275.476565828], [629652.9174268914, 5220204.089669621], [629654.6621536424, 5220205.41628304], [629611.3890413926, 5220261.359296688], [629599.7235698722, 5220276.779048667], [629598.0105790186, 5220275.476565828]]]}}, {"type": "Feature", "properties": {"interrow_id": "V08-I041", "vineyard_id": "V08", "between_rows": ["V08-R39", "V08-R40"], "interrow_cover": "bare_soil", "area_m2": 181.74}, "geometry": {"type": "Polygon", "coordinates": [[[629600.4257801062, 5220276.84533055], [629611.8666567899, 5220261.722454412], [629659.1845751202, 5220200.550359008], [629660.5831440149, 5220201.613769231], [629601.9019374211, 5220277.967735592], [629600.4257801062, 5220276.84533055]]]}}, {"type": "Feature", "properties": {"interrow_id": "V08-I042", "vineyard_id": "V08", "between_rows": ["V08-R40", "V08-R41"], "interrow_cover": "bare_soil", "area_m2": 232.06}, "geometry": {"type": "Polygon", "coordinates": [[[629602.3795528184, 5220278.330893316], [629662.4500250792, 5220200.1692622835], [629664.2895603837, 5220201.567963953], [629604.2878045886, 5220279.781843961], [629602.3795528184, 5220278.330893316]]]}}, {"type": "Feature", "properties": {"interrow_id": "V08-I043", "vineyard_id": "V08", "between_rows": ["V08-R41", "V08-R42"], "interrow_cover": "bare_soil", "area_m2": 200.19}, "geometry": {"type": "Polygon", "coordinates": [[[629606.1501446407, 5220278.339976372], [629664.7671757811, 5220201.931121677], [629666.4822028244, 5220203.235152746], [629607.7446112664, 5220279.552338607], [629606.1501446407, 5220278.339976372]]]}}, {"type": "Feature", "properties": {"interrow_id": "V08-I044", "vineyard_id": "V08", "between_rows": ["V08-R42", "V08-R43"], "interrow_cover": "bare_soil", "area_m2": 213.04}, "geometry": {"type": "Polygon", "coordinates": [[[629608.4721232034, 5220279.590808168], [629667.7047710357, 5220202.630400468], [629669.486004241, 5220203.984771788], [629610.1833982865, 5220280.891986411], [629608.4721232034, 5220279.590808168]]]}}, {"type": "Feature", "properties": {"interrow_id": "V08-I045", "vineyard_id": "V08", "between_rows": ["V08-R43", "V08-R44"], "interrow_cover": "bare_soil", "area_m2": 196.22}, "geometry": {"type": "Polygon", "coordinates": [[[629611.9556733401, 5220279.576151004], [629670.4021769855, 5220203.779181757], [629672.0003311839, 5220204.994347859], [629613.621423654, 5220280.842714217], [629611.9556733401, 5220279.576151004]]]}}, {"type": "Feature", "properties": {"interrow_id": "V08-I046", "vineyard_id": "V08", "between_rows": ["V08-R44", "V08-R45"], "interrow_cover": "bare_soil", "area_m2": 214.95}, "geometry": {"type": "Polygon", "coordinates": [[[629614.6974272431, 5220280.428420482], [629672.7139391667, 5220205.05089395], [629674.504331126, 5220206.412229183], [629616.5048336663, 5220281.802692764], [629614.6974272431, 5220280.428420482]]]}}, {"type": "Feature", "properties": {"interrow_id": "V08-I047", "vineyard_id": "V08", "between_rows": ["V08-R45", "V08-R46"], "interrow_cover": "bare_soil", "area_m2": 205.94}, "geometry": {"type": "Polygon", "coordinates": [[[629616.9824490636, 5220282.1658504885], [629675.0810236918, 5220206.646601764], [629676.7983431383, 5220207.952375875], [629618.7061426878, 5220283.476471243], [629616.9824490636, 5220282.1658504885]]]}}, {"type": "Feature", "properties": {"interrow_id": "V08-I048", "vineyard_id": "V08", "between_rows": ["V08-R46", "V08-R47"], "interrow_cover": "bare_soil", "area_m2": 210.28}, "geometry": {"type": "Polygon", "coordinates": [[[629620.2745642636, 5220282.421501418], [629678.7623696203, 5220206.383090831], [629680.527731745, 5220207.725394481], [629621.999046157, 5220283.732721538], [629620.2745642636, 5220282.421501418]]]}}, {"type": "Feature", "properties": {"interrow_id": "V08-I049", "vineyard_id": "V08", "between_rows": ["V08-R47", "V08-R48"], "interrow_cover": "bare_soil", "area_m2": 207.86}, "geometry": {"type": "Polygon", "coordinates": [[[629622.6016914892, 5220283.933511168], [629681.7872720911, 5220207.073118067], [629683.51962932, 5220208.390326247], [629624.2806691927, 5220285.210131905], [629622.6016914892, 5220283.933511168]]]}}, {"type": "Feature", "properties": {"interrow_id": "V08-I050", "vineyard_id": "V08", "between_rows": ["V08-R48", "V08-R49"], "interrow_cover": "bare_soil", "area_m2": 212.42}, "geometry": {"type": "Polygon", "coordinates": [[[629624.75828459, 5220285.573289629], [629684.5106369692, 5220208.087727972], [629686.240056471, 5220209.402702433], [629626.4851527362, 5220286.8863241505], [629624.75828459, 5220285.573289629]]]}}, {"type": "Feature", "properties": {"interrow_id": "V08-I051", "vineyard_id": "V08", "between_rows": ["V08-R49", "V08-R50"], "interrow_cover": "bare_soil", "area_m2": 207.92}, "geometry": {"type": "Polygon", "coordinates": [[[629628.1751920239, 5220285.677343218], [629686.6676120599, 5220209.83077224], [629688.3712364984, 5220211.12613327], [629629.927558183, 5220287.0097653065], [629628.1751920239, 5220285.677343218]]]}}, {"type": "Feature", "properties": {"interrow_id": "V08-I052", "vineyard_id": "V08", "between_rows": ["V08-R50", "V08-R51"], "interrow_cover": "bare_soil", "area_m2": 206.72}, "geometry": {"type": "Polygon", "coordinates": [[[629631.5077145678, 5220285.941377019], [629687.3599595131, 5220213.422478037], [629689.1288170588, 5220214.76743945], [629633.3344958042, 5220287.330381056], [629631.5077145678, 5220285.941377019]]]}}, {"type": "Feature", "properties": {"interrow_id": "V08-I053", "vineyard_id": "V08", "between_rows": ["V08-R51", "V08-R52"], "interrow_cover": "bare_soil", "area_m2": 173.65}, "geometry": {"type": "Polygon", "coordinates": [[[629634.08010519, 5220287.345000941], [629689.606432456, 5220215.130597174], [629691.3105061415, 5220216.426299791], [629635.4110250756, 5220288.356973835], [629634.08010519, 5220287.345000941]]]}}, {"type": "Feature", "properties": {"interrow_id": "V08-I054", "vineyard_id": "V08", "between_rows": ["V08-R52", "V08-R53"], "interrow_cover": "bare_soil", "area_m2": 195.29}, "geometry": {"type": "Polygon", "coordinates": [[[629637.179333463, 5220287.059285787], [629692.2982205531, 5220216.133069204], [629693.9564438545, 5220217.3939092085], [629638.9825516266, 5220288.430373502], [629637.179333463, 5220287.059285787]]]}}, {"type": "Feature", "properties": {"interrow_id": "V08-I055", "vineyard_id": "V08", "between_rows": ["V08-R53", "V08-R54"], "interrow_cover": "bare_soil", "area_m2": 131.11}, "geometry": {"type": "Polygon", "coordinates": [[[629639.6675606201, 5220288.525540235], [629673.541922534, 5220244.753582257], [629675.6147142503, 5220246.329641834], [629664.1121598129, 5220260.756286326], [629652.7552353203, 5220275.296756888], [629641.600564921, 5220289.995311615], [629639.6675606201, 5220288.525540235]]]}}, {"type": "Feature", "properties": {"interrow_id": "V08-I056", "vineyard_id": "V08", "between_rows": ["V08-R55", "V08-R56"], "interrow_cover": "bare_soil", "area_m2": 67.63}, "geometry": {"type": "Polygon", "coordinates": [[[629659.8556637852, 5220293.620966177], [629678.3859704928, 5220264.913691656], [629680.095235843, 5220266.213341787], [629661.3067647519, 5220294.724319476], [629659.8556637852, 5220293.620966177]]]}}, {"type": "Feature", "properties": {"interrow_id": "V09-I001", "vineyard_id": "V09", "between_rows": ["V09-R01", "V09-R02"], "interrow_cover": "bare_soil", "area_m2": 226.33}, "geometry": {"type": "Polygon", "coordinates": [[[629568.5302085982, 5220159.245602236], [629627.4231776417, 5220082.23994275], [629629.2172889948, 5220083.613017719], [629570.4440351739, 5220160.710298037], [629568.5302085982, 5220159.245602236]]]}}, {"type": "Feature", "properties": {"interrow_id": "V09-I002", "vineyard_id": "V09", "between_rows": ["V09-R02", "V09-R03"], "interrow_cover": "bare_soil", "area_m2": 197.61}, "geometry": {"type": "Polygon", "coordinates": [[[629571.480574114, 5220160.340272872], [629630.0688032235, 5220083.48570333], [629631.7422413536, 5220084.766424286], [629573.0547648147, 5220161.545037473], [629571.480574114, 5220160.340272872]]]}}, {"type": "Feature", "properties": {"interrow_id": "V09-I003", "vineyard_id": "V09", "between_rows": ["V09-R03", "V09-R04"], "interrow_cover": "bare_soil", "area_m2": 219.63}, "geometry": {"type": "Polygon", "coordinates": [[[629573.5312375579, 5220161.909693098], [629633.0722365315, 5220084.014448686], [629634.7869763623, 5220085.32677879], [629575.3742892093, 5220163.32022321], [629573.5312375579, 5220161.909693098]]]}}, {"type": "Feature", "properties": {"interrow_id": "V09-I004", "vineyard_id": "V09", "between_rows": ["V09-R04", "V09-R05"], "interrow_cover": "bare_soil", "area_m2": 218.93}, "geometry": {"type": "Polygon", "coordinates": [[[629574.3806713616, 5220165.614726387], [629634.9263308955, 5220086.133983164], [629636.7544966562, 5220087.533120761], [629576.0326676719, 5220166.879037422], [629574.3806713616, 5220165.614726387]]]}}, {"type": "Feature", "properties": {"interrow_id": "V09-I005", "vineyard_id": "V09", "between_rows": ["V09-R05", "V09-R06"], "interrow_cover": "bare_soil", "area_m2": 235.01}, "geometry": {"type": "Polygon", "coordinates": [[[629576.665881173, 5220167.038878085], [629637.2309693994, 5220087.897776386], [629639.0440892433, 5220089.285398993], [629578.5981671578, 5220168.5177013], [629576.665881173, 5220167.038878085]]]}}, {"type": "Feature", "properties": {"interrow_id": "V09-I006", "vineyard_id": "V09", "between_rows": ["V09-R06", "V09-R07"], "interrow_cover": "bare_soil", "area_m2": 238.99}, "geometry": {"type": "Polygon", "coordinates": [[[629579.785090095, 5220167.951101306], [629642.1871933772, 5220086.15464356], [629643.8642463944, 5220087.4381310735], [629634.7277969127, 5220099.777963186], [629624.2197949385, 5220113.78024293], [629602.8980207924, 5220141.551031289], [629581.4558373698, 5220169.2297628885], [629579.785090095, 5220167.951101306]]]}}, {"type": "Feature", "properties": {"interrow_id": "V09-I007", "vineyard_id": "V09", "between_rows": ["V09-R07", "V09-R08"], "interrow_cover": "bare_soil", "area_m2": 224.55}, "geometry": {"type": "Polygon", "coordinates": [[[629582.297342013, 5220169.123215569], [629603.3744935356, 5220141.915686914], [629624.6962676817, 5220114.144898555], [629635.2042696559, 5220100.142618811], [629645.3965863895, 5220086.376715811], [629647.1214029711, 5220087.696757887], [629626.3813601632, 5220115.502897609], [629594.6448747617, 5220156.733409281], [629584.1248253282, 5220170.521830874], [629582.297342013, 5220169.123215569]]]}}, {"type": "Feature", "properties": {"interrow_id": "V09-I008", "vineyard_id": "V09", "between_rows": ["V09-R08", "V09-R09"], "interrow_cover": "bare_soil", "area_m2": 215.3}, "geometry": {"type": "Polygon", "coordinates": [[[629585.7824620808, 5220169.338358096], [629595.1213475049, 5220157.098064906], [629626.8578329064, 5220115.867553234], [629647.5978757143, 5220088.061413512], [629649.4695953468, 5220089.493883895], [629587.4907270374, 5220170.645732829], [629585.7824620808, 5220169.338358096]]]}}, {"type": "Feature", "properties": {"interrow_id": "V09-I009", "vineyard_id": "V09", "between_rows": ["V09-R09", "V09-R10"], "interrow_cover": "bare_soil", "area_m2": 216.88}, "geometry": {"type": "Polygon", "coordinates": [[[629588.37966707, 5220170.470325623], [629651.1646702917, 5220088.262966311], [629652.7447314218, 5220089.472223687], [629590.1295747105, 5220171.809570466], [629588.37966707, 5220170.470325623]]]}}, {"type": "Feature", "properties": {"interrow_id": "V09-I010", "vineyard_id": "V09", "between_rows": ["V09-R10", "V09-R11"], "interrow_cover": "bare_soil", "area_m2": 220.05}, "geometry": {"type": "Polygon", "coordinates": [[[629591.1283326573, 5220171.487434263], [629653.1276939804, 5220089.959842839], [629654.9071249914, 5220091.321682602], [629592.7611204255, 5220172.737044557], [629591.1283326573, 5220171.487434263]]]}}, {"type": "Feature", "properties": {"interrow_id": "V09-I011", "vineyard_id": "V09", "between_rows": ["V09-R11", "V09-R12"], "interrow_cover": "bare_soil", "area_m2": 202.5}, "geometry": {"type": "Polygon", "coordinates": [[[629593.82429908, 5220172.3330767695], [629655.3835977346, 5220091.686338227], [629657.0129193862, 5220092.933295822], [629648.7098143831, 5220103.935651337], [629638.0386506495, 5220117.849369535], [629605.9693468754, 5220159.547628791], [629595.2139748413, 5220173.396627814], [629593.82429908, 5220172.3330767695]]]}}, {"type": "Feature", "properties": {"interrow_id": "V09-I012", "vineyard_id": "V09", "between_rows": ["V09-R12", "V09-R13"], "interrow_cover": "bare_soil", "area_m2": 206.01}, "geometry": {"type": "Polygon", "coordinates": [[[629596.3791434198, 5220172.874494221], [629606.4458196186, 5220159.912284416], [629638.5151233927, 5220118.21402516], [629649.1862871263, 5220104.300306962], [629659.681238924, 5220090.393558733], [629661.3046879594, 5220091.636021878], [629619.1030715192, 5220146.623019705], [629608.630132617, 5220160.429114336], [629598.2465105614, 5220174.303633542], [629596.3791434198, 5220172.874494221]]]}}, {"type": "Feature", "properties": {"interrow_id": "V09-I013", "vineyard_id": "V09", "between_rows": ["V09-R13", "V09-R14"], "interrow_cover": "bare_soil", "area_m2": 248.37}, "geometry": {"type": "Polygon", "coordinates": [[[629599.8848652638, 5220173.115791063], [629609.1066053602, 5220160.793769961], [629619.5795442624, 5220146.98767533], [629659.6312204149, 5220094.801962664], [629661.2716093515, 5220096.057390308], [629649.2614547055, 5220111.67768302], [629637.4459501598, 5220127.442839214], [629625.8554454802, 5220143.375445948], [629614.089679634, 5220159.17761893], [629602.1978609853, 5220174.885980256], [629599.8848652638, 5220173.115791063]]]}}, {"type": "Feature", "properties": {"interrow_id": "V09-I014", "vineyard_id": "V09", "between_rows": ["V09-R14", "V09-R15"], "interrow_cover": "bare_soil", "area_m2": 97.42}, "geometry": {"type": "Polygon", "coordinates": [[[629602.9362826915, 5220174.9046174055], [629614.5661523772, 5220159.542274555], [629624.607175952, 5220146.056540306], [629626.5363491068, 5220147.532981199], [629605.3525225682, 5220176.753821742], [629602.9362826915, 5220174.9046174055]]]}}, {"type": "Feature", "properties": {"interrow_id": "V09-I015", "vineyard_id": "V09", "between_rows": ["V09-R14", "V09-R16"], "interrow_cover": "bare_soil", "area_m2": 207.77}, "geometry": {"type": "Polygon", "coordinates": [[[629625.613834369, 5220144.70453393], [629626.3319182234, 5220143.740101573], [629637.922422903, 5220127.807494839], [629649.7379274487, 5220112.042338645], [629661.7480820947, 5220096.422045933], [629665.0426059889, 5220098.9434213685], [629637.733552892, 5220133.251490566], [629627.6177104105, 5220146.238146673], [629625.613834369, 5220144.70453393]]]}}, {"type": "Feature", "properties": {"interrow_id": "V09-I016", "vineyard_id": "V09", "between_rows": ["V09-R15", "V09-R17"], "interrow_cover": "bare_soil", "area_m2": 95.73}, "geometry": {"type": "Polygon", "coordinates": [[[629606.4993722747, 5220176.193763491], [629627.01282185, 5220147.897636824], [629629.4417766264, 5220149.756572167], [629629.0120928325, 5220150.318095229], [629608.4265700903, 5220177.668692612], [629606.4993722747, 5220176.193763491]]]}}, {"type": "Feature", "properties": {"interrow_id": "V09-I017", "vineyard_id": "V09", "between_rows": ["V09-R16", "V09-R17"], "interrow_cover": "bare_soil", "area_m2": 176.04}, "geometry": {"type": "Polygon", "coordinates": [[[629628.0941831537, 5220146.602802298], [629638.2100256352, 5220133.616146191], [629668.9642424594, 5220094.979954919], [629670.8118915557, 5220096.394003563], [629639.4129740181, 5220136.725926472], [629630.4660381891, 5220148.418037888], [629628.0941831537, 5220146.602802298]]]}}, {"type": "Feature", "properties": {"interrow_id": "V09-I018", "vineyard_id": "V09", "between_rows": ["V09-R17", "V09-R18"], "interrow_cover": "bare_soil", "area_m2": 241.06}, "geometry": {"type": "Polygon", "coordinates": [[[629609.6667617359, 5220177.018646377], [629629.4885655757, 5220150.682750854], [629639.8894467613, 5220137.090582097], [629671.4313850842, 5220096.574948928], [629673.1793645083, 5220097.912718063], [629611.3852636678, 5220178.333855705], [629609.6667617359, 5220177.018646377]]]}}, {"type": "Feature", "properties": {"interrow_id": "V09-I019", "vineyard_id": "V09", "between_rows": ["V09-R18", "V09-R19"], "interrow_cover": "bare_soil", "area_m2": 226.95}, "geometry": {"type": "Polygon", "coordinates": [[[629612.6769241544, 5220177.637595728], [629675.2281979393, 5220096.231045098], [629676.9527482825, 5220097.550883415], [629614.4634356088, 5220179.004854319], [629612.6769241544, 5220177.637595728]]]}}, {"type": "Feature", "properties": {"interrow_id": "V09-I020", "vineyard_id": "V09", "between_rows": ["V09-R19", "V09-R20"], "interrow_cover": "bare_soil", "area_m2": 235.71}, "geometry": {"type": "Polygon", "coordinates": [[[629615.1117683103, 5220179.145492821], [629678.4751341322, 5220096.552205502], [629680.2725808723, 5220097.92783312], [629616.9105751202, 5220180.522161332], [629615.1117683103, 5220179.145492821]]]}}, {"type": "Feature", "properties": {"interrow_id": "V09-I021", "vineyard_id": "V09", "between_rows": ["V09-R20", "V09-R21"], "interrow_cover": "bare_soil", "area_m2": 245.91}, "geometry": {"type": "Polygon", "coordinates": [[[629618.7908544786, 5220179.05691175], [629681.3517689861, 5220097.5068306755], [629683.2540188845, 5220098.962666578], [629620.6885701971, 5220180.509277538], [629618.7908544786, 5220179.05691175]]]}}, {"type": "Feature", "properties": {"interrow_id": "V09-I022", "vineyard_id": "V09", "between_rows": ["V09-R21", "V09-R22"], "interrow_cover": "bare_soil", "area_m2": 213.18}, "geometry": {"type": "Polygon", "coordinates": [[[629621.1650429403, 5220180.873933164], [629683.8461843432, 5220099.176530528], [629685.4239705706, 5220100.3840468675], [629622.8752591502, 5220182.182801237], [629621.1650429403, 5220180.873933164]]]}}, {"type": "Feature", "properties": {"interrow_id": "V09-I023", "vineyard_id": "V09", "between_rows": ["V09-R22", "V09-R23"], "interrow_cover": "bare_soil", "area_m2": 234.56}, "geometry": {"type": "Polygon", "coordinates": [[[629624.1871777514, 5220181.454893498], [629686.1606557989, 5220100.408406799], [629688.0063849654, 5220101.820986076], [629625.9929332497, 5220182.836880001], [629624.1871777514, 5220181.454893498]]]}}, {"type": "Feature", "properties": {"interrow_id": "V09-I024", "vineyard_id": "V09", "between_rows": ["V09-R23", "V09-R24"], "interrow_cover": "bare_soil", "area_m2": 215.79}, "geometry": {"type": "Polygon", "coordinates": [[[629626.6006733148, 5220183.030044778], [629689.3607051418, 5220101.038800289], [629691.1413368626, 5220102.401558983], [629628.1392996218, 5220184.207591125], [629626.6006733148, 5220183.030044778]]]}}, {"type": "Feature", "properties": {"interrow_id": "V09-I025", "vineyard_id": "V09", "between_rows": ["V09-R24", "V09-R25"], "interrow_cover": "bare_soil", "area_m2": 202.27}, "geometry": {"type": "Polygon", "coordinates": [[[629635.348649262, 5220175.829831934], [629692.6490028081, 5220101.427244823], [629694.460407169, 5220102.813554532], [629636.9580833204, 5220177.061569092], [629635.348649262, 5220175.829831934]]]}}, {"type": "Feature", "properties": {"interrow_id": "V09-I026", "vineyard_id": "V09", "between_rows": ["V09-R25", "V09-R26"], "interrow_cover": "bare_soil", "area_m2": 196.15}, "geometry": {"type": "Polygon", "coordinates": [[[629637.4345560636, 5220177.426224717], [629694.9368799122, 5220103.178210157], [629696.4450303267, 5220104.332432597], [629639.2438130316, 5220178.810890976], [629637.4345560636, 5220177.426224717]]]}}, {"type": "Feature", "properties": {"interrow_id": "V09-I027", "vineyard_id": "V09", "between_rows": ["V09-R26", "V09-R27"], "interrow_cover": "bare_soil", "area_m2": 247.6}, "geometry": {"type": "Polygon", "coordinates": [[[629635.065811941, 5220185.235872799], [629698.0803877914, 5220103.188170203], [629699.9035305755, 5220104.583463598], [629637.0438747508, 5220186.749730078], [629635.065811941, 5220185.235872799]]]}}, {"type": "Feature", "properties": {"interrow_id": "V09-I028", "vineyard_id": "V09", "between_rows": ["V09-R27", "V09-R28"], "interrow_cover": "bare_soil", "area_m2": 216.48}, "geometry": {"type": "Polygon", "coordinates": [[[629637.673045049, 5220186.914788874], [629701.0832970956, 5220104.02881696], [629702.779297794, 5220105.326805573], [629639.271646842, 5220188.138235848], [629637.673045049, 5220186.914788874]]]}}, {"type": "Feature", "properties": {"interrow_id": "V09-I029", "vineyard_id": "V09", "between_rows": ["V09-R28", "V09-R29"], "interrow_cover": "bare_soil", "area_m2": 238.97}, "geometry": {"type": "Polygon", "coordinates": [[[629640.317352055, 5220187.760635158], [629703.8848729993, 5220104.871136813], [629705.6484498339, 5220106.220843008], [629642.1872346259, 5220189.191699595], [629640.317352055, 5220187.760635158]]]}}, {"type": "Feature", "properties": {"interrow_id": "V09-I030", "vineyard_id": "V09", "between_rows": ["V09-R29", "V09-R30"], "interrow_cover": "bare_soil", "area_m2": 230.72}, "geometry": {"type": "Polygon", "coordinates": [[[629643.5160112012, 5220188.442030845], [629706.6217466815, 5220105.935937773], [629708.4922883224, 5220107.367506612], [629645.1732068772, 5220189.710321075], [629643.5160112012, 5220188.442030845]]]}}, {"type": "Feature", "properties": {"interrow_id": "V09-I031", "vineyard_id": "V09", "between_rows": ["V09-R30", "V09-R31"], "interrow_cover": "bare_soil", "area_m2": 228.25}, "geometry": {"type": "Polygon", "coordinates": [[[629646.2487431195, 5220189.295929162], [629709.0633862186, 5220107.609107682], [629710.845319443, 5220108.972862447], [629647.9847917496, 5220190.624567384], [629646.2487431195, 5220189.295929162]]]}}, {"type": "Feature", "properties": {"interrow_id": "V09-I032", "vineyard_id": "V09", "between_rows": ["V09-R31", "V09-R32"], "interrow_cover": "bare_soil", "area_m2": 231.26}, "geometry": {"type": "Polygon", "coordinates": [[[629649.1361234522, 5220190.112625458], [629712.6356182186, 5220107.6309441775], [629714.4181556738, 5220108.995161374], [629650.8821286947, 5220191.448883707], [629649.1361234522, 5220190.112625458]]]}}, {"type": "Feature", "properties": {"interrow_id": "V09-I033", "vineyard_id": "V09", "between_rows": ["V09-R32", "V09-R33"], "interrow_cover": "bare_soil", "area_m2": 224.82}, "geometry": {"type": "Polygon", "coordinates": [[[629652.0522037738, 5220190.913418611], [629715.2059705856, 5220108.955773468], [629716.9480669427, 5220110.289040156], [629653.7611846596, 5220192.221341262], [629652.0522037738, 5220190.913418611]]]}}, {"type": "Feature", "properties": {"interrow_id": "V09-I034", "vineyard_id": "V09", "between_rows": ["V09-R33", "V09-R34"], "interrow_cover": "bare_soil", "area_m2": 91.7}, "geometry": {"type": "Polygon", "coordinates": [[[629690.380843009, 5220145.720345996], [629717.8761156054, 5220110.068152503], [629719.3098217084, 5220111.1654009875], [629692.1818819719, 5220147.098722825], [629690.380843009, 5220145.720345996]]]}}, {"type": "Feature", "properties": {"interrow_id": "V09-I035", "vineyard_id": "V09", "between_rows": ["V09-R33", "V09-R35"], "interrow_cover": "bare_soil", "area_m2": 177.6}, "geometry": {"type": "Polygon", "coordinates": [[[629654.9577438735, 5220191.6522850245], [629690.380843009, 5220145.720345996], [629692.7432833788, 5220147.528376323], [629657.4582429349, 5220193.565974866], [629654.9577438735, 5220191.6522850245]]]}}, {"type": "Feature", "properties": {"interrow_id": "V09-I036", "vineyard_id": "V09", "between_rows": ["V09-R34", "V09-R36"], "interrow_cover": "bare_soil", "area_m2": 119.86}, "geometry": {"type": "Polygon", "coordinates": [[[629692.6583547151, 5220147.463378451], [629720.0433722059, 5220111.18953471], [629722.1959619863, 5220112.836961521], [629694.6944058889, 5220149.021615568], [629692.6583547151, 5220147.463378451]]]}}, {"type": "Feature", "properties": {"interrow_id": "V09-I037", "vineyard_id": "V09", "between_rows": ["V09-R35", "V09-R36"], "interrow_cover": "bare_soil", "area_m2": 195.96}, "geometry": {"type": "Polygon", "coordinates": [[[629658.3121060705, 5220193.438236345], [629721.7860148576, 5220110.621657592], [629723.1097112754, 5220111.634713117], [629659.9712191488, 5220194.7079940075], [629658.3121060705, 5220193.438236345]]]}}, {"type": "Feature", "properties": {"interrow_id": "V09-I038", "vineyard_id": "V09", "between_rows": ["V09-R36", "V09-R37"], "interrow_cover": "bare_soil", "area_m2": 144.71}, "geometry": {"type": "Polygon", "coordinates": [[[629678.7140028211, 5220171.0390953375], [629723.5861840186, 5220111.999368742], [629725.2305281152, 5220113.257823361], [629680.1690554059, 5220172.152680779], [629678.7140028211, 5220171.0390953375]]]}}, {"type": "Feature", "properties": {"interrow_id": "V09-I039", "vineyard_id": "V09", "between_rows": ["V09-R37", "V09-R38"], "interrow_cover": "bare_soil", "area_m2": 126.53}, "geometry": {"type": "Polygon", "coordinates": [[[629680.6455281491, 5220172.517336404], [629726.8481944478, 5220112.130951309], [629728.2992327301, 5220113.2414645115], [629701.8971920442, 5220147.371903276], [629681.9181700192, 5220173.491318701], [629680.6455281491, 5220172.517336404]]]}}, {"type": "Feature", "properties": {"interrow_id": "V09-I040", "vineyard_id": "V09", "between_rows": ["V09-R38", "V09-R39"], "interrow_cover": "bare_soil", "area_m2": 146.71}, "geometry": {"type": "Polygon", "coordinates": [[[629682.5115169503, 5220173.703179787], [629702.3736647874, 5220147.736558901], [629729.794043263, 5220112.28969479], [629731.1331158362, 5220113.314518042], [629719.4091463335, 5220128.741883174], [629695.8127529966, 5220159.482914467], [629684.1222369472, 5220174.935901104], [629682.5115169503, 5220173.703179787]]]}}, {"type": "Feature", "properties": {"interrow_id": "V09-I041", "vineyard_id": "V09", "between_rows": ["V09-R39", "V09-R40"], "interrow_cover": "bare_soil", "area_m2": 190.93}, "geometry": {"type": "Polygon", "coordinates": [[[629684.5987096904, 5220175.300556729], [629696.2892257398, 5220159.847570092], [629719.8856190767, 5220129.106538799], [629731.6095885794, 5220113.679173667], [629733.39809955, 5220115.047962534], [629715.1756059785, 5220139.433647591], [629704.3533254099, 5220153.571278781], [629693.4504235714, 5220167.647508966], [629686.505534973, 5220176.759894279], [629684.5987096904, 5220175.300556729]]]}}, {"type": "Feature", "properties": {"interrow_id": "V09-I042", "vineyard_id": "V09", "between_rows": ["V09-R40", "V09-R41"], "interrow_cover": "bare_soil", "area_m2": 249.16}, "geometry": {"type": "Polygon", "coordinates": [[[629672.4608256001, 5220196.423364936], [629683.1346483028, 5220182.1726685185], [629693.9268963146, 5220168.012164591], [629704.8297981531, 5220153.935934406], [629715.6520787217, 5220139.798303216], [629735.4493027879, 5220113.30528407], [629737.5675278205, 5220114.926410744], [629674.2195050986, 5220197.769323086], [629672.4608256001, 5220196.423364936]]]}}, {"type": "Feature", "properties": {"interrow_id": "V09-I043", "vineyard_id": "V09", "between_rows": ["V09-R41", "V09-R42"], "interrow_cover": "bare_soil", "area_m2": 212.32}, "geometry": {"type": "Polygon", "coordinates": [[[629674.3235740644, 5220198.620987021], [629737.8809760297, 5220115.504260508], [629739.5704541119, 5220116.797257212], [629675.8568999455, 5220199.7944768295], [629674.3235740644, 5220198.620987021]]]}}, {"type": "Feature", "properties": {"interrow_id": "V09-I044", "vineyard_id": "V09", "between_rows": ["V09-R42", "V09-R43"], "interrow_cover": "bare_soil", "area_m2": 246.67}, "geometry": {"type": "Polygon", "coordinates": [[[629677.3027014, 5220198.896424872], [629740.0469268551, 5220117.161912837], [629741.8240210578, 5220118.521964187], [629679.3277112267, 5220200.446211791], [629677.3027014, 5220198.896424872]]]}}, {"type": "Feature", "properties": {"interrow_id": "V09-I045", "vineyard_id": "V09", "between_rows": ["V09-R43", "V09-R44"], "interrow_cover": "bare_soil", "area_m2": 222.26}, "geometry": {"type": "Polygon", "coordinates": [[[629681.123167639, 5220199.081857415], [629743.4998165133, 5220117.3144692145], [629745.3056681028, 5220118.696529259], [629682.7497927088, 5220200.326751253], [629681.123167639, 5220199.081857415]]]}}, {"type": "Feature", "properties": {"interrow_id": "V09-I046", "vineyard_id": "V09", "between_rows": ["V09-R44", "V09-R45"], "interrow_cover": "bare_soil", "area_m2": 211.2}, "geometry": {"type": "Polygon", "coordinates": [[[629686.0183099407, 5220197.048020705], [629746.3533501416, 5220118.315804193], [629748.0308928131, 5220119.59966645], [629687.722527778, 5220198.352298085], [629686.0183099407, 5220197.048020705]]]}}, {"type": "Feature", "properties": {"interrow_id": "V09-I047", "vineyard_id": "V09", "between_rows": ["V09-R45", "V09-R46"], "interrow_cover": "bare_soil", "area_m2": 240.63}, "geometry": {"type": "Polygon", "coordinates": [[[629688.1990005212, 5220198.71695371], [629748.7117290698, 5220119.697457529], [629750.6371033863, 5220121.170991084], [629690.1135124079, 5220200.182173995], [629688.1990005212, 5220198.71695371]]]}}, {"type": "Feature", "properties": {"interrow_id": "V09-I048", "vineyard_id": "V09", "between_rows": ["V09-R46", "V09-R47"], "interrow_cover": "bare_soil", "area_m2": 209.23}, "geometry": {"type": "Polygon", "coordinates": [[[629689.4271134199, 5220202.0649132235], [629751.5762404414, 5220120.931656529], [629753.3057180569, 5220122.255265802], [629690.9492014986, 5220203.229802481], [629689.4271134199, 5220202.0649132235]]]}}, {"type": "Feature", "properties": {"interrow_id": "V09-I049", "vineyard_id": "V09", "between_rows": ["V09-R47", "V09-R48"], "interrow_cover": "bare_soil", "area_m2": 232.91}, "geometry": {"type": "Polygon", "coordinates": [[[629692.4137341427, 5220202.311389438], [629754.9892649311, 5220121.052446624], [629756.6987860363, 5220122.360782717], [629694.3110371901, 5220203.7634394], [629692.4137341427, 5220202.311389438]]]}}, {"type": "Feature", "properties": {"interrow_id": "V09-I050", "vineyard_id": "V09", "between_rows": ["V09-R48", "V09-R49"], "interrow_cover": "bare_soil", "area_m2": 208.2}, "geometry": {"type": "Polygon", "coordinates": [[[629694.7875099333, 5220204.128095025], [629757.2624155445, 5220122.6117174225], [629758.9768221809, 5220123.923792526], [629696.2927399572, 5220205.280082423], [629694.7875099333, 5220204.128095025]]]}}, {"type": "Feature", "properties": {"interrow_id": "V09-I051", "vineyard_id": "V09", "between_rows": ["V09-R49", "V09-R50"], "interrow_cover": "bare_soil", "area_m2": 229.69}, "geometry": {"type": "Polygon", "coordinates": [[[629697.1073456467, 5220205.205882744], [629760.1504974334, 5220123.383564368], [629761.7271639882, 5220124.590223797], [629745.7114408654, 5220145.699017287], [629710.6475023755, 5220191.392260318], [629699.0527781032, 5220206.694767257], [629697.1073456467, 5220205.205882744]]]}}, {"type": "Feature", "properties": {"interrow_id": "V09-I052", "vineyard_id": "V09", "between_rows": ["V09-R50", "V09-R51"], "interrow_cover": "bare_soil", "area_m2": 226.65}, "geometry": {"type": "Polygon", "coordinates": [[[629700.1528002567, 5220206.236473672], [629711.1239751187, 5220191.756915943], [629746.1879136086, 5220146.063672912], [629769.3971415495, 5220115.473808445], [629771.0232102807, 5220116.7182765035], [629701.7164453913, 5220207.433167507], [629700.1528002567, 5220206.236473672]]]}}, {"type": "Feature", "properties": {"interrow_id": "V09-I053", "vineyard_id": "V09", "between_rows": ["V09-R51", "V09-R52"], "interrow_cover": "bare_soil", "area_m2": 225.72}, "geometry": {"type": "Polygon", "coordinates": [[[629703.7986375928, 5220205.696113928], [629766.0339576692, 5220124.2369621955], [629767.8223653628, 5220125.605672021], [629705.5073001578, 5220207.003792961], [629703.7986375928, 5220205.696113928]]]}}, {"type": "Feature", "properties": {"interrow_id": "V10-I001", "vineyard_id": "V10", "between_rows": ["V10-R01", "V10-R02"], "interrow_cover": "mixed", "area_m2": 13.41}, "geometry": {"type": "Polygon", "coordinates": [[[629754.0722038012, 5220104.203113261], [629759.5205600528, 5220096.710880727], [629760.7592240841, 5220097.6524455035], [629755.1385989585, 5220105.013728644], [629754.0722038012, 5220104.203113261]]]}}, {"type": "Feature", "properties": {"interrow_id": "V10-I002", "vineyard_id": "V10", "between_rows": ["V10-R02", "V10-R03"], "interrow_cover": "bare_soil", "area_m2": 15.02}, "geometry": {"type": "Polygon", "coordinates": [[[629753.0340029834, 5220108.758785547], [629758.1358069244, 5220102.076997934], [629759.5590130008, 5220103.158841499], [629754.4555879305, 5220109.839396819], [629753.0340029834, 5220108.758785547]]]}}, {"type": "Feature", "properties": {"interrow_id": "V10-I003", "vineyard_id": "V10", "between_rows": ["V10-R03", "V10-R04"], "interrow_cover": "mixed", "area_m2": 7.26}, "geometry": {"type": "Polygon", "coordinates": [[[629758.0214299986, 5220106.159961501], [629760.0366768548, 5220103.521935485], [629761.7568272566, 5220104.829499917], [629759.7820831988, 5220107.4983139485], [629758.0214299986, 5220106.159961501]]]}}, {"type": "Feature", "properties": {"interrow_id": "V10-I004", "vineyard_id": "V10", "between_rows": ["V10-R04", "V10-R05"], "interrow_cover": "bare_soil", "area_m2": 75.12}, "geometry": {"type": "Polygon", "coordinates": [[[629760.2597470528, 5220107.861407935], [629769.1925137659, 5220095.789011488], [629771.1946128528, 5220093.222712071], [629774.5883838354, 5220095.802471504], [629763.3581940334, 5220110.2166781835], [629760.2597470528, 5220107.861407935]]]}}, {"type": "Feature", "properties": {"interrow_id": "V10-I005", "vineyard_id": "V10", "between_rows": ["V10-R04", "V10-R06"], "interrow_cover": "bare_soil", "area_m2": 162.2}, "geometry": {"type": "Polygon", "coordinates": [[[629771.8462480729, 5220092.387443177], [629778.4264939657, 5220083.952855042], [629787.7644544259, 5220072.198249718], [629796.790278288, 5220060.198837456], [629799.7166779098, 5220062.423326695], [629786.3189085891, 5220080.587599686], [629775.2364106157, 5220094.964459672], [629771.8462480729, 5220092.387443177]]]}}, {"type": "Feature", "properties": {"interrow_id": "V10-I006", "vineyard_id": "V10", "between_rows": ["V10-R08", "V10-R09"], "interrow_cover": "bare_soil", "area_m2": 116.16}, "geometry": {"type": "Polygon", "coordinates": [[[629787.186895499, 5220088.772129557], [629793.274610587, 5220080.96471389], [629804.5884581163, 5220066.643641217], [629807.9889351018, 5220069.228498187], [629790.3247555406, 5220091.157359463], [629787.186895499, 5220088.772129557]]]}}, {"type": "Feature", "properties": {"interrow_id": "V10-I007", "vineyard_id": "V10", "between_rows": ["V10-R09", "V10-R11"], "interrow_cover": "bare_soil", "area_m2": 60.06}, "geometry": {"type": "Polygon", "coordinates": [[[629790.8024193946, 5220091.520453449], [629808.4665989558, 5220069.591592173], [629809.7339888768, 5220070.554992803], [629792.9326780163, 5220093.139759762], [629790.8024193946, 5220091.520453449]]]}}, {"type": "Feature", "properties": {"interrow_id": "V10-I008", "vineyard_id": "V10", "between_rows": ["V10-R10", "V10-R12"], "interrow_cover": "mixed", "area_m2": 29.24}, "geometry": {"type": "Polygon", "coordinates": [[[629781.1641562595, 5220109.328978181], [629788.4379920048, 5220098.796248441], [629790.4740522234, 5220100.34395027], [629782.7685509896, 5220110.54855147], [629781.1641562595, 5220109.328978181]]]}}, {"type": "Feature", "properties": {"interrow_id": "V10-I009", "vineyard_id": "V10", "between_rows": ["V10-R11", "V10-R12"], "interrow_cover": "mixed", "area_m2": 37.18}, "geometry": {"type": "Polygon", "coordinates": [[[629791.5375476391, 5220096.020313346], [629803.6669431526, 5220079.7156587085], [629805.1812802821, 5220080.866775126], [629792.9360894951, 5220097.083408517], [629791.5375476391, 5220096.020313346]]]}}, {"type": "Feature", "properties": {"interrow_id": "V10-I010", "vineyard_id": "V10", "between_rows": ["V10-R12", "V10-R13"], "interrow_cover": "bare_soil", "area_m2": 54.81}, "geometry": {"type": "Polygon", "coordinates": [[[629795.7481403593, 5220094.355011403], [629804.2502072187, 5220083.095497058], [629807.6680602296, 5220085.693562334], [629798.5152860726, 5220096.458444513], [629795.7481403593, 5220094.355011403]]]}}, {"type": "Feature", "properties": {"interrow_id": "V10-I011", "vineyard_id": "V10", "between_rows": ["V10-R13", "V10-R14"], "interrow_cover": "bare_soil", "area_m2": 37.84}, "geometry": {"type": "Polygon", "coordinates": [[[629798.9929499265, 5220096.8215385], [629808.1457240835, 5220086.05665632], [629809.8166361303, 5220087.326792442], [629801.5927335119, 5220098.797752057], [629798.9929499265, 5220096.8215385]]]}}, {"type": "Feature", "properties": {"interrow_id": "V12-I001", "vineyard_id": "V12", "between_rows": ["V12-R02", "V12-R04"], "interrow_cover": "bare_soil", "area_m2": 78.46}, "geometry": {"type": "Polygon", "coordinates": [[[629626.3406369514, 5220074.828667393], [629628.0232189678, 5220072.591405822], [629638.631468166, 5220058.752814679], [629649.3541876969, 5220045.001220357], [629651.0604402398, 5220046.309456766], [629627.8598178022, 5220075.99347017], [629626.3406369514, 5220074.828667393]]]}}, {"type": "Feature", "properties": {"interrow_id": "V12-I002", "vineyard_id": "V12", "between_rows": ["V12-R02", "V12-R05"], "interrow_cover": "bare_soil", "area_m2": 50.98}, "geometry": {"type": "Polygon", "coordinates": [[[629607.062045831, 5220100.462633894], [629622.7456657321, 5220079.608755898], [629624.3077759655, 5220080.8064739555], [629613.2916202584, 5220095.445118762], [629608.5600391555, 5220101.611191542], [629607.062045831, 5220100.462633894]]]}}, {"type": "Feature", "properties": {"interrow_id": "V12-I003", "vineyard_id": "V12", "between_rows": ["V12-R03", "V12-R05"], "interrow_cover": "bare_soil", "area_m2": 137.19}, "geometry": {"type": "Polygon", "coordinates": [[[629562.4676687048, 5220158.498492465], [629604.891894443, 5220103.1167053515], [629606.4739559336, 5220104.329720654], [629568.6797861427, 5220153.582094548], [629564.0329455741, 5220159.698638481], [629562.4676687048, 5220158.498492465]]]}}, {"type": "Feature", "properties": {"interrow_id": "V12-I004", "vineyard_id": "V12", "between_rows": ["V12-R04", "V12-R06"], "interrow_cover": "bare_soil", "area_m2": 85.11}, "geometry": {"type": "Polygon", "coordinates": [[[629629.7470034895, 5220074.553198927], [629656.4965872702, 5220040.328470447], [629657.7960689939, 5220041.324823133], [629631.5576128415, 5220075.941448918], [629629.7470034895, 5220074.553198927]]]}}, {"type": "Feature", "properties": {"interrow_id": "V12-I005", "vineyard_id": "V12", "between_rows": ["V12-R06", "V12-R07"], "interrow_cover": "bare_soil", "area_m2": 88.68}, "geometry": {"type": "Polygon", "coordinates": [[[629634.0426397219, 5220073.6561969295], [629658.9021636565, 5220040.858808536], [629660.55459476, 5220042.125778389], [629635.8104206206, 5220075.011609025], [629634.0426397219, 5220073.6561969295]]]}}, {"type": "Feature", "properties": {"interrow_id": "V12-I006", "vineyard_id": "V12", "between_rows": ["V12-R07", "V12-R08"], "interrow_cover": "bare_soil", "area_m2": 86.76}, "geometry": {"type": "Polygon", "coordinates": [[[629638.3653067617, 5220072.613976461], [629661.0307438271, 5220042.4908565525], [629662.8724434533, 5220043.902944415], [629640.1765907035, 5220074.002743681], [629638.3653067617, 5220072.613976461]]]}}, {"type": "Feature", "properties": {"interrow_id": "V12-I007", "vineyard_id": "V12", "between_rows": ["V12-R08", "V12-R10"], "interrow_cover": "bare_soil", "area_m2": 82.23}, "geometry": {"type": "Polygon", "coordinates": [[[629640.6527397707, 5220074.367821844], [629663.8661934978, 5220043.581567407], [629665.6443460248, 5220044.944931749], [629642.2595715615, 5220075.599829299], [629640.6527397707, 5220074.367821844]]]}}, {"type": "Feature", "properties": {"interrow_id": "V12-I008", "vineyard_id": "V12", "between_rows": ["V12-R10", "V12-R11"], "interrow_cover": "bare_soil", "area_m2": 90.54}, "geometry": {"type": "Polygon", "coordinates": [[[629641.0027897699, 5220078.23659146], [629666.120495092, 5220045.310009913], [629667.812039575, 5220046.606969199], [629642.7812427595, 5220079.600186177], [629641.0027897699, 5220078.23659146]]]}}, {"type": "Feature", "properties": {"interrow_id": "V12-I009", "vineyard_id": "V12", "between_rows": ["V12-R11", "V12-R12"], "interrow_cover": "bare_soil", "area_m2": 91.74}, "geometry": {"type": "Polygon", "coordinates": [[[629643.8535694634, 5220079.179439651], [629669.1344161107, 5220045.856630756], [629670.9614375274, 5220047.257464382], [629645.5077295488, 5220080.447735168], [629643.8535694634, 5220079.179439651]]]}}, {"type": "Feature", "properties": {"interrow_id": "V12-I010", "vineyard_id": "V12", "between_rows": ["V12-R12", "V12-R13"], "interrow_cover": "bare_soil", "area_m2": 97.85}, "geometry": {"type": "Polygon", "coordinates": [[[629646.2866675071, 5220080.417992848], [629672.655391398, 5220046.034590362], [629674.4322719579, 5220047.396979448], [629648.0939983301, 5220081.80372909], [629646.2866675071, 5220080.417992848]]]}}, {"type": "Feature", "properties": {"interrow_id": "V12-I011", "vineyard_id": "V12", "between_rows": ["V12-R13", "V12-R14"], "interrow_cover": "bare_soil", "area_m2": 95.87}, "geometry": {"type": "Polygon", "coordinates": [[[629649.1958749794, 5220081.351394065], [629674.9084210249, 5220047.762057612], [629676.7137693567, 5220049.146273816], [629650.9875777543, 5220082.7251478005], [629649.1958749794, 5220081.351394065]]]}}, {"type": "Feature", "properties": {"interrow_id": "V12-I012", "vineyard_id": "V12", "between_rows": ["V12-R14", "V12-R15"], "interrow_cover": "bare_soil", "area_m2": 89.73}, "geometry": {"type": "Polygon", "coordinates": [[[629652.7108266065, 5220081.462460487], [629678.8082894906, 5220047.398988092], [629680.4256718701, 5220048.639085009], [629654.4121389117, 5220082.766909064], [629652.7108266065, 5220081.462460487]]]}}, {"type": "Feature", "properties": {"interrow_id": "V12-I013", "vineyard_id": "V12", "between_rows": ["V12-R15", "V12-R16"], "interrow_cover": "bare_soil", "area_m2": 96.46}, "geometry": {"type": "Polygon", "coordinates": [[[629654.8882879788, 5220083.131987228], [629681.2612112764, 5220048.532669728], [629682.9518201682, 5220049.828911667], [629656.7168885473, 5220084.534031639], [629654.8882879788, 5220083.131987228]]]}}, {"type": "Feature", "properties": {"interrow_id": "V12-I014", "vineyard_id": "V12", "between_rows": ["V12-R16", "V12-R17"], "interrow_cover": "bare_soil", "area_m2": 91.33}, "geometry": {"type": "Polygon", "coordinates": [[[629658.3322031662, 5220083.392154202], [629683.4279692353, 5220050.193989831], [629685.311872758, 5220051.638436721], [629659.9315720453, 5220084.618439612], [629658.3322031662, 5220083.392154202]]]}}, {"type": "Feature", "properties": {"interrow_id": "V12-I015", "vineyard_id": "V12", "between_rows": ["V12-R17", "V12-R18"], "interrow_cover": "bare_soil", "area_m2": 96.15}, "geometry": {"type": "Polygon", "coordinates": [[[629660.4077211125, 5220084.983517776], [629687.00543269, 5220050.421570908], [629688.7447683342, 5220051.75517315], [629662.1676627438, 5220086.332919264], [629660.4077211125, 5220084.983517776]]]}}, {"type": "Feature", "properties": {"interrow_id": "V12-I016", "vineyard_id": "V12", "between_rows": ["V12-R18", "V12-R19"], "interrow_cover": "bare_soil", "area_m2": 94.43}, "geometry": {"type": "Polygon", "coordinates": [[[629663.0976379522, 5220086.107553707], [629694.7560686775, 5220044.918825453], [629696.1576313444, 5220045.993446744], [629664.5810470923, 5220087.244929212], [629663.0976379522, 5220086.107553707]]]}}, {"type": "Feature", "properties": {"interrow_id": "V12-I017", "vineyard_id": "V12", "between_rows": ["V12-R19", "V12-R20"], "interrow_cover": "bare_soil", "area_m2": 117.1}, "geometry": {"type": "Polygon", "coordinates": [[[629665.8983340324, 5220086.511149313], [629692.6912504332, 5220051.509025196], [629695.0017299335, 5220053.280541034], [629685.6490688853, 5220064.631328896], [629676.853092113, 5220076.401220083], [629668.4000342906, 5220088.42928], [629665.8983340324, 5220086.511149313]]]}}, {"type": "Feature", "properties": {"interrow_id": "V12-I018", "vineyard_id": "V12", "between_rows": ["V12-R20", "V12-R21"], "interrow_cover": "bare_soil", "area_m2": 156.43}, "geometry": {"type": "Polygon", "coordinates": [[[629669.7431980747, 5220087.560662005], [629677.3292411802, 5220076.7662982475], [629686.1252179524, 5220064.99640706], [629695.4778790007, 5220053.645619199], [629698.2532751758, 5220055.77360098], [629682.4571356748, 5220076.116669638], [629672.3547443474, 5220089.563015017], [629669.7431980747, 5220087.560662005]]]}}, {"type": "Feature", "properties": {"interrow_id": "V12-I019", "vineyard_id": "V12", "between_rows": ["V12-R21", "V12-R22"], "interrow_cover": "bare_soil", "area_m2": 228.83}, "geometry": {"type": "Polygon", "coordinates": [[[629673.9957067817, 5220088.377719381], [629682.933284742, 5220076.481747801], [629703.5629678165, 5220049.91379687], [629713.8173765099, 5220036.583634227], [629723.9039671646, 5220023.125212823], [629733.7664814217, 5220009.495535927], [629735.7420361708, 5220011.010254636], [629676.0262162433, 5220089.934573562], [629673.9957067817, 5220088.377719381]]]}}, {"type": "Feature", "properties": {"interrow_id": "V12-I020", "vineyard_id": "V12", "between_rows": ["V12-R22", "V12-R23"], "interrow_cover": "bare_soil", "area_m2": 215.09}, "geometry": {"type": "Polygon", "coordinates": [[[629676.5023653104, 5220090.299651726], [629736.8112657841, 5220010.591478903], [629738.4803519764, 5220011.871218726], [629678.2487828401, 5220091.638683869], [629676.5023653104, 5220090.299651726]]]}}, {"type": "Feature", "properties": {"interrow_id": "V12-I021", "vineyard_id": "V12", "between_rows": ["V12-R23", "V12-R24"], "interrow_cover": "bare_soil", "area_m2": 227.21}, "geometry": {"type": "Polygon", "coordinates": [[[629681.0298194318, 5220088.951292408], [629738.9952575585, 5220012.184969837], [629740.9989996691, 5220013.721300665], [629682.7751819567, 5220090.289515644], [629681.0298194318, 5220088.951292408]]]}}, {"type": "Feature", "properties": {"interrow_id": "V12-I022", "vineyard_id": "V12", "between_rows": ["V12-R24", "V12-R25"], "interrow_cover": "bare_soil", "area_m2": 224.59}, "geometry": {"type": "Polygon", "coordinates": [[[629683.2513310239, 5220090.654593809], [629743.2726655627, 5220011.722523963], [629744.9764038767, 5220013.028832636], [629685.142471259, 5220092.10458931], [629683.2513310239, 5220090.654593809]]]}}, {"type": "Feature", "properties": {"interrow_id": "V12-I023", "vineyard_id": "V12", "between_rows": ["V12-R25", "V12-R26"], "interrow_cover": "bare_soil", "area_m2": 215.9}, "geometry": {"type": "Polygon", "coordinates": [[[629685.3073094864, 5220092.88109188], [629745.4525529438, 5220013.393910799], [629747.1833675982, 5220014.720979736], [629687.0143166722, 5220094.189906897], [629685.3073094864, 5220092.88109188]]]}}, {"type": "Feature", "properties": {"interrow_id": "V12-I024", "vineyard_id": "V12", "between_rows": ["V12-R26", "V12-R27"], "interrow_cover": "bare_soil", "area_m2": 207.43}, "geometry": {"type": "Polygon", "coordinates": [[[629688.568576957, 5220093.131057967], [629744.8893541618, 5220018.744780099], [629746.7238932101, 5220020.1513777245], [629690.2626428849, 5220094.429950523], [629688.568576957, 5220093.131057967]]]}}, {"type": "Feature", "properties": {"interrow_id": "V12-I025", "vineyard_id": "V12", "between_rows": ["V12-R27", "V12-R28"], "interrow_cover": "bare_soil", "area_m2": 183.84}, "geometry": {"type": "Polygon", "coordinates": [[[629691.9491266989, 5220093.20275191], [629747.2000422772, 5220020.516455889], [629748.697559438, 5220021.664648447], [629693.6475357368, 5220094.504974463], [629691.9491266989, 5220093.20275191]]]}}, {"type": "Feature", "properties": {"interrow_id": "V12-I026", "vineyard_id": "V12", "between_rows": ["V12-R28", "V12-R29"], "interrow_cover": "bare_soil", "area_m2": 246.58}, "geometry": {"type": "Polygon", "coordinates": [[[629694.123684804, 5220094.870052626], [629754.1058186054, 5220015.503725649], [629756.04765927, 5220016.992594731], [629726.1963088056, 5220056.704964589], [629716.0706966188, 5220070.059625819], [629695.8880411448, 5220096.222839008], [629694.123684804, 5220094.870052626]]]}}, {"type": "Feature", "properties": {"interrow_id": "V12-I027", "vineyard_id": "V12", "between_rows": ["V12-R29", "V12-R30"], "interrow_cover": "bare_soil", "area_m2": 197.61}, "geometry": {"type": "Polygon", "coordinates": [[[629696.7326504366, 5220096.110274208], [629716.5468456859, 5220070.424703984], [629726.6724578728, 5220057.070042754], [629756.8828744843, 5220016.879993748], [629758.6427255364, 5220018.229325785], [629698.3521644619, 5220097.352005522], [629696.7326504366, 5220096.110274208]]]}}, {"type": "Feature", "properties": {"interrow_id": "V12-I028", "vineyard_id": "V12", "between_rows": ["V12-R30", "V12-R31"], "interrow_cover": "bare_soil", "area_m2": 209.51}, "geometry": {"type": "Polygon", "coordinates": [[[629699.6434222973, 5220096.6473708], [629759.7333855346, 5220017.787946841], [629761.1817432212, 5220018.898447315], [629749.3503254557, 5220034.809864691], [629725.4730005962, 5220066.47561393], [629713.3974881797, 5220082.2046005465], [629701.2189449419, 5220097.855372568], [629699.6434222973, 5220096.6473708]]]}}, {"type": "Feature", "properties": {"interrow_id": "V12-I029", "vineyard_id": "V12", "between_rows": ["V12-R31", "V12-R32"], "interrow_cover": "bare_soil", "area_m2": 205.32}, "geometry": {"type": "Polygon", "coordinates": [[[629703.3783317892, 5220096.057304432], [629713.8736372469, 5220082.56967871], [629725.9491496633, 5220066.840692094], [629749.8264745228, 5220035.174942856], [629761.6592567131, 5220019.26169054], [629763.5025556496, 5220020.675004643], [629705.2285084729, 5220097.475891914], [629703.3783317892, 5220096.057304432]]]}}, {"type": "Feature", "properties": {"interrow_id": "V12-I030", "vineyard_id": "V12", "between_rows": ["V12-R32", "V12-R33"], "interrow_cover": "bare_soil", "area_m2": 238.35}, "geometry": {"type": "Polygon", "coordinates": [[[629705.8078058318, 5220097.705028254], [629764.8726718287, 5220019.861900223], [629766.5950893261, 5220021.182530802], [629755.0201472106, 5220036.932203597], [629743.3069470256, 5220052.576728469], [629731.4748689211, 5220068.130844391], [629707.5462940386, 5220099.037980739], [629705.8078058318, 5220097.705028254]]]}}, {"type": "Feature", "properties": {"interrow_id": "V12-I031", "vineyard_id": "V12", "between_rows": ["V12-R33", "V12-R34"], "interrow_cover": "bare_soil", "area_m2": 205.44}, "geometry": {"type": "Polygon", "coordinates": [[[629709.0053507917, 5220098.133494711], [629731.9510179883, 5220068.495922555], [629743.7830960928, 5220052.941806632], [629755.4962962777, 5220037.297281762], [629767.0712383933, 5220021.547608966], [629769.0628605654, 5220023.074647064], [629710.8111883621, 5220099.518086028], [629709.0053507917, 5220098.133494711]]]}}, {"type": "Feature", "properties": {"interrow_id": "V12-I032", "vineyard_id": "V12", "between_rows": ["V12-R34", "V12-R35"], "interrow_cover": "bare_soil", "area_m2": 225.94}, "geometry": {"type": "Polygon", "coordinates": [[[629711.2873374291, 5220099.883164193], [629770.9323857838, 5220021.611203218], [629772.6933127791, 5220022.961360214], [629713.1705708856, 5220101.327097323], [629711.2873374291, 5220099.883164193]]]}}, {"type": "Feature", "properties": {"interrow_id": "V12-I033", "vineyard_id": "V12", "between_rows": ["V12-R35", "V12-R37"], "interrow_cover": "bare_soil", "area_m2": 227.56}, "geometry": {"type": "Polygon", "coordinates": [[[629715.3468688687, 5220099.453813832], [629773.498374937, 5220022.893401929], [629775.4306779378, 5220024.374958191], [629717.1712610562, 5220100.8526315475], [629715.3468688687, 5220099.453813832]]]}}, {"type": "Feature", "properties": {"interrow_id": "V12-I034", "vineyard_id": "V12", "between_rows": ["V12-R36", "V12-R38"], "interrow_cover": "bare_soil", "area_m2": 18.52}, "geometry": {"type": "Polygon", "coordinates": [[[629845.4682072201, 5219931.3312311135], [629850.601661211, 5219925.658622942], [629852.0805933567, 5219926.7925657965], [629847.8434815913, 5219933.152427177], [629845.4682072201, 5219931.3312311135]]]}}, {"type": "Feature", "properties": {"interrow_id": "V12-I035", "vineyard_id": "V12", "between_rows": ["V12-R37", "V12-R39"], "interrow_cover": "bare_soil", "area_m2": 191.76}, "geometry": {"type": "Polygon", "coordinates": [[[629718.2842176867, 5220100.381766556], [629776.2615401945, 5220024.274401083], [629777.8763540435, 5220025.512528627], [629719.8505234941, 5220101.582701489], [629718.2842176867, 5220100.381766556]]]}}, {"type": "Feature", "properties": {"interrow_id": "V12-I036", "vineyard_id": "V12", "between_rows": ["V12-R38", "V12-R42"], "interrow_cover": "mixed", "area_m2": 24.11}, "geometry": {"type": "Polygon", "coordinates": [[[629848.3196306585, 5219933.51750534], [629852.5567424238, 5219927.157643961], [629855.4929962654, 5219929.408960273], [629850.4009598962, 5219935.1133246105], [629848.3196306585, 5219933.51750534]]]}}, {"type": "Feature", "properties": {"interrow_id": "V12-I037", "vineyard_id": "V12", "between_rows": ["V12-R39", "V12-R43"], "interrow_cover": "bare_soil", "area_m2": 76.42}, "geometry": {"type": "Polygon", "coordinates": [[[629765.719483187, 5220042.43912776], [629778.9735598753, 5220025.0634194715], [629781.7955065742, 5220027.227092974], [629768.4473463977, 5220044.530664552], [629765.719483187, 5220042.43912776]]]}}, {"type": "Feature", "properties": {"interrow_id": "V12-I038", "vineyard_id": "V12", "between_rows": ["V12-R40", "V12-R43"], "interrow_cover": "bare_soil", "area_m2": 228.27}, "geometry": {"type": "Polygon", "coordinates": [[[629788.1895314567, 5220014.316669482], [629798.4650069006, 5219999.4169634385], [629810.2485160592, 5219985.687967517], [629821.2055931741, 5219971.317399493], [629843.5186173728, 5219942.885912436], [629845.0327060531, 5219944.04681089], [629835.1669943209, 5219957.0084972335], [629812.7850401644, 5219986.074484407], [629790.8544200489, 5220015.483784858], [629790.4297411527, 5220016.034307296], [629788.1895314567, 5220014.316669482]]]}}, {"type": "Feature", "properties": {"interrow_id": "V12-I039", "vineyard_id": "V12", "between_rows": ["V12-R41", "V12-R44"], "interrow_cover": "bare_soil", "area_m2": 117.1}, "geometry": {"type": "Polygon", "coordinates": [[[629928.5385999162, 5219833.14423251], [629958.9601879627, 5219794.182448339], [629960.9451938547, 5219795.704413531], [629930.3134896855, 5219834.505095196], [629928.5385999162, 5219833.14423251]]]}}, {"type": "Feature", "properties": {"interrow_id": "V12-I040", "vineyard_id": "V12", "between_rows": ["V12-R42", "V12-R47"], "interrow_cover": "mixed", "area_m2": 59.18}, "geometry": {"type": "Polygon", "coordinates": [[[629847.8713992578, 5219938.845555328], [629860.8032498094, 5219924.358622837], [629862.6317543588, 5219925.760593627], [629860.1994168344, 5219928.878150342], [629850.9374535695, 5219941.19639366], [629847.8713992578, 5219938.845555328]]]}}, {"type": "Feature", "properties": {"interrow_id": "V12-I041", "vineyard_id": "V12", "between_rows": ["V12-R43", "V12-R46"], "interrow_cover": "bare_soil", "area_m2": 70.0}, "geometry": {"type": "Polygon", "coordinates": [[[629790.8682689467, 5220016.448154908], [629791.330569116, 5220015.848863022], [629809.0531330098, 5219992.082630987], [629810.709659003, 5219993.352740518], [629792.8760101276, 5220017.987551946], [629790.8682689467, 5220016.448154908]]]}}, {"type": "Feature", "properties": {"interrow_id": "V12-I042", "vineyard_id": "V12", "between_rows": ["V12-R43", "V12-R47"], "interrow_cover": "bare_soil", "area_m2": 140.97}, "geometry": {"type": "Polygon", "coordinates": [[[629809.935637158, 5219990.899179288], [629813.2611892315, 5219986.43956257], [629835.643143388, 5219957.373575397], [629846.7522483191, 5219942.778304667], [629848.6525259027, 5219944.235306054], [629848.208365728, 5219944.8260310395], [629823.8993008477, 5219976.466933716], [629811.659300623, 5219992.220765187], [629809.935637158, 5219990.899179288]]]}}, {"type": "Feature", "properties": {"interrow_id": "V12-I043", "vineyard_id": "V12", "between_rows": ["V12-R44", "V12-R47"], "interrow_cover": "bare_soil", "area_m2": 131.21}, "geometry": {"type": "Polygon", "coordinates": [[[629926.5584602079, 5219840.229738432], [629961.4213429219, 5219796.069491696], [629963.2097224949, 5219797.44069743], [629946.3695949997, 5219818.98340968], [629928.3875409756, 5219841.632151026], [629926.5584602079, 5219840.229738432]]]}}, {"type": "Feature", "properties": {"interrow_id": "V12-I044", "vineyard_id": "V12", "between_rows": ["V12-R45", "V12-R47"], "interrow_cover": "bare_soil", "area_m2": 97.21}, "geometry": {"type": "Polygon", "coordinates": [[[629968.030934033, 5219787.50460815], [629993.651817756, 5219754.684052086], [629995.5157819433, 5219756.113210874], [629969.8728685391, 5219788.916876101], [629968.030934033, 5219787.50460815]]]}}, {"type": "Feature", "properties": {"interrow_id": "V12-I045", "vineyard_id": "V12", "between_rows": ["V12-R46", "V12-R48"], "interrow_cover": "bare_soil", "area_m2": 20.27}, "geometry": {"type": "Polygon", "coordinates": [[[629806.443724685, 5220000.268375485], [629811.1858080701, 5219993.717818681], [629813.2329083872, 5219995.287393584], [629808.3758657478, 5220001.749807584], [629806.443724685, 5220000.268375485]]]}}, {"type": "Feature", "properties": {"interrow_id": "V12-I046", "vineyard_id": "V12", "between_rows": ["V12-R47", "V12-R48"], "interrow_cover": "bare_soil", "area_m2": 683.4}, "geometry": {"type": "Polygon", "coordinates": [[[629812.13544969, 5219992.585843352], [629824.3754499147, 5219976.83201188], [629848.6845147952, 5219945.191109203], [629860.6755659014, 5219929.243228506], [629922.0348774524, 5219850.598249399], [629946.8457440669, 5219819.348487844], [629995.9919310105, 5219756.478289038], [629997.7599915968, 5219757.833915578], [629994.8847566085, 5219761.3685485], [629983.3026745161, 5219776.45057198], [629948.0713285793, 5219821.318846428], [629924.4972182307, 5219851.163626997], [629912.8442814033, 5219866.190468754], [629889.3798812991, 5219896.1206917465], [629877.7056811493, 5219911.130973612], [629831.3668733643, 5219971.450906154], [629819.8023435959, 5219986.546599397], [629814.1198270435, 5219994.107326624], [629812.13544969, 5219992.585843352]]]}}, {"type": "Feature", "properties": {"interrow_id": "V12-I047", "vineyard_id": "V12", "between_rows": ["V12-R48", "V12-R49"], "interrow_cover": "bare_soil", "area_m2": 711.81}, "geometry": {"type": "Polygon", "coordinates": [[[629816.4633737188, 5219991.987786608], [629820.278492663, 5219986.911677562], [629831.8430224315, 5219971.815984318], [629878.1818302163, 5219911.496051775], [629889.8560303663, 5219896.485769911], [629913.3204304705, 5219866.555546917], [629924.9733672978, 5219851.528705161], [629948.5474776465, 5219821.683924592], [629983.7788235832, 5219776.815650145], [629995.3609056757, 5219761.733626665], [629996.7271964912, 5219760.053994733], [629998.6572111779, 5219761.533796473], [629962.4942132661, 5219807.834806675], [629938.2949741693, 5219838.631549112], [629914.2170452531, 5219869.522846678], [629890.0045414695, 5219900.309249965], [629877.9614366953, 5219915.7516715815], [629865.9438404425, 5219931.2139757965], [629818.3253235103, 5219993.415400895], [629816.4633737188, 5219991.987786608]]]}}, {"type": "Feature", "properties": {"interrow_id": "V12-I048", "vineyard_id": "V12", "between_rows": ["V12-R49", "V12-R50"], "interrow_cover": "bare_soil", "area_m2": 141.97}, "geometry": {"type": "Polygon", "coordinates": [[[629818.8014725775, 5219993.78047906], [629855.0128884814, 5219946.479516761], [629856.8406683413, 5219947.88093191], [629820.7562907261, 5219995.279298379], [629818.8014725775, 5219993.78047906]]]}}, {"type": "Feature", "properties": {"interrow_id": "V12-I049", "vineyard_id": "V12", "between_rows": ["V12-R49", "V12-R51"], "interrow_cover": "bare_soil", "area_m2": 480.06}, "geometry": {"type": "Polygon", "coordinates": [[[629874.6573762109, 5219920.980513584], [629878.4375857625, 5219916.116749746], [629890.4806905366, 5219900.674328129], [629914.6931943203, 5219869.887924843], [629938.7711232364, 5219838.996627276], [629962.9703623332, 5219808.199884839], [629999.133360245, 5219761.898874638], [630001.0539360705, 5219763.371439313], [629876.5203832742, 5219922.408938515], [629874.6573762109, 5219920.980513584]]]}}, {"type": "Feature", "properties": {"interrow_id": "V12-I050", "vineyard_id": "V12", "between_rows": ["V12-R50", "V12-R52"], "interrow_cover": "bare_soil", "area_m2": 136.82}, "geometry": {"type": "Polygon", "coordinates": [[[629809.0452195683, 5220011.65280924], [629845.5109306985, 5219963.753544962], [629847.3353472609, 5219965.152381366], [629810.8281630254, 5220013.019846937], [629809.0452195683, 5220011.65280924]]]}}, {"type": "Feature", "properties": {"interrow_id": "V12-I051", "vineyard_id": "V12", "between_rows": ["V12-R51", "V12-R53"], "interrow_cover": "bare_soil", "area_m2": 378.96}, "geometry": {"type": "Polygon", "coordinates": [[[629876.9965323413, 5219922.774016679], [629980.7304016851, 5219790.299074845], [629982.5445501087, 5219791.690038351], [629878.7573059903, 5219924.1240561], [629876.9965323413, 5219922.774016679]]]}}, {"type": "Feature", "properties": {"interrow_id": "V12-I052", "vineyard_id": "V12", "between_rows": ["V12-R52", "V12-R54"], "interrow_cover": "bare_soil", "area_m2": 123.89}, "geometry": {"type": "Polygon", "coordinates": [[[629815.9375244279, 5220007.309952828], [629847.8114963281, 5219965.51745953], [629849.7921419723, 5219967.036081587], [629829.5251032813, 5219993.183256149], [629817.8781129319, 5220008.797861841], [629815.9375244279, 5220007.309952828]]]}}, {"type": "Feature", "properties": {"interrow_id": "V12-I053", "vineyard_id": "V12", "between_rows": ["V12-R53", "V12-R54"], "interrow_cover": "bare_soil", "area_m2": 157.37}, "geometry": {"type": "Polygon", "coordinates": [[[629868.0872643951, 5219938.711834025], [629911.0529151398, 5219883.887045086], [629912.7552703007, 5219885.192293252], [629900.9615400019, 5219900.69379478], [629888.9290244612, 5219916.011245511], [629876.5115935039, 5219931.032011281], [629869.9844169794, 5219940.166439379], [629868.0872643951, 5219938.711834025]]]}}, {"type": "Feature", "properties": {"interrow_id": "V12-I054", "vineyard_id": "V12", "between_rows": ["V12-R53", "V12-R55"], "interrow_cover": "bare_soil", "area_m2": 46.37}, "geometry": {"type": "Polygon", "coordinates": [[[629932.1866885183, 5219856.920045986], [629946.3103194184, 5219838.898089616], [629947.8314545363, 5219840.06439079], [629933.8800924974, 5219858.218431005], [629932.1866885183, 5219856.920045986]]]}}, {"type": "Feature", "properties": {"interrow_id": "V12-I055", "vineyard_id": "V12", "between_rows": ["V12-R53", "V12-R56"], "interrow_cover": "bare_soil", "area_m2": 35.83}, "geometry": {"type": "Polygon", "coordinates": [[[629950.1541271897, 5219833.993335559], [629959.2681286089, 5219822.363738531], [629960.9487287224, 5219823.652306432], [629952.3229046585, 5219835.656204083], [629950.1541271897, 5219833.993335559]]]}}, {"type": "Feature", "properties": {"interrow_id": "V12-I056", "vineyard_id": "V12", "between_rows": ["V12-R54", "V12-R57"], "interrow_cover": "bare_soil", "area_m2": 187.78}, "geometry": {"type": "Polygon", "coordinates": [[[629818.354261999, 5220009.162940005], [629830.0012523484, 5219993.548334314], [629853.8662806439, 5219962.759274782], [629865.6562600575, 5219947.254882148], [629865.7904772952, 5219947.067052432], [629867.5950605898, 5219948.450682059], [629820.2624729817, 5220010.626024174], [629818.354261999, 5220009.162940005]]]}}, {"type": "Feature", "properties": {"interrow_id": "V12-I057", "vineyard_id": "V12", "between_rows": ["V12-R57", "V12-R58"], "interrow_cover": "bare_soil", "area_m2": 219.98}, "geometry": {"type": "Polygon", "coordinates": [[[629812.2080186772, 5220022.196768664], [629868.071209657, 5219948.815760223], [629869.9258406232, 5219950.237762942], [629814.1392200906, 5220023.677480305], [629812.2080186772, 5220022.196768664]]]}}, {"type": "Feature", "properties": {"interrow_id": "V12-I058", "vineyard_id": "V12", "between_rows": ["V12-R58", "V12-R59"], "interrow_cover": "bare_soil", "area_m2": 139.86}, "geometry": {"type": "Polygon", "coordinates": [[[629814.4302644843, 5220024.286237594], [629851.5617425471, 5219975.404888838], [629853.4641402953, 5219976.86351582], [629822.7075022187, 5220016.96483388], [629816.3190117677, 5220025.7343983445], [629814.4302644843, 5220024.286237594]]]}}, {"type": "Feature", "properties": {"interrow_id": "V12-I059", "vineyard_id": "V12", "between_rows": ["V12-R59", "V12-R61"], "interrow_cover": "bare_soil", "area_m2": 173.47}, "geometry": {"type": "Polygon", "coordinates": [[[629805.0111568484, 5220042.275533028], [629823.1836512858, 5220017.329912044], [629853.9402893625, 5219977.228593985], [629855.7985853173, 5219978.653406763], [629842.2444927968, 5219996.410812601], [629830.2182139377, 5220011.9942168025], [629806.0130453716, 5220043.0437118355], [629805.0111568484, 5220042.275533028]]]}}, {"type": "Feature", "properties": {"interrow_id": "V12-I060", "vineyard_id": "V12", "between_rows": ["V12-R61", "V12-R62"], "interrow_cover": "mixed", "area_m2": 6.62}, "geometry": {"type": "Polygon", "coordinates": [[[629811.8032837406, 5220036.592072779], [629815.8052684687, 5220031.4584747795], [629816.6935751616, 5220032.139566897], [629812.5293979546, 5220037.148806925], [629811.8032837406, 5220036.592072779]]]}}, {"type": "Feature", "properties": {"interrow_id": "V12-I061", "vineyard_id": "V12", "between_rows": ["V12-R61", "V12-R63"], "interrow_cover": "bare_soil", "area_m2": 51.57}, "geometry": {"type": "Polygon", "coordinates": [[[629847.426534865, 5219990.610634646], [629859.6366536301, 5219974.613987588], [629861.678989143, 5219976.179909168], [629849.4511098312, 5219992.162938667], [629847.426534865, 5219990.610634646]]]}}, {"type": "Feature", "properties": {"interrow_id": "V12-I062", "vineyard_id": "V12", "between_rows": ["V12-R62", "V12-R64"], "interrow_cover": "mixed", "area_m2": 21.49}, "geometry": {"type": "Polygon", "coordinates": [[[629813.0055470217, 5220037.513885089], [629817.1697242288, 5220032.504645062], [629819.7293388771, 5220034.467180496], [629815.6853476907, 5220039.5685708495], [629813.0055470217, 5220037.513885089]]]}}, {"type": "Feature", "properties": {"interrow_id": "V14-I001", "vineyard_id": "V14", "between_rows": ["V14-R01", "V14-R02"], "interrow_cover": "bare_soil", "area_m2": 13.74}, "geometry": {"type": "Polygon", "coordinates": [[[630017.3181409426, 5219760.331569247], [630019.867591526, 5219764.633235868], [630022.1049447797, 5219763.384619518], [630019.8801241232, 5219758.901784263], [630017.3181409426, 5219760.331569247]]]}}, {"type": "Feature", "properties": {"interrow_id": "V14-I002", "vineyard_id": "V14", "between_rows": ["V14-R02", "V14-R03"], "interrow_cover": "bare_soil", "area_m2": 33.39}, "geometry": {"type": "Polygon", "coordinates": [[[630023.256238071, 5219764.3563063955], [630028.4060003632, 5219774.732664548], [630031.2429603557, 5219773.149421211], [630025.459443422, 5219763.126747219], [630023.256238071, 5219764.3563063955]]]}}, {"type": "Feature", "properties": {"interrow_id": "V14-I003", "vineyard_id": "V14", "between_rows": ["V14-R03", "V14-R04"], "interrow_cover": "bare_soil", "area_m2": 12.08}, "geometry": {"type": "Polygon", "coordinates": [[[630025.9833758905, 5219762.834352335], [630030.3633127376, 5219770.424661074], [630031.5414249796, 5219769.767183224], [630027.2121082884, 5219762.148624518], [630025.9833758905, 5219762.834352335]]]}}, {"type": "Feature", "properties": {"interrow_id": "V14-I004", "vineyard_id": "V14", "between_rows": ["V14-R04", "V14-R05"], "interrow_cover": "mixed", "area_m2": 18.3}, "geometry": {"type": "Polygon", "coordinates": [[[630022.939231793, 5219753.414996686], [630028.8773809595, 5219763.864714565], [630030.2961233632, 5219763.072946453], [630024.1790812301, 5219752.723064701], [630022.939231793, 5219753.414996686]]]}}, {"type": "Feature", "properties": {"interrow_id": "V14-I005", "vineyard_id": "V14", "between_rows": ["V14-R05", "V14-R06"], "interrow_cover": "mixed", "area_m2": 19.6}, "geometry": {"type": "Polygon", "coordinates": [[[630024.7030136986, 5219752.430669816], [630030.8200558317, 5219762.780551568], [630032.2369019638, 5219761.989841723], [630026.134708558, 5219751.631673232], [630024.7030136986, 5219752.430669816]]]}}, {"type": "Feature", "properties": {"interrow_id": "V14-I006", "vineyard_id": "V14", "between_rows": ["V14-R06", "V14-R07"], "interrow_cover": "mixed", "area_m2": 54.47}, "geometry": {"type": "Polygon", "coordinates": [[[630019.7567759001, 5219739.623707056], [630035.9594397454, 5219767.126919581], [630037.3347978077, 5219766.3593632905], [630021.3625889994, 5219738.727539011], [630019.7567759001, 5219739.623707056]]]}}, {"type": "Feature", "properties": {"interrow_id": "V14-I007", "vineyard_id": "V14", "between_rows": ["V14-R07", "V14-R08"], "interrow_cover": "bare_soil", "area_m2": 49.41}, "geometry": {"type": "Polygon", "coordinates": [[[630021.7492689946, 5219738.197698181], [630039.5309241449, 5219768.959853648], [630040.8466110708, 5219768.225598472], [630022.8625763019, 5219737.576386502], [630021.7492689946, 5219738.197698181]]]}}, {"type": "Feature", "properties": {"interrow_id": "V14-I008", "vineyard_id": "V14", "between_rows": ["V14-R08", "V14-R09"], "interrow_cover": "mixed", "area_m2": 92.19}, "geometry": {"type": "Polygon", "coordinates": [[[630024.8877612482, 5219739.842494534], [630041.3705435393, 5219767.933203587], [630043.1685576333, 5219766.9297725065], [630028.0341545137, 5219738.086563473], [630024.8877612482, 5219739.842494534]]]}}, {"type": "Feature", "properties": {"interrow_id": "V16-I001", "vineyard_id": "V16", "between_rows": ["V16-R01", "V16-R02"], "interrow_cover": "bare_soil", "area_m2": 94.79}, "geometry": {"type": "Polygon", "coordinates": [[[630190.7653177128, 5219727.618670959], [630214.6289366212, 5219684.723781789], [630216.2468867864, 5219685.625679912], [630192.5207519775, 5219728.597207197], [630190.7653177128, 5219727.618670959]]]}}, {"type": "Feature", "properties": {"interrow_id": "V16-I002", "vineyard_id": "V16", "between_rows": ["V16-R02", "V16-R03"], "interrow_cover": "bare_soil", "area_m2": 159.08}, "geometry": {"type": "Polygon", "coordinates": [[[630191.878663954, 5219731.001439682], [630226.292970808, 5219668.672057427], [630228.3474653153, 5219669.817299585], [630193.7274340751, 5219732.032004367], [630191.878663954, 5219731.001439682]]]}}, {"type": "Feature", "properties": {"interrow_id": "V16-I003", "vineyard_id": "V16", "between_rows": ["V16-R03", "V16-R04"], "interrow_cover": "bare_soil", "area_m2": 165.38}, "geometry": {"type": "Polygon", "coordinates": [[[630194.2515102937, 5219732.324141522], [630228.8715415337, 5219670.10943674], [630230.9509890286, 5219671.268588507], [630196.2297525479, 5219733.426878191], [630194.2515102937, 5219732.324141522]]]}}, {"type": "Feature", "properties": {"interrow_id": "V16-I004", "vineyard_id": "V16", "between_rows": ["V16-R04", "V16-R05"], "interrow_cover": "bare_soil", "area_m2": 195.29}, "geometry": {"type": "Polygon", "coordinates": [[[630193.8299100599, 5219738.953442584], [630238.0829694051, 5219659.731192428], [630239.962082779, 5219660.77867143], [630195.7103580208, 5219740.001665529], [630193.8299100599, 5219738.953442584]]]}}, {"type": "Feature", "properties": {"interrow_id": "V16-I005", "vineyard_id": "V16", "between_rows": ["V16-R05", "V16-R06"], "interrow_cover": "bare_soil", "area_m2": 6.69}, "geometry": {"type": "Polygon", "coordinates": [[[630201.0331815607, 5219731.702699561], [630202.5084614453, 5219729.061534946], [630204.4373191476, 5219730.136743057], [630202.9669046337, 5219732.780619788], [630201.0331815607, 5219731.702699561]]]}}, {"type": "Feature", "properties": {"interrow_id": "V16-I006", "vineyard_id": "V16", "between_rows": ["V16-R05", "V16-R07"], "interrow_cover": "mixed", "area_m2": 13.4}, "geometry": {"type": "Polygon", "coordinates": [[[630220.2581995055, 5219697.284527355], [630223.2085378127, 5219692.002594603], [630225.2578028205, 5219693.144921669], [630222.0767464696, 5219698.298244667], [630220.2581995055, 5219697.284527355]]]}}, {"type": "Feature", "properties": {"interrow_id": "V17-I001", "vineyard_id": "V17", "between_rows": ["V17-R03", "V17-R04"], "interrow_cover": "mixed", "area_m2": 44.2}, "geometry": {"type": "Polygon", "coordinates": [[[630072.1378791742, 5219683.192835602], [630079.0029121388, 5219672.575987658], [630082.7275706963, 5219674.471051984], [630074.6778774279, 5219684.485158107], [630072.1378791742, 5219683.192835602]]]}}, {"type": "Feature", "properties": {"interrow_id": "V17-I002", "vineyard_id": "V17", "between_rows": ["V17-R04", "V17-R05"], "interrow_cover": "bare_soil", "area_m2": 24.25}, "geometry": {"type": "Polygon", "coordinates": [[[630073.7977829791, 5219686.517373059], [630083.262333882, 5219674.74313347], [630084.3185225726, 5219675.280510381], [630075.664904245, 5219687.46734333], [630073.7977829791, 5219686.517373059]]]}}, {"type": "Feature", "properties": {"interrow_id": "V17-I003", "vineyard_id": "V17", "between_rows": ["V17-R05", "V17-R06"], "interrow_cover": "bare_soil", "area_m2": 215.05}, "geometry": {"type": "Polygon", "coordinates": [[[630059.8827884262, 5219710.718376645], [630111.4721600087, 5219638.065408874], [630113.6838420123, 5219639.190687769], [630062.0199555993, 5219711.805743232], [630059.8827884262, 5219710.718376645]]]}}, {"type": "Feature", "properties": {"interrow_id": "V17-I004", "vineyard_id": "V17", "between_rows": ["V17-R06", "V17-R07"], "interrow_cover": "bare_soil", "area_m2": 183.98}, "geometry": {"type": "Polygon", "coordinates": [[[630062.5547187851, 5219712.077824718], [630114.2186051981, 5219639.462769255], [630116.0153205512, 5219640.376917792], [630064.4783887196, 5219713.056566317], [630062.5547187851, 5219712.077824718]]]}}, {"type": "Feature", "properties": {"interrow_id": "V18-I001", "vineyard_id": "V18", "between_rows": ["V18-R02", "V18-R04"], "interrow_cover": "mixed", "area_m2": 21.53}, "geometry": {"type": "Polygon", "coordinates": [[[629971.1629920015, 5219697.642031164], [629976.35802483, 5219702.674195223], [629978.440871916, 5219700.480056148], [629973.179743828, 5219695.517518993], [629971.1629920015, 5219697.642031164]]]}}, {"type": "Feature", "properties": {"interrow_id": "V18-I002", "vineyard_id": "V18", "between_rows": ["V18-R03", "V18-R04"], "interrow_cover": "bare_soil", "area_m2": 104.33}, "geometry": {"type": "Polygon", "coordinates": [[[629927.6048953104, 5219655.805453147], [629959.8773167125, 5219686.16733555], [629961.4786138635, 5219684.480476888], [629929.2457304602, 5219654.076943868], [629927.6048953104, 5219655.805453147]]]}}, {"type": "Feature", "properties": {"interrow_id": "V18-I003", "vineyard_id": "V18", "between_rows": ["V18-R04", "V18-R05"], "interrow_cover": "bare_soil", "area_m2": 150.76}, "geometry": {"type": "Polygon", "coordinates": [[[629924.2189913407, 5219648.510696377], [629977.217180376, 5219698.501017447], [629978.6060581044, 5219697.037928334], [629925.6794860623, 5219646.972163588], [629924.2189913407, 5219648.510696377]]]}}, {"type": "Feature", "properties": {"interrow_id": "V18-I004", "vineyard_id": "V18", "between_rows": ["V18-R05", "V18-R06"], "interrow_cover": "bare_soil", "area_m2": 163.14}, "geometry": {"type": "Polygon", "coordinates": [[[629926.2142035386, 5219646.652065492], [629979.0191425192, 5219696.602771735], [629980.662640368, 5219694.871457482], [629927.6611889054, 5219645.127763899], [629926.2142035386, 5219646.652065492]]]}}, {"type": "Feature", "properties": {"interrow_id": "V19-I001", "vineyard_id": "V19", "between_rows": ["V19-R01", "V19-R02"], "interrow_cover": "bare_soil", "area_m2": 67.79}, "geometry": {"type": "Polygon", "coordinates": [[[629835.3072113506, 5219661.248668331], [629851.5046337611, 5219683.344569271], [629853.7145444355, 5219681.625105303], [629837.00492475, 5219659.927729412], [629835.3072113506, 5219661.248668331]]]}}, {"type": "Feature", "properties": {"interrow_id": "V19-I002", "vineyard_id": "V19", "between_rows": ["V19-R02", "V19-R03"], "interrow_cover": "bare_soil", "area_m2": 26.16}, "geometry": {"type": "Polygon", "coordinates": [[[629846.507826143, 5219671.283863792], [629854.1555315814, 5219681.21437943], [629855.8736174193, 5219679.877589339], [629848.0836696791, 5219670.05774809], [629846.507826143, 5219671.283863792]]]}}, {"type": "Feature", "properties": {"interrow_id": "V19-I003", "vineyard_id": "V19", "between_rows": ["V19-R03", "V19-R04"], "interrow_cover": "bare_soil", "area_m2": 21.3}, "geometry": {"type": "Polygon", "coordinates": [[[629848.5572140684, 5219669.6892976705], [629856.3471618085, 5219679.509138919], [629857.588073762, 5219678.543623247], [629849.9984043858, 5219668.567951523], [629848.5572140684, 5219669.6892976705]]]}}, {"type": "Feature", "properties": {"interrow_id": "V19-I004", "vineyard_id": "V19", "between_rows": ["V19-R04", "V19-R05"], "interrow_cover": "bare_soil", "area_m2": 59.7}, "geometry": {"type": "Polygon", "coordinates": [[[629840.3876899441, 5219654.945003351], [629857.1525608097, 5219676.98033058], [629858.9964172192, 5219675.5456822505], [629841.9476526198, 5219653.73124406], [629840.3876899441, 5219654.945003351]]]}}, {"type": "Feature", "properties": {"interrow_id": "V19-I005", "vineyard_id": "V19", "between_rows": ["V19-R05", "V19-R06"], "interrow_cover": "bare_soil", "area_m2": 41.01}, "geometry": {"type": "Polygon", "coordinates": [[[629843.5828143643, 5219654.849120105], [629859.4699616084, 5219675.177231831], [629860.8355790799, 5219674.1146866055], [629844.7262782101, 5219653.9594258275], [629843.5828143643, 5219654.849120105]]]}}, {"type": "Feature", "properties": {"interrow_id": "V19-I006", "vineyard_id": "V19", "between_rows": ["V19-R06", "V19-R07"], "interrow_cover": "bare_soil", "area_m2": 55.37}, "geometry": {"type": "Polygon", "coordinates": [[[629845.1998225992, 5219653.590975408], [629862.3029753657, 5219674.989700711], [629863.8871856639, 5219673.757075086], [629846.806254656, 5219652.341059712], [629845.1998225992, 5219653.590975408]]]}}, {"type": "Feature", "properties": {"interrow_id": "V19-I007", "vineyard_id": "V19", "between_rows": ["V19-R07", "V19-R08"], "interrow_cover": "bare_soil", "area_m2": 52.27}, "geometry": {"type": "Polygon", "coordinates": [[[629845.7031848566, 5219649.995855585], [629864.3607300532, 5219673.388624667], [629865.6547567636, 5219672.381782025], [629847.1669712483, 5219648.856928122], [629845.7031848566, 5219649.995855585]]]}}, {"type": "Feature", "properties": {"interrow_id": "V19-I008", "vineyard_id": "V19", "between_rows": ["V19-R08", "V19-R09"], "interrow_cover": "bare_soil", "area_m2": 55.81}, "geometry": {"type": "Polygon", "coordinates": [[[629847.6405156376, 5219648.488477702], [629866.0935046347, 5219671.969054641], [629867.5838132224, 5219670.809491068], [629849.1001117552, 5219647.352810564], [629847.6405156376, 5219648.488477702]]]}}, {"type": "Feature", "properties": {"interrow_id": "V20-I001", "vineyard_id": "V20", "between_rows": ["V20-R01", "V20-R02"], "interrow_cover": "vegetation", "area_m2": 8.73}, "geometry": {"type": "Polygon", "coordinates": [[[629862.7655428645, 5219646.453755385], [629869.6452158769, 5219653.903963573], [629870.3347437053, 5219653.265027481], [629863.3391778073, 5219645.922208936], [629862.7655428645, 5219646.453755385]]]}}, {"type": "Feature", "properties": {"interrow_id": "V20-I002", "vineyard_id": "V20", "between_rows": ["V20-R01", "V20-R03"], "interrow_cover": "vegetation", "area_m2": 28.08}, "geometry": {"type": "Polygon", "coordinates": [[[629869.6452158769, 5219653.903963573], [629878.1960593773, 5219663.163933363], [629879.8685028227, 5219661.614199711], [629871.2408942081, 5219652.42536266], [629869.6452158769, 5219653.903963573]]]}}, {"type": "Feature", "properties": {"interrow_id": "V20-I003", "vineyard_id": "V20", "between_rows": ["V20-R03", "V20-R04"], "interrow_cover": "bare_soil", "area_m2": 24.14}, "geometry": {"type": "Polygon", "coordinates": [[[629870.814921342, 5219651.095137863], [629881.4003048188, 5219662.369103599], [629882.3941451441, 5219661.448182895], [629872.1115103388, 5219649.8936816305], [629870.814921342, 5219651.095137863]]]}}, {"type": "Feature", "properties": {"interrow_id": "V20-I004", "vineyard_id": "V20", "between_rows": ["V20-R04", "V20-R05"], "interrow_cover": "bare_soil", "area_m2": 49.29}, "geometry": {"type": "Polygon", "coordinates": [[[629861.5304660208, 5219637.101510313], [629882.834247386, 5219661.040371643], [629884.1846891695, 5219659.789013888], [629862.4371166703, 5219636.2613820415], [629861.5304660208, 5219637.101510313]]]}}, {"type": "Feature", "properties": {"interrow_id": "V20-I005", "vineyard_id": "V20", "between_rows": ["V20-R05", "V20-R06"], "interrow_cover": "bare_soil", "area_m2": 47.93}, "geometry": {"type": "Polygon", "coordinates": [[[629866.0823127425, 5219639.321004577], [629884.6800648153, 5219659.44100022], [629886.0223190474, 5219658.197229282], [629867.3062858466, 5219638.186836295], [629866.0823127425, 5219639.321004577]]]}}, {"type": "Feature", "properties": {"interrow_id": "V20-I006", "vineyard_id": "V20", "between_rows": ["V20-R06", "V20-R07"], "interrow_cover": "bare_soil", "area_m2": 50.91}, "geometry": {"type": "Polygon", "coordinates": [[[629867.7463880883, 5219637.779025043], [629886.8916191546, 5219658.248298279], [629888.1623900884, 5219657.070765798], [629869.1402861637, 5219636.487399452], [629867.7463880883, 5219637.779025043]]]}}, {"type": "Feature", "properties": {"interrow_id": "V20-I007", "vineyard_id": "V20", "between_rows": ["V20-R07", "V20-R08"], "interrow_cover": "bare_soil", "area_m2": 59.04}, "geometry": {"type": "Polygon", "coordinates": [[[629862.838019595, 5219628.783831233], [629887.5405272631, 5219655.513827399], [629888.8276812941, 5219654.321113874], [629863.9307146013, 5219627.77130897], [629862.838019595, 5219628.783831233]]]}}, {"type": "Feature", "properties": {"interrow_id": "V21-I001", "vineyard_id": "V21", "between_rows": ["V21-R01", "V21-R02"], "interrow_cover": "bare_soil", "area_m2": 97.95}, "geometry": {"type": "Polygon", "coordinates": [[[629980.4815210989, 5219614.308939169], [630015.1530027776, 5219654.522826935], [630016.4923611352, 5219653.382062905], [629987.9471547164, 5219620.082589632], [629982.022959806, 5219612.996058398], [629980.4815210989, 5219614.308939169]]]}}, {"type": "Feature", "properties": {"interrow_id": "V21-I002", "vineyard_id": "V21", "between_rows": ["V21-R02", "V21-R04"], "interrow_cover": "bare_soil", "area_m2": 117.47}, "geometry": {"type": "Polygon", "coordinates": [[[629980.0686122322, 5219609.722824049], [629988.4039294189, 5219619.693543528], [630018.4661416722, 5219654.762683289], [630019.973871128, 5219653.478513505], [629981.4871743745, 5219608.514600231], [629980.0686122322, 5219609.722824049]]]}}, {"type": "Feature", "properties": {"interrow_id": "V21-I003", "vineyard_id": "V21", "between_rows": ["V21-R03", "V21-R04"], "interrow_cover": "mixed", "area_m2": 36.48}, "geometry": {"type": "Polygon", "coordinates": [[[630001.8745540717, 5219632.333125849], [629999.188468069, 5219634.620930513], [630015.3209417497, 5219648.042507543], [630001.8745540717, 5219632.333125849]]]}}, {"type": "Feature", "properties": {"interrow_id": "V21-I004", "vineyard_id": "V21", "between_rows": ["V21-R04", "V21-R05"], "interrow_cover": "bare_soil", "area_m2": 116.34}, "geometry": {"type": "Polygon", "coordinates": [[[629981.943949077, 5219608.125554127], [630020.4306458306, 5219653.089467402], [630021.9996265608, 5219651.753128421], [630016.0214431222, 5219644.90857371], [630004.8810802025, 5219631.985349941], [629983.481654935, 5219606.815852714], [629981.943949077, 5219608.125554127]]]}}, {"type": "Feature", "properties": {"interrow_id": "V21-I005", "vineyard_id": "V21", "between_rows": ["V21-R05", "V21-R06"], "interrow_cover": "bare_soil", "area_m2": 112.68}, "geometry": {"type": "Polygon", "coordinates": [[[629984.6256813097, 5219607.235135751], [630005.337854905, 5219631.596303837], [630016.4782178247, 5219644.519527607], [630022.8800918292, 5219651.849175036], [630024.1546414166, 5219650.7636102075], [629986.1546783781, 5219605.932851826], [629984.6256813097, 5219607.235135751]]]}}, {"type": "Feature", "properties": {"interrow_id": "V21-I006", "vineyard_id": "V21", "between_rows": ["V21-R06", "V21-R07"], "interrow_cover": "mixed", "area_m2": 29.74}, "geometry": {"type": "Polygon", "coordinates": [[[629997.196088169, 5219618.0311130835], [630005.9933400265, 5219628.409740875], [630007.4253633723, 5219627.190051823], [629999.092408176, 5219616.415971293], [629997.196088169, 5219618.0311130835]]]}}, {"type": "Feature", "properties": {"interrow_id": "V21-I007", "vineyard_id": "V21", "between_rows": ["V21-R07", "V21-R08"], "interrow_cover": "mixed", "area_m2": 19.31}, "geometry": {"type": "Polygon", "coordinates": [[[630001.7179049788, 5219618.8309708135], [630007.8821380748, 5219626.801005719], [630009.4502364598, 5219625.465418253], [630003.0717228338, 5219617.677891277], [630001.7179049788, 5219618.8309708135]]]}}, {"type": "Feature", "properties": {"interrow_id": "V21-I008", "vineyard_id": "V21", "between_rows": ["V21-R08", "V21-R09"], "interrow_cover": "mixed", "area_m2": 46.34}, "geometry": {"type": "Polygon", "coordinates": [[[630021.3048004692, 5219638.991932559], [630027.729423095, 5219646.83575401], [630036.3036972668, 5219657.588126755], [630037.9851484161, 5219656.155993988], [630022.6360768813, 5219637.858052117], [630021.3048004692, 5219638.991932559]]]}}, {"type": "Feature", "properties": {"interrow_id": "V21-I009", "vineyard_id": "V21", "between_rows": ["V21-R08", "V21-R10"], "interrow_cover": "mixed", "area_m2": 19.7}, "geometry": {"type": "Polygon", "coordinates": [[[630003.5284975363, 5219617.288845173], [630009.4883083088, 5219624.565177855], [630011.2350747372, 5219623.077414478], [630004.9715897192, 5219616.059728524], [630003.5284975363, 5219617.288845173]]]}}, {"type": "Feature", "properties": {"interrow_id": "V21-I010", "vineyard_id": "V21", "between_rows": ["V21-R10", "V21-R11"], "interrow_cover": "mixed", "area_m2": 34.73}, "geometry": {"type": "Polygon", "coordinates": [[[630001.2448116158, 5219610.983378198], [630011.6918494398, 5219622.688368374], [630013.0879365111, 5219621.49928712], [630003.2203098179, 5219609.300798416], [630001.2448116158, 5219610.983378198]]]}}, {"type": "Feature", "properties": {"interrow_id": "V21-I011", "vineyard_id": "V21", "between_rows": ["V21-R11", "V21-R12"], "interrow_cover": "mixed", "area_m2": 42.93}, "geometry": {"type": "Polygon", "coordinates": [[[630000.3771886375, 5219604.8323780205], [630013.0514636235, 5219620.5004819175], [630023.516101521, 5219633.437003651], [630024.5030848449, 5219632.596365991], [630014.0123196124, 5219619.682097543], [630001.0524493002, 5219604.25724212], [630000.3771886375, 5219604.8323780205]]]}}, {"type": "Feature", "properties": {"interrow_id": "V22-I001", "vineyard_id": "V22", "between_rows": ["V22-R01", "V22-R02"], "interrow_cover": "vegetation", "area_m2": 18.68}, "geometry": {"type": "Polygon", "coordinates": [[[629925.1604936159, 5219567.880583362], [629930.7743474349, 5219574.828420816], [629932.3891311811, 5219573.52382195], [629926.7987264327, 5219566.557039772], [629925.1604936159, 5219567.880583362]]]}}, {"type": "Feature", "properties": {"interrow_id": "V22-I002", "vineyard_id": "V22", "between_rows": ["V22-R02", "V22-R03"], "interrow_cover": "mixed", "area_m2": 21.47}, "geometry": {"type": "Polygon", "coordinates": [[[629927.2654416248, 5219566.179976211], [629934.0238755996, 5219574.602360543], [629935.5523041533, 5219573.367528843], [629928.8306672953, 5219564.915415777], [629927.2654416248, 5219566.179976211]]]}}, {"type": "Feature", "properties": {"interrow_id": "V22-I003", "vineyard_id": "V22", "between_rows": ["V22-R03", "V22-R04"], "interrow_cover": "bare_soil", "area_m2": 89.67}, "geometry": {"type": "Polygon", "coordinates": [[[629924.0824072346, 5219557.980788722], [629954.0035204113, 5219595.605051527], [629955.5308066715, 5219594.371142697], [629925.4571677991, 5219556.870106826], [629924.0824072346, 5219557.980788722]]]}}, {"type": "Feature", "properties": {"interrow_id": "V22-I004", "vineyard_id": "V22", "between_rows": ["V22-R04", "V22-R05"], "interrow_cover": "bare_soil", "area_m2": 98.14}, "geometry": {"type": "Polygon", "coordinates": [[[629925.9238829913, 5219556.493043263], [629957.1193872094, 5219595.393015685], [629958.7947649535, 5219594.0394623615], [629927.3103327493, 5219555.372917559], [629925.9238829913, 5219556.493043263]]]}}, {"type": "Feature", "properties": {"interrow_id": "V22-I005", "vineyard_id": "V22", "between_rows": ["V22-R05", "V22-R06"], "interrow_cover": "bare_soil", "area_m2": 105.84}, "geometry": {"type": "Polygon", "coordinates": [[[629925.3580377249, 5219552.025028089], [629958.0386608669, 5219592.160634495], [629959.7176749384, 5219590.80414335], [629926.860482114, 5219550.811189238], [629925.3580377249, 5219552.025028089]]]}}, {"type": "Feature", "properties": {"interrow_id": "V23-I001", "vineyard_id": "V23", "between_rows": ["V23-R01", "V23-R02"], "interrow_cover": "mixed", "area_m2": 68.59}, "geometry": {"type": "Polygon", "coordinates": [[[630070.8823129323, 5219554.529782194], [630094.291739098, 5219584.849265318], [630095.6988622685, 5219583.755911615], [630072.3031752423, 5219553.425752993], [630070.8823129323, 5219554.529782194]]]}}, {"type": "Feature", "properties": {"interrow_id": "V23-I002", "vineyard_id": "V23", "between_rows": ["V23-R02", "V23-R03"], "interrow_cover": "mixed", "area_m2": 72.08}, "geometry": {"type": "Polygon", "coordinates": [[[630068.5716373574, 5219547.605833222], [630093.0581958789, 5219579.350197184], [630094.616523346, 5219578.139355699], [630069.8528914101, 5219546.610281522], [630068.5716373574, 5219547.605833222]]]}}, {"type": "Feature", "properties": {"interrow_id": "V23-I003", "vineyard_id": "V23", "between_rows": ["V23-R03", "V23-R04"], "interrow_cover": "mixed", "area_m2": 69.97}, "geometry": {"type": "Polygon", "coordinates": [[[630070.3266781674, 5219546.242142814], [630092.5265031961, 5219574.506976172], [630094.0124647892, 5219573.35236395], [630071.9152568728, 5219545.007795709], [630070.3266781674, 5219546.242142814]]]}}, {"type": "Feature", "properties": {"interrow_id": "V23-I004", "vineyard_id": "V23", "between_rows": ["V23-R04", "V23-R05"], "interrow_cover": "mixed", "area_m2": 52.02}, "geometry": {"type": "Polygon", "coordinates": [[[630078.1330853382, 5219552.007663981], [630094.4862515467, 5219572.9842252415], [630096.0040511093, 5219571.804874486], [630079.7040852613, 5219550.786975827], [630078.1330853382, 5219552.007663981]]]}}, {"type": "Feature", "properties": {"interrow_id": "V23-I005", "vineyard_id": "V23", "between_rows": ["V23-R05", "V23-R06"], "interrow_cover": "mixed", "area_m2": 68.33}, "geometry": {"type": "Polygon", "coordinates": [[[630080.1778720188, 5219550.418837119], [630101.0381097893, 5219577.316952584], [630102.6587288749, 5219576.057709671], [630081.7273445261, 5219549.2148760585], [630080.1778720188, 5219550.418837119]]]}}, {"type": "Feature", "properties": {"interrow_id": "V23-I006", "vineyard_id": "V23", "between_rows": ["V23-R06", "V23-R07"], "interrow_cover": "mixed", "area_m2": 79.67}, "geometry": {"type": "Polygon", "coordinates": [[[630075.4458588377, 5219540.183638376], [630102.6064811918, 5219575.014973682], [630103.9885417498, 5219573.941093966], [630076.9124015644, 5219539.044114874], [630075.4458588377, 5219540.183638376]]]}}, {"type": "Feature", "properties": {"interrow_id": "V24-I001", "vineyard_id": "V24", "between_rows": ["V24-R01", "V24-R02"], "interrow_cover": "vegetation", "area_m2": 31.29}, "geometry": {"type": "Polygon", "coordinates": [[[630087.6266468446, 5219540.256406039], [630093.7735525633, 5219547.401244179], [630096.1124593861, 5219545.575857244], [630090.5278654736, 5219537.992165955], [630087.6266468446, 5219540.256406039]]]}}, {"type": "Feature", "properties": {"interrow_id": "V24-I002", "vineyard_id": "V24", "between_rows": ["V24-R02", "V24-R03"], "interrow_cover": "mixed", "area_m2": 59.56}, "geometry": {"type": "Polygon", "coordinates": [[[630092.5834246245, 5219539.772079245], [630110.235083296, 5219563.742439888], [630112.1007226645, 5219562.286411929], [630093.8738100715, 5219538.765005037], [630092.5834246245, 5219539.772079245]]]}}, {"type": "Feature", "properties": {"interrow_id": "V24-I003", "vineyard_id": "V24", "between_rows": ["V24-R03", "V24-R04"], "interrow_cover": "mixed", "area_m2": 54.88}, "geometry": {"type": "Polygon", "coordinates": [[[630094.3468094794, 5219538.395855256], [630113.5976321712, 5219563.238594323], [630114.9391149861, 5219562.191641456], [630108.786475252, 5219553.976104324], [630100.1996244106, 5219543.135178575], [630095.5013818109, 5219537.494775645], [630094.3468094794, 5219538.395855256]]]}}, {"type": "Feature", "properties": {"interrow_id": "V24-I004", "vineyard_id": "V24", "between_rows": ["V24-R04", "V24-R05"], "interrow_cover": "mixed", "area_m2": 78.6}, "geometry": {"type": "Polygon", "coordinates": [[[630091.8173329167, 5219532.13494543], [630100.6726238185, 5219542.766028795], [630109.2594746598, 5219553.606954543], [630114.5226300149, 5219560.634775141], [630116.0276405221, 5219559.460197989], [630094.0225931077, 5219530.413862271], [630091.8173329167, 5219532.13494543]]]}}, {"type": "Feature", "properties": {"interrow_id": "V24-I005", "vineyard_id": "V24", "between_rows": ["V24-R05", "V24-R06"], "interrow_cover": "mixed", "area_m2": 8.93}, "geometry": {"type": "Polygon", "coordinates": [[[630110.4239986795, 5219551.0699720215], [630113.2266227513, 5219554.769394165], [630114.6976768697, 5219553.621318089], [630111.9868225128, 5219549.850274777], [630110.4239986795, 5219551.0699720215]]]}}, {"type": "Feature", "properties": {"interrow_id": "V24-I006", "vineyard_id": "V24", "between_rows": ["V24-R05", "V24-R07"], "interrow_cover": "mixed", "area_m2": 102.28}, "geometry": {"type": "Polygon", "coordinates": [[[630093.7493023287, 5219529.059620529], [630110.4239986795, 5219551.0699720215], [630113.5343654434, 5219548.642503429], [630096.4796924143, 5219526.92870264], [630093.7493023287, 5219529.059620529]]]}}, {"type": "Feature", "properties": {"interrow_id": "V24-I007", "vineyard_id": "V24", "between_rows": ["V24-R06", "V24-R08"], "interrow_cover": "mixed", "area_m2": 15.5}, "geometry": {"type": "Polygon", "coordinates": [[[630112.4598219206, 5219549.481124997], [630115.1706762775, 5219553.252168308], [630117.881038713, 5219551.136880888], [630115.0149944412, 5219547.48695469], [630112.4598219206, 5219549.481124997]]]}}, {"type": "Feature", "properties": {"interrow_id": "V24-I008", "vineyard_id": "V24", "between_rows": ["V24-R07", "V24-R08"], "interrow_cover": "mixed", "area_m2": 47.23}, "geometry": {"type": "Polygon", "coordinates": [[[630092.7004224272, 5219521.145615556], [630115.4911679092, 5219550.162513525], [630116.4985671825, 5219549.376294317], [630093.7113592925, 5219520.356635452], [630092.7004224272, 5219521.145615556]]]}}, {"type": "Feature", "properties": {"interrow_id": "V24-I009", "vineyard_id": "V24", "between_rows": ["V24-R08", "V24-R09"], "interrow_cover": "mixed", "area_m2": 93.31}, "geometry": {"type": "Polygon", "coordinates": [[[630094.24842747, 5219520.0690776715], [630118.3702172127, 5219550.788335288], [630120.2343163106, 5219549.333509424], [630096.1508583579, 5219518.584335973], [630094.24842747, 5219520.0690776715]]]}}, {"type": "Feature", "properties": {"interrow_id": "V24-I010", "vineyard_id": "V24", "between_rows": ["V24-R09", "V24-R10"], "interrow_cover": "mixed", "area_m2": 123.45}, "geometry": {"type": "Polygon", "coordinates": [[[630097.9028928364, 5219519.848227067], [630129.892106421, 5219560.691277056], [630131.8339711465, 5219559.175759437], [630099.7127611444, 5219518.435725324], [630097.9028928364, 5219519.848227067]]]}}, {"type": "Feature", "properties": {"interrow_id": "V24-I011", "vineyard_id": "V24", "between_rows": ["V24-R10", "V24-R11"], "interrow_cover": "mixed", "area_m2": 114.85}, "geometry": {"type": "Polygon", "coordinates": [[[630102.054712532, 5219520.43700827], [630132.2494185014, 5219558.733615127], [630134.0657423207, 5219557.316075216], [630124.0389020746, 5219544.520948559], [630113.9272278915, 5219531.792446846], [630104.0548621265, 5219518.876002546], [630102.054712532, 5219520.43700827]]]}}, {"type": "Feature", "properties": {"interrow_id": "V24-I012", "vineyard_id": "V24", "between_rows": ["V24-R11", "V24-R12"], "interrow_cover": "mixed", "area_m2": 122.21}, "geometry": {"type": "Polygon", "coordinates": [[[630104.5278615343, 5219518.5068527665], [630114.4002272993, 5219531.423297066], [630124.5119014824, 5219544.151798779], [630134.5387417285, 5219556.946925436], [630136.5153516406, 5219555.404291127], [630124.208093354, 5219539.7603536], [630106.424613508, 5219517.026543145], [630104.5278615343, 5219518.5068527665]]]}}, {"type": "Feature", "properties": {"interrow_id": "V24-I013", "vineyard_id": "V24", "between_rows": ["V24-R12", "V24-R13"], "interrow_cover": "mixed", "area_m2": 97.2}, "geometry": {"type": "Polygon", "coordinates": [[[630103.7147976754, 5219512.58858799], [630124.6810927618, 5219539.391203819], [630136.088265134, 5219553.891028866], [630137.8745227947, 5219552.496953922], [630104.8227880748, 5219511.723862992], [630103.7147976754, 5219512.58858799]]]}}, {"type": "Feature", "properties": {"interrow_id": "V24-I014", "vineyard_id": "V24", "between_rows": ["V24-R13", "V24-R14"], "interrow_cover": "bare_soil", "area_m2": 124.41}, "geometry": {"type": "Polygon", "coordinates": [[[630107.3834209264, 5219513.930047576], [630138.3475222025, 5219552.127804142], [630140.5918967158, 5219550.376194427], [630131.5788029394, 5219539.720740475], [630120.3962123169, 5219526.112865853], [630109.2931854135, 5219512.439582411], [630107.3834209264, 5219513.930047576]]]}}, {"type": "Feature", "properties": {"interrow_id": "V24-I015", "vineyard_id": "V24", "between_rows": ["V24-R14", "V24-R15"], "interrow_cover": "bare_soil", "area_m2": 112.87}, "geometry": {"type": "Polygon", "coordinates": [[[630109.7661848213, 5219512.07043263], [630120.8692117247, 5219525.743716073], [630132.0518023472, 5219539.351590695], [630139.6914763768, 5219548.383361233], [630141.2180278691, 5219547.191972537], [630111.8726835502, 5219510.426427311], [630109.7661848213, 5219512.07043263]]]}}, {"type": "Feature", "properties": {"interrow_id": "V24-I016", "vineyard_id": "V24", "between_rows": ["V24-R15", "V24-R16"], "interrow_cover": "bare_soil", "area_m2": 121.34}, "geometry": {"type": "Polygon", "coordinates": [[[630109.6238352847, 5219506.647189285], [630140.639297489, 5219545.505154828], [630142.5842246221, 5219543.987247169], [630111.5270510779, 5219505.161835012], [630109.6238352847, 5219506.647189285]]]}}, {"type": "Feature", "properties": {"interrow_id": "V24-I017", "vineyard_id": "V24", "between_rows": ["V24-R16", "V24-R17"], "interrow_cover": "bare_soil", "area_m2": 115.66}, "geometry": {"type": "Polygon", "coordinates": [[[630112.0000504857, 5219504.792685231], [630143.0572240299, 5219543.618097389], [630144.8513834407, 5219542.217855568], [630113.8740235382, 5219503.330153294], [630112.0000504857, 5219504.792685231]]]}}, {"type": "Feature", "properties": {"interrow_id": "V24-I018", "vineyard_id": "V24", "between_rows": ["V24-R17", "V24-R18"], "interrow_cover": "mixed", "area_m2": 196.87}, "geometry": {"type": "Polygon", "coordinates": [[[630114.21236772, 5219502.791962886], [630147.627751932, 5219544.740260505], [630149.7631995288, 5219543.073662201], [630138.6092284193, 5219529.04165001], [630128.6401297668, 5219514.182196291], [630118.542917509, 5219499.412209178], [630114.21236772, 5219502.791962886]]]}}, {"type": "Feature", "properties": {"interrow_id": "V24-I019", "vineyard_id": "V24", "between_rows": ["V24-R18", "V24-R19"], "interrow_cover": "mixed", "area_m2": 36.32}, "geometry": {"type": "Polygon", "coordinates": [[[630144.3955709053, 5219535.356836609], [630150.2361989366, 5219542.704512421], [630153.3254884579, 5219540.293493445], [630147.406652778, 5219533.006854361], [630144.3955709053, 5219535.356836609]]]}}, {"type": "Feature", "properties": {"interrow_id": "V24-I020", "vineyard_id": "V24", "between_rows": ["V24-R20", "V24-R21"], "interrow_cover": "mixed", "area_m2": 98.64}, "geometry": {"type": "Polygon", "coordinates": [[[630124.0169101217, 5219498.029644958], [630145.8461355361, 5219525.10397515], [630147.9743976718, 5219523.442984699], [630126.3611727377, 5219496.200078123], [630124.0169101217, 5219498.029644958]]]}}, {"type": "Feature", "properties": {"interrow_id": "V24-I021", "vineyard_id": "V24", "between_rows": ["V24-R21", "V24-R22"], "interrow_cover": "mixed", "area_m2": 83.48}, "geometry": {"type": "Polygon", "coordinates": [[[630126.8341721455, 5219495.830928342], [630149.1908513175, 5219524.010939604], [630150.5006651406, 5219522.988702627], [630130.6083992042, 5219495.933738496], [630129.1712720345, 5219494.006951619], [630126.8341721455, 5219495.830928342]]]}}, {"type": "Feature", "properties": {"interrow_id": "V24-I022", "vineyard_id": "V24", "between_rows": ["V24-R22", "V24-R23"], "interrow_cover": "mixed", "area_m2": 41.94}, "geometry": {"type": "Polygon", "coordinates": [[[630122.5993906596, 5219484.192580758], [630131.081398612, 5219495.564588716], [630146.5909306078, 5219516.658708067], [630147.047133796, 5219516.302666804], [630123.8316363542, 5219483.230881399], [630122.5993906596, 5219484.192580758]]]}}, {"type": "Feature", "properties": {"interrow_id": "V24-I023", "vineyard_id": "V24", "between_rows": ["V24-R22", "V24-R24"], "interrow_cover": "mixed", "area_m2": 15.69}, "geometry": {"type": "Polygon", "coordinates": [[[630146.5909306078, 5219516.658708067], [630149.9403624219, 5219521.214184949], [630152.1198189774, 5219519.513240095], [630148.7873583968, 5219514.944518108], [630146.5909306078, 5219516.658708067]]]}}, {"type": "Feature", "properties": {"interrow_id": "V24-I024", "vineyard_id": "V24", "between_rows": ["V24-R23", "V24-R24"], "interrow_cover": "mixed", "area_m2": 37.89}, "geometry": {"type": "Polygon", "coordinates": [[[630131.4090053043, 5219492.982306701], [630147.5201332038, 5219515.933517024], [630148.7873583968, 5219514.944518108], [630132.2749848888, 5219492.306457709], [630131.4090053043, 5219492.982306701]]]}}, {"type": "Feature", "properties": {"interrow_id": "V24-I025", "vineyard_id": "V24", "between_rows": ["V24-R24", "V24-R25"], "interrow_cover": "mixed", "area_m2": 11.67}, "geometry": {"type": "Polygon", "coordinates": [[[630132.7479842966, 5219491.937307928], [630137.1642423365, 5219497.991889736], [630138.5405161843, 5219496.917784399], [630133.828472665, 5219491.094046738], [630132.7479842966, 5219491.937307928]]]}}, {"type": "Feature", "properties": {"interrow_id": "V24-I026", "vineyard_id": "V24", "between_rows": ["V24-R25", "V24-R26"], "interrow_cover": "mixed", "area_m2": 36.89}, "geometry": {"type": "Polygon", "coordinates": [[[630132.943744617, 5219489.046846132], [630139.0135155921, 5219496.5486346185], [630142.1854983061, 5219494.073078197], [630135.7999531185, 5219486.817733954], [630132.943744617, 5219489.046846132]]]}}, {"type": "Feature", "properties": {"interrow_id": "V25-I001", "vineyard_id": "V25", "between_rows": ["V25-R01", "V25-R02"], "interrow_cover": "bare_soil", "area_m2": 231.89}, "geometry": {"type": "Polygon", "coordinates": [[[629974.2080422787, 5219494.76545969], [629984.5901611848, 5219508.061816303], [629995.5113878964, 5219521.659457407], [630017.7107549617, 5219548.562625411], [630020.3917910985, 5219546.365289917], [630011.2250767989, 5219534.955506329], [629999.5892208278, 5219520.981757231], [629976.1743421775, 5219493.153910894], [629974.2080422787, 5219494.76545969]]]}}, {"type": "Feature", "properties": {"interrow_id": "V25-I002", "vineyard_id": "V25", "between_rows": ["V25-R02", "V25-R03"], "interrow_cover": "bare_soil", "area_m2": 161.56}, "geometry": {"type": "Polygon", "coordinates": [[[629976.6383973914, 5219492.773578462], [630000.0532760418, 5219520.601424799], [630011.6891320129, 5219534.575173899], [630023.0801522983, 5219548.75354491], [630024.7406988799, 5219547.392586774], [630015.8793668414, 5219536.342055545], [629978.5345776841, 5219491.219498604], [629976.6383973914, 5219492.773578462]]]}}, {"type": "Feature", "properties": {"interrow_id": "V25-I003", "vineyard_id": "V25", "between_rows": ["V25-R03", "V25-R04"], "interrow_cover": "bare_soil", "area_m2": 42.83}, "geometry": {"type": "Polygon", "coordinates": [[[630015.8159534512, 5219535.324399068], [630016.3434220554, 5219535.961723113], [630026.5327912377, 5219548.668384129], [630028.5243262149, 5219547.036153055], [630017.7053982604, 5219533.775839507], [630015.8159534512, 5219535.324399068]]]}}, {"type": "Feature", "properties": {"interrow_id": "V26-I001", "vineyard_id": "V26", "between_rows": ["V26-R01", "V26-R02"], "interrow_cover": "bare_soil", "area_m2": 89.36}, "geometry": {"type": "Polygon", "coordinates": [[[630085.0679354653, 5219402.92848296], [630106.3265735499, 5219429.989095255], [630108.3959365869, 5219428.347217958], [630088.4740245403, 5219403.12604296], [630087.0842622522, 5219401.328685769], [630085.0679354653, 5219402.92848296]]]}}, {"type": "Feature", "properties": {"interrow_id": "V26-I002", "vineyard_id": "V26", "between_rows": ["V26-R02", "V26-R03"], "interrow_cover": "bare_soil", "area_m2": 98.83}, "geometry": {"type": "Polygon", "coordinates": [[[630087.4267701063, 5219400.790840254], [630088.9440503377, 5219402.753114348], [630110.6024549333, 5219430.172691906], [630112.9128320677, 5219428.339588823], [630089.2352962152, 5219399.355916605], [630087.4267701063, 5219400.790840254]]]}}, {"type": "Feature", "properties": {"interrow_id": "V26-I003", "vineyard_id": "V26", "between_rows": ["V26-R03", "V26-R04"], "interrow_cover": "bare_soil", "area_m2": 78.36}, "geometry": {"type": "Polygon", "coordinates": [[[630091.2749604762, 5219400.904382476], [630114.3856080283, 5219429.194126711], [630115.8171188654, 5219428.058335116], [630093.2047672942, 5219399.373232095], [630091.2749604762, 5219400.904382476]]]}}, {"type": "Feature", "properties": {"interrow_id": "V27-I001", "vineyard_id": "V27", "between_rows": ["V27-R02", "V27-R03"], "interrow_cover": "bare_soil", "area_m2": 67.87}, "geometry": {"type": "Polygon", "coordinates": [[[630327.6741197773, 5219419.1458568275], [630348.779320675, 5219394.945500601], [630350.4215074045, 5219396.268553923], [630329.3262605299, 5219420.476929764], [630327.6741197773, 5219419.1458568275]]]}}, {"type": "Feature", "properties": {"interrow_id": "V27-I002", "vineyard_id": "V27", "between_rows": ["V27-R03", "V27-R04"], "interrow_cover": "bare_soil", "area_m2": 117.7}, "geometry": {"type": "Polygon", "coordinates": [[[630327.8326045951, 5219423.103618966], [630365.667275662, 5219379.685500067], [630367.331938459, 5219381.026661582], [630329.3534200572, 5219424.328887636], [630327.8326045951, 5219423.103618966]]]}}, {"type": "Feature", "properties": {"interrow_id": "V27-I003", "vineyard_id": "V27", "between_rows": ["V27-R04", "V27-R05"], "interrow_cover": "bare_soil", "area_m2": 119.76}, "geometry": {"type": "Polygon", "coordinates": [[[630328.9955771416, 5219425.646042383], [630367.7991656897, 5219381.40309048], [630369.2655898645, 5219382.5845379615], [630330.7012710018, 5219427.020261215], [630328.9955771416, 5219425.646042383]]]}}, {"type": "Feature", "properties": {"interrow_id": "V27-I004", "vineyard_id": "V27", "between_rows": ["V27-R05", "V27-R06"], "interrow_cover": "bare_soil", "area_m2": 107.63}, "geometry": {"type": "Polygon", "coordinates": [[[630331.0896060616, 5219427.487593588], [630365.0940219761, 5219388.306016953], [630366.6636961241, 5219389.5706493845], [630332.7532272448, 5219428.8279159125], [630331.0896060616, 5219427.487593588]]]}}, {"type": "Feature", "properties": {"interrow_id": "V27-I005", "vineyard_id": "V27", "between_rows": ["V27-R06", "V27-R07"], "interrow_cover": "bare_soil", "area_m2": 107.63}, "geometry": {"type": "Polygon", "coordinates": [[[630334.0803220554, 5219428.208898511], [630367.1309233549, 5219389.947078282], [630368.8165549492, 5219391.305133636], [630335.7119799976, 5219429.523469151], [630334.0803220554, 5219428.208898511]]]}}, {"type": "Feature", "properties": {"interrow_id": "V27-I006", "vineyard_id": "V27", "between_rows": ["V27-R07", "V27-R08"], "interrow_cover": "bare_soil", "area_m2": 75.26}, "geometry": {"type": "Polygon", "coordinates": [[[630337.2505571401, 5219428.6630535815], [630359.3239438665, 5219403.179926216], [630361.0673487701, 5219404.584527536], [630338.9860293152, 5219430.061263776], [630337.2505571401, 5219428.6630535815]]]}}, {"type": "Feature", "properties": {"interrow_id": "V27-I007", "vineyard_id": "V27", "between_rows": ["V27-R08", "V27-R09"], "interrow_cover": "bare_soil", "area_m2": 47.72}, "geometry": {"type": "Polygon", "coordinates": [[[630344.1204701515, 5219425.0528074885], [630358.438704625, 5219408.532876067], [630360.1134889636, 5219409.88219216], [630345.8475979196, 5219426.444294881], [630344.1204701515, 5219425.0528074885]]]}}, {"type": "Feature", "properties": {"interrow_id": "V27-I008", "vineyard_id": "V27", "between_rows": ["V27-R09", "V27-R10"], "interrow_cover": "bare_soil", "area_m2": 15.09}, "geometry": {"type": "Polygon", "coordinates": [[[630348.1856647421, 5219424.648757275], [630352.350238825, 5219419.813860981], [630354.214166557, 5219421.315563397], [630350.0067062124, 5219426.115907705], [630348.1856647421, 5219424.648757275]]]}}, {"type": "Feature", "properties": {"interrow_id": "V28-I001", "vineyard_id": "V28", "between_rows": ["V28-R01", "V28-R02"], "interrow_cover": "mixed", "area_m2": 23.13}, "geometry": {"type": "Polygon", "coordinates": [[[630136.0757813664, 5219386.107328411], [630147.4167617268, 5219400.972999783], [630148.2419592831, 5219400.333873923], [630137.2065833507, 5219385.231508088], [630136.0757813664, 5219386.107328411]]]}}, {"type": "Feature", "properties": {"interrow_id": "V28-I002", "vineyard_id": "V28", "between_rows": ["V28-R02", "V28-R03"], "interrow_cover": "bare_soil", "area_m2": 63.59}, "geometry": {"type": "Polygon", "coordinates": [[[630133.5939357914, 5219379.270870305], [630148.7163202503, 5219399.966475403], [630151.0488867591, 5219398.1598733775], [630135.185808837, 5219378.03794466], [630133.5939357914, 5219379.270870305]]]}}, {"type": "Feature", "properties": {"interrow_id": "V28-I003", "vineyard_id": "V28", "between_rows": ["V28-R03", "V28-R04"], "interrow_cover": "bare_soil", "area_m2": 120.81}, "geometry": {"type": "Polygon", "coordinates": [[[630130.77575787, 5219371.47478834], [630172.0046447954, 5219423.772629145], [630173.3983276577, 5219422.693204283], [630132.2506418133, 5219370.332472222], [630130.77575787, 5219371.47478834]]]}}, {"type": "Feature", "properties": {"interrow_id": "V28-I004", "vineyard_id": "V28", "between_rows": ["V28-R04", "V28-R05"], "interrow_cover": "bare_soil", "area_m2": 120.27}, "geometry": {"type": "Polygon", "coordinates": [[[630132.3774179411, 5219369.522769444], [630173.3325305277, 5219421.638450621], [630174.5441087126, 5219420.700068116], [630134.0349066268, 5219368.239023661], [630132.3774179411, 5219369.522769444]]]}}, {"type": "Feature", "properties": {"interrow_id": "V28-I005", "vineyard_id": "V28", "between_rows": ["V28-R05", "V28-R06"], "interrow_cover": "bare_soil", "area_m2": 126.21}, "geometry": {"type": "Polygon", "coordinates": [[[630135.0885422754, 5219368.621809131], [630175.0184696799, 5219420.332669596], [630176.4756143708, 5219419.204092752], [630136.6860122748, 5219367.384548574], [630135.0885422754, 5219368.621809131]]]}}, {"type": "Feature", "properties": {"interrow_id": "V28-I006", "vineyard_id": "V28", "between_rows": ["V28-R06", "V28-R07"], "interrow_cover": "mixed", "area_m2": 40.75}, "geometry": {"type": "Polygon", "coordinates": [[[630149.4249445001, 5219382.989777541], [630158.5075395525, 5219394.818393831], [630160.8100748586, 5219393.03505135], [630151.4429759488, 5219381.426786866], [630149.4249445001, 5219382.989777541]]]}}, {"type": "Feature", "properties": {"interrow_id": "V29-I001", "vineyard_id": "V29", "between_rows": ["V29-R01", "V29-R02"], "interrow_cover": "mixed", "area_m2": 7.99}, "geometry": {"type": "Polygon", "coordinates": [[[630256.837078035, 5219421.883331669], [630259.6160863081, 5219425.778046058], [630260.9509754871, 5219424.901414425], [630258.296734602, 5219420.924764366], [630256.837078035, 5219421.883331669]]]}}, {"type": "Feature", "properties": {"interrow_id": "V29-I002", "vineyard_id": "V29", "between_rows": ["V29-R03", "V29-R04"], "interrow_cover": "vegetation", "area_m2": 16.38}, "geometry": {"type": "Polygon", "coordinates": [[[630255.3141433058, 5219412.415630182], [630260.0784862238, 5219419.172996279], [630261.7911979468, 5219418.048245777], [630256.9150992386, 5219411.364270538], [630255.3141433058, 5219412.415630182]]]}}, {"type": "Feature", "properties": {"interrow_id": "V29-I003", "vineyard_id": "V29", "between_rows": ["V29-R04", "V29-R05"], "interrow_cover": "vegetation", "area_m2": 10.68}, "geometry": {"type": "Polygon", "coordinates": [[[630255.4866925179, 5219408.389439592], [630263.8502000894, 5219419.853825542], [630264.4725952656, 5219419.44509401], [630256.1244486345, 5219407.970620417], [630255.4866925179, 5219408.389439592]]]}}, {"type": "Feature", "properties": {"interrow_id": "V29-I004", "vineyard_id": "V29", "between_rows": ["V29-R06", "V29-R07"], "interrow_cover": "mixed", "area_m2": 14.69}, "geometry": {"type": "Polygon", "coordinates": [[[630269.9096532878, 5219418.940386842], [630273.2672931794, 5219423.737088737], [630275.3378706151, 5219422.377325165], [630272.0358372569, 5219417.544106048], [630269.9096532878, 5219418.940386842]]]}}, {"type": "Feature", "properties": {"interrow_id": "V29-I005", "vineyard_id": "V29", "between_rows": ["V29-R07", "V29-R08"], "interrow_cover": "mixed", "area_m2": 17.06}, "geometry": {"type": "Polygon", "coordinates": [[[630272.5373607475, 5219417.214751848], [630278.8122922535, 5219426.399431598], [630280.1362185096, 5219425.529999399], [630273.7776957091, 5219416.400214672], [630272.5373607475, 5219417.214751848]]]}}, {"type": "Feature", "properties": {"interrow_id": "V29-I006", "vineyard_id": "V29", "between_rows": ["V29-R09", "V29-R10"], "interrow_cover": "mixed", "area_m2": 26.01}, "geometry": {"type": "Polygon", "coordinates": [[[630279.2506937535, 5219413.237282838], [630289.4945917153, 5219429.34919733], [630290.7803092777, 5219428.504857062], [630280.2429424537, 5219412.585665751], [630279.2506937535, 5219413.237282838]]]}}, {"type": "Feature", "properties": {"interrow_id": "V29-I007", "vineyard_id": "V29", "between_rows": ["V29-R10", "V29-R11"], "interrow_cover": "bare_soil", "area_m2": 75.19}, "geometry": {"type": "Polygon", "coordinates": [[[630272.0028344648, 5219399.050004301], [630289.4726910514, 5219425.442365299], [630291.9174501295, 5219423.836873865], [630273.5295439566, 5219398.047402845], [630272.0028344648, 5219399.050004301]]]}}, {"type": "Feature", "properties": {"interrow_id": "V29-I008", "vineyard_id": "V29", "between_rows": ["V29-R11", "V29-R12"], "interrow_cover": "bare_soil", "area_m2": 104.93}, "geometry": {"type": "Polygon", "coordinates": [[[630260.2079007176, 5219378.3307320895], [630292.41897362, 5219423.507519666], [630293.7832735273, 5219422.61157379], [630262.0074886745, 5219377.14892932], [630260.2079007176, 5219378.3307320895]]]}}, {"type": "Feature", "properties": {"interrow_id": "V29-I009", "vineyard_id": "V29", "between_rows": ["V29-R12", "V29-R13"], "interrow_cover": "mixed", "area_m2": 106.0}, "geometry": {"type": "Polygon", "coordinates": [[[630262.9857365993, 5219377.501640208], [630294.4881582267, 5219422.573175059], [630296.2732848723, 5219421.4008691395], [630290.8593940882, 5219414.057497697], [630281.9938766063, 5219401.600400018], [630273.3490293052, 5219388.988957414], [630264.8069314219, 5219376.305648049], [630262.9857365993, 5219377.501640208]]]}}, {"type": "Feature", "properties": {"interrow_id": "V29-I010", "vineyard_id": "V29", "between_rows": ["V29-R13", "V29-R14"], "interrow_cover": "mixed", "area_m2": 91.58}, "geometry": {"type": "Polygon", "coordinates": [[[630275.9399225108, 5219391.707657776], [630282.4954000969, 5219401.271045819], [630291.3609175787, 5219413.728143497], [630300.4365490195, 5219426.038279666], [630302.2016219215, 5219424.879143189], [630296.6124053269, 5219417.289466162], [630287.0732936042, 5219403.982337924], [630277.7804353858, 5219390.49897931], [630275.9399225108, 5219391.707657776]]]}}, {"type": "Feature", "properties": {"interrow_id": "V29-I011", "vineyard_id": "V29", "between_rows": ["V29-R14", "V29-R15"], "interrow_cover": "mixed", "area_m2": 93.24}, "geometry": {"type": "Polygon", "coordinates": [[[630278.2819588763, 5219390.16962511], [630287.5748170948, 5219403.652983725], [630297.1139288174, 5219416.960111963], [630305.8368157842, 5219428.805044737], [630307.5155783535, 5219427.702588896], [630296.0253453638, 5219412.111850639], [630284.826549562, 5219396.314171202], [630279.869357414, 5219389.127168708], [630278.2819588763, 5219390.16962511]]]}}, {"type": "Feature", "properties": {"interrow_id": "V29-I012", "vineyard_id": "V29", "between_rows": ["V29-R15", "V29-R16"], "interrow_cover": "mixed", "area_m2": 100.43}, "geometry": {"type": "Polygon", "coordinates": [[[630275.5739574662, 5219381.8431717], [630285.3280730526, 5219395.984817003], [630296.5268688543, 5219411.78249644], [630307.0076829253, 5219426.003585694], [630308.5124137896, 5219425.015417766], [630297.7878609655, 5219410.474891485], [630287.3174626165, 5219395.755128702], [630277.4293679497, 5219380.624709863], [630275.5739574662, 5219381.8431717]]]}}, {"type": "Feature", "properties": {"interrow_id": "V29-I013", "vineyard_id": "V29", "between_rows": ["V29-R16", "V29-R17"], "interrow_cover": "bare_soil", "area_m2": 94.72}, "geometry": {"type": "Polygon", "coordinates": [[[630289.3140874151, 5219397.527656004], [630298.289384456, 5219410.145537286], [630309.0139372802, 5219424.686063567], [630311.234607123, 5219423.227733198], [630291.6982608313, 5219395.961951624], [630289.3140874151, 5219397.527656004]]]}}, {"type": "Feature", "properties": {"interrow_id": "V29-I014", "vineyard_id": "V29", "between_rows": ["V29-R17", "V29-R18"], "interrow_cover": "mixed", "area_m2": 78.35}, "geometry": {"type": "Polygon", "coordinates": [[[630292.1997843218, 5219395.632597425], [630310.8394410069, 5219421.646919663], [630312.9232894616, 5219420.278440914], [630294.2121357688, 5219394.3110712925], [630292.1997843218, 5219395.632597425]]]}}, {"type": "Feature", "properties": {"interrow_id": "V29-I015", "vineyard_id": "V29", "between_rows": ["V29-R18", "V29-R19"], "interrow_cover": "bare_soil", "area_m2": 80.0}, "geometry": {"type": "Polygon", "coordinates": [[[630292.9728035245, 5219391.565754663], [630313.4248129523, 5219419.9490867155], [630315.1256713759, 5219418.832120364], [630295.0986063344, 5219390.1697241785], [630292.9728035245, 5219391.565754663]]]}}, {"type": "Feature", "properties": {"interrow_id": "V29-I016", "vineyard_id": "V29", "between_rows": ["V29-R19", "V29-R20"], "interrow_cover": "mixed", "area_m2": 87.34}, "geometry": {"type": "Polygon", "coordinates": [[[630294.3392256825, 5219388.035785333], [630315.6946523226, 5219418.599310133], [630317.5927235938, 5219417.35283264], [630296.3587557132, 5219386.709544972], [630294.3392256825, 5219388.035785333]]]}}, {"type": "Feature", "properties": {"interrow_id": "V29-I017", "vineyard_id": "V29", "between_rows": ["V29-R20", "V29-R22"], "interrow_cover": "mixed", "area_m2": 16.25}, "geometry": {"type": "Polygon", "coordinates": [[[630296.5585152375, 5219385.944707396], [630301.8804642754, 5219393.624949555], [630303.3282037848, 5219392.674208273], [630298.018984388, 5219384.985606465], [630296.5585152375, 5219385.944707396]]]}}, {"type": "Feature", "properties": {"interrow_id": "V29-I018", "vineyard_id": "V29", "between_rows": ["V29-R20", "V29-R23"], "interrow_cover": "mixed", "area_m2": 16.59}, "geometry": {"type": "Polygon", "coordinates": [[[630294.0199784765, 5219382.281279408], [630296.5585152375, 5219385.944707396], [630299.6317242766, 5219383.926508209], [630297.1718742455, 5219380.2114060605], [630294.0199784765, 5219382.281279408]]]}}, {"type": "Feature", "properties": {"interrow_id": "V29-I019", "vineyard_id": "V29", "between_rows": ["V29-R20", "V29-R23"], "interrow_cover": "bare_soil", "area_m2": 87.83}, "geometry": {"type": "Polygon", "coordinates": [[[630301.8804642754, 5219393.624949555], [630317.5751091174, 5219416.274297028], [630319.9968692295, 5219414.683909185], [630304.7887094762, 5219391.715083344], [630301.8804642754, 5219393.624949555]]]}}, {"type": "Feature", "properties": {"interrow_id": "V29-I020", "vineyard_id": "V29", "between_rows": ["V29-R21", "V29-R23"], "interrow_cover": "mixed", "area_m2": 4.62}, "geometry": {"type": "Polygon", "coordinates": [[[630292.8909843881, 5219375.569422428], [630294.9629391028, 5219379.124723374], [630296.0009916641, 5219378.443026551], [630293.7324356997, 5219375.016835106], [630292.8909843881, 5219375.569422428]]]}}, {"type": "Feature", "properties": {"interrow_id": "V29-I021", "vineyard_id": "V29", "between_rows": ["V29-R22", "V29-R23"], "interrow_cover": "bare_soil", "area_m2": 11.57}, "geometry": {"type": "Polygon", "coordinates": [[[630298.5205078785, 5219384.656252266], [630303.8297272753, 5219392.3448540745], [630304.7887094762, 5219391.715083344], [630299.6317242766, 5219383.926508209], [630298.5205078785, 5219384.656252266]]]}}, {"type": "Feature", "properties": {"interrow_id": "V29-I022", "vineyard_id": "V29", "between_rows": ["V29-R23", "V29-R24"], "interrow_cover": "bare_soil", "area_m2": 71.65}, "geometry": {"type": "Polygon", "coordinates": [[[630298.2194188565, 5219380.706705485], [630319.2202604775, 5219412.424196721], [630320.8289859015, 5219411.367734794], [630299.7595653537, 5219379.695279848], [630298.2194188565, 5219380.706705485]]]}}, {"type": "Feature", "properties": {"interrow_id": "V29-I023", "vineyard_id": "V29", "between_rows": ["V29-R24", "V29-R25"], "interrow_cover": "bare_soil", "area_m2": 71.17}, "geometry": {"type": "Polygon", "coordinates": [[[630300.2610888444, 5219379.365925648], [630320.5368195425, 5219409.845272035], [630322.1242598935, 5219408.802788173], [630301.9238903576, 5219378.273951552], [630300.2610888444, 5219379.365925648]]]}}, {"type": "Feature", "properties": {"interrow_id": "V29-I024", "vineyard_id": "V29", "between_rows": ["V29-R25", "V29-R26"], "interrow_cover": "bare_soil", "area_m2": 93.77}, "geometry": {"type": "Polygon", "coordinates": [[[630290.5902234775, 5219360.058063515], [630319.7355082498, 5219404.105358568], [630321.0473885224, 5219403.243837056], [630292.2462821127, 5219358.970517517], [630290.5902234775, 5219360.058063515]]]}}, {"type": "Feature", "properties": {"interrow_id": "V29-I025", "vineyard_id": "V29", "between_rows": ["V29-R26", "V29-R27"], "interrow_cover": "mixed", "area_m2": 79.33}, "geometry": {"type": "Polygon", "coordinates": [[[630298.0868975234, 5219366.848463387], [630321.1227587244, 5219402.259396192], [630322.652025243, 5219401.255115517], [630299.6968426838, 5219365.791200451], [630298.0868975234, 5219366.848463387]]]}}, {"type": "Feature", "properties": {"interrow_id": "V29-I026", "vineyard_id": "V29", "between_rows": ["V29-R27", "V29-R28"], "interrow_cover": "mixed", "area_m2": 75.6}, "geometry": {"type": "Polygon", "coordinates": [[[630300.1983661745, 5219365.461846251], [630323.1535487336, 5219400.925761319], [630324.6303022819, 5219399.955966301], [630301.7132071903, 5219364.467038912], [630300.1983661745, 5219365.461846251]]]}}, {"type": "Feature", "properties": {"interrow_id": "V29-I027", "vineyard_id": "V29", "between_rows": ["V29-R28", "V29-R29"], "interrow_cover": "vegetation", "area_m2": 78.86}, "geometry": {"type": "Polygon", "coordinates": [[[630301.3730103555, 5219362.834214469], [630325.9984250945, 5219400.968609432], [630327.4072069769, 5219400.043451913], [630302.8683872443, 5219361.852189367], [630301.3730103555, 5219362.834214469]]]}}, {"type": "Feature", "properties": {"interrow_id": "V29-I028", "vineyard_id": "V29", "between_rows": ["V29-R29", "V29-R30"], "interrow_cover": "vegetation", "area_m2": 85.95}, "geometry": {"type": "Polygon", "coordinates": [[[630302.2452376793, 5219359.772437862], [630327.9087304674, 5219399.714097714], [630329.4609128695, 5219398.694768009], [630303.7198990984, 5219358.8040167615], [630302.2452376793, 5219359.772437862]]]}}, {"type": "Feature", "properties": {"interrow_id": "V29-I029", "vineyard_id": "V29", "between_rows": ["V29-R30", "V29-R31"], "interrow_cover": "mixed", "area_m2": 20.53}, "geometry": {"type": "Polygon", "coordinates": [[[630337.7595921124, 5219386.8842064375], [630327.0795742923, 5219393.897853416], [630328.8221131535, 5219396.598259269], [630337.7595921124, 5219386.8842064375]]]}}, {"type": "Feature", "properties": {"interrow_id": "V29-I030", "vineyard_id": "V29", "between_rows": ["V29-R30", "V29-R33"], "interrow_cover": "vegetation", "area_m2": 131.45}, "geometry": {"type": "Polygon", "coordinates": [[[630304.2214225889, 5219358.474662563], [630327.0795742923, 5219393.897853416], [630329.4492330468, 5219392.341680923], [630307.0644841185, 5219356.607602953], [630304.2214225889, 5219358.474662563]]]}}, {"type": "Feature", "properties": {"interrow_id": "V29-I031", "vineyard_id": "V29", "between_rows": ["V29-R31", "V29-R34"], "interrow_cover": "mixed", "area_m2": 20.2}, "geometry": {"type": "Polygon", "coordinates": [[[630334.188727357, 5219395.528423623], [630332.5006091691, 5219392.815886708], [630323.6180078876, 5219402.470293564], [630334.188727357, 5219395.528423623]]]}}, {"type": "Feature", "properties": {"interrow_id": "V29-I032", "vineyard_id": "V29", "between_rows": ["V29-R32", "V29-R34"], "interrow_cover": "mixed", "area_m2": 12.56}, "geometry": {"type": "Polygon", "coordinates": [[[630335.1034952747, 5219396.9983098935], [630333.7309065626, 5219394.792778564], [630327.0159474113, 5219402.309462608], [630335.1034952747, 5219396.9983098935]]]}}, {"type": "Feature", "properties": {"interrow_id": "V29-I033", "vineyard_id": "V29", "between_rows": ["V29-R33", "V29-R34"], "interrow_cover": "bare_soil", "area_m2": 107.3}, "geometry": {"type": "Polygon", "coordinates": [[[630302.1437254545, 5219347.622344062], [630333.6656172078, 5219397.942575093], [630335.1034952747, 5219396.9983098935], [630303.727580454, 5219346.582214726], [630302.1437254545, 5219347.622344062]]]}}, {"type": "Feature", "properties": {"interrow_id": "V29-I034", "vineyard_id": "V29", "between_rows": ["V29-R34", "V29-R35"], "interrow_cover": "bare_soil", "area_m2": 113.58}, "geometry": {"type": "Polygon", "coordinates": [[[630304.2291039445, 5219346.2528605275], [630335.3718878325, 5219396.294351435], [630336.9856965318, 5219395.2345512835], [630305.8375953595, 5219345.196552276], [630304.2291039445, 5219346.2528605275]]]}}, {"type": "Feature", "properties": {"interrow_id": "V29-I035", "vineyard_id": "V29", "between_rows": ["V29-R35", "V29-R36"], "interrow_cover": "bare_soil", "area_m2": 99.03}, "geometry": {"type": "Polygon", "coordinates": [[[630304.2413751981, 5219341.497268905], [630336.1679303056, 5219392.785818533], [630337.5422004617, 5219391.88332512], [630305.6082036056, 5219340.599662544], [630304.2413751981, 5219341.497268905]]]}}, {"type": "Feature", "properties": {"interrow_id": "V29-I036", "vineyard_id": "V29", "between_rows": ["V29-R36", "V29-R37"], "interrow_cover": "bare_soil", "area_m2": 93.4}, "geometry": {"type": "Polygon", "coordinates": [[[630306.0847397958, 5219340.230180569], [630334.3478462141, 5219385.618661675], [630335.7443648152, 5219384.701557543], [630307.6091628977, 5219339.229080602], [630306.0847397958, 5219340.230180569]]]}}, {"type": "Feature", "properties": {"interrow_id": "V29-I037", "vineyard_id": "V29", "between_rows": ["V29-R37", "V29-R38"], "interrow_cover": "bare_soil", "area_m2": 94.39}, "geometry": {"type": "Polygon", "coordinates": [[[630308.1106863882, 5219338.899726403], [630336.2458883058, 5219384.372203344], [630337.7289198467, 5219383.398285522], [630309.5796348061, 5219337.935057073], [630308.1106863882, 5219338.899726403]]]}}, {"type": "Feature", "properties": {"interrow_id": "V29-I038", "vineyard_id": "V29", "between_rows": ["V29-R38", "V29-R39"], "interrow_cover": "bare_soil", "area_m2": 105.21}, "geometry": {"type": "Polygon", "coordinates": [[[630314.809975382, 5219345.243100809], [630339.0079014838, 5219384.324585144], [630341.0304303204, 5219382.996375444], [630316.6151496762, 5219344.05762945], [630314.809975382, 5219345.243100809]]]}}, {"type": "Feature", "properties": {"interrow_id": "V31-I001", "vineyard_id": "V31", "between_rows": ["V31-R01", "V31-R02"], "interrow_cover": "mixed", "area_m2": 133.4}, "geometry": {"type": "Polygon", "coordinates": [[[630192.1268807948, 5219336.07173258], [630212.1089712987, 5219366.541857764], [630215.0025059454, 5219364.69742846], [630195.4080230929, 5219333.9802300595], [630192.1268807948, 5219336.07173258]]]}}, {"type": "Feature", "properties": {"interrow_id": "V31-I002", "vineyard_id": "V31", "between_rows": ["V31-R02", "V31-R03"], "interrow_cover": "mixed", "area_m2": 52.39}, "geometry": {"type": "Polygon", "coordinates": [[[630206.815471318, 5219350.747399271], [630218.0777097051, 5219368.402594029], [630219.9331757495, 5219367.219862055], [630209.179572157, 5219349.240447601], [630206.815471318, 5219350.747399271]]]}}, {"type": "Feature", "properties": {"interrow_id": "V31-I003", "vineyard_id": "V31", "between_rows": ["V31-R03", "V31-R04"], "interrow_cover": "bare_soil", "area_m2": 24.98}, "geometry": {"type": "Polygon", "coordinates": [[[630209.6855242505, 5219348.917937944], [630220.439127843, 5219366.897352397], [630221.6247193458, 5219366.141619366], [630210.5116007312, 5219348.39137101], [630209.6855242505, 5219348.917937944]]]}}, {"type": "Feature", "properties": {"interrow_id": "V31-I004", "vineyard_id": "V31", "between_rows": ["V31-R04", "V31-R05"], "interrow_cover": "bare_soil", "area_m2": 96.04}, "geometry": {"type": "Polygon", "coordinates": [[[630199.4611717911, 5219329.610619291], [630225.2918795686, 5219370.868298091], [630227.095391547, 5219369.7186832605], [630202.9264697293, 5219331.690171587], [630200.964709279, 5219328.652217564], [630199.4611717911, 5219329.610619291]]]}}, {"type": "Feature", "properties": {"interrow_id": "V31-I005", "vineyard_id": "V31", "between_rows": ["V31-R05", "V31-R06"], "interrow_cover": "bare_soil", "area_m2": 123.27}, "geometry": {"type": "Polygon", "coordinates": [[[630195.2844717499, 5219318.749863614], [630203.4324218228, 5219331.36766193], [630227.6013436404, 5219369.396173603], [630229.1990862804, 5219368.377722572], [630197.2159444779, 5219317.518682608], [630195.2844717499, 5219318.749863614]]]}}, {"type": "Feature", "properties": {"interrow_id": "V31-I006", "vineyard_id": "V31", "between_rows": ["V31-R06", "V31-R07"], "interrow_cover": "bare_soil", "area_m2": 47.61}, "geometry": {"type": "Polygon", "coordinates": [[[630216.0474682255, 5219346.337180637], [630232.9149624906, 5219373.159578831], [630235.0452647754, 5219371.801657659], [630232.1206641247, 5219367.7962982375], [630216.4753019195, 5219346.064466085], [630216.0474682255, 5219346.337180637]]]}}, {"type": "Feature", "properties": {"interrow_id": "V31-I007", "vineyard_id": "V31", "between_rows": ["V31-R06", "V31-R09"], "interrow_cover": "bare_soil", "area_m2": 69.63}, "geometry": {"type": "Polygon", "coordinates": [[[630196.1868860587, 5219314.755225732], [630214.2706590897, 5219343.511729422], [630216.0630481242, 5219342.369204704], [630197.8517158076, 5219313.694011283], [630196.1868860587, 5219314.755225732]]]}}, {"type": "Feature", "properties": {"interrow_id": "V31-I008", "vineyard_id": "V31", "between_rows": ["V31-R07", "V31-R11"], "interrow_cover": "bare_soil", "area_m2": 81.68}, "geometry": {"type": "Polygon", "coordinates": [[[630216.9812540129, 5219345.741956429], [630232.6266162182, 5219367.47378858], [630233.138026186, 5219368.1741853105], [630234.898508792, 5219367.051998745], [630220.2071091934, 5219343.685695643], [630216.9812540129, 5219345.741956429]]]}}, {"type": "Feature", "properties": {"interrow_id": "V31-I009", "vineyard_id": "V31", "between_rows": ["V31-R09", "V31-R11"], "interrow_cover": "bare_soil", "area_m2": 58.08}, "geometry": {"type": "Polygon", "coordinates": [[[630202.825319853, 5219320.406175511], [630216.5690002176, 5219342.046695046], [630218.4305331078, 5219340.860095875], [630204.7849088751, 5219319.157072301], [630202.825319853, 5219320.406175511]]]}}, {"type": "Feature", "properties": {"interrow_id": "V31-I010", "vineyard_id": "V31", "between_rows": ["V31-R11", "V31-R12"], "interrow_cover": "bare_soil", "area_m2": 65.09}, "geometry": {"type": "Polygon", "coordinates": [[[630221.5373212218, 5219344.674150768], [630235.4044608854, 5219366.729489087], [630237.3443630373, 5219365.492934903], [630223.8113867554, 5219343.224590413], [630221.5373212218, 5219344.674150768]]]}}, {"type": "Feature", "properties": {"interrow_id": "V31-I011", "vineyard_id": "V31", "between_rows": ["V31-R12", "V31-R13"], "interrow_cover": "bare_soil", "area_m2": 105.06}, "geometry": {"type": "Polygon", "coordinates": [[[630224.3173388488, 5219342.902080756], [630243.9548739556, 5219375.215401017], [630247.054875397, 5219373.239363333], [630240.3299762257, 5219363.572694824], [630231.8929307223, 5219350.756341333], [630226.2527754664, 5219341.668373042], [630224.3173388488, 5219342.902080756]]]}}, {"type": "Feature", "properties": {"interrow_id": "V31-I012", "vineyard_id": "V31", "between_rows": ["V31-R13", "V31-R14"], "interrow_cover": "bare_soil", "area_m2": 83.83}, "geometry": {"type": "Polygon", "coordinates": [[[630224.3051451317, 5219337.392412053], [630232.3988828158, 5219350.433831675], [630240.8359283193, 5219363.2501851665], [630244.9630782676, 5219369.18273366], [630246.4860951363, 5219368.211915167], [630226.1789319459, 5219336.1980018485], [630224.3051451317, 5219337.392412053]]]}}, {"type": "Feature", "properties": {"interrow_id": "V31-I013", "vineyard_id": "V31", "between_rows": ["V31-R14", "V31-R15"], "interrow_cover": "bare_soil", "area_m2": 178.25}, "geometry": {"type": "Polygon", "coordinates": [[[630205.5906765846, 5219302.620816359], [630246.9920472298, 5219367.889405509], [630248.9209621442, 5219366.659854934], [630207.551165197, 5219301.371139722], [630205.5906765846, 5219302.620816359]]]}}, {"type": "Feature", "properties": {"interrow_id": "V31-I014", "vineyard_id": "V31", "between_rows": ["V31-R15", "V31-R16"], "interrow_cover": "bare_soil", "area_m2": 179.03}, "geometry": {"type": "Polygon", "coordinates": [[[630208.0571172906, 5219301.048630064], [630249.5756827993, 5219366.57212787], [630251.5762010376, 5219365.2969351], [630209.948986688, 5219299.842693457], [630208.0571172906, 5219301.048630064]]]}}, {"type": "Feature", "properties": {"interrow_id": "V31-I015", "vineyard_id": "V31", "between_rows": ["V31-R16", "V31-R17"], "interrow_cover": "bare_soil", "area_m2": 184.2}, "geometry": {"type": "Polygon", "coordinates": [[[630209.98137463, 5219298.775555966], [630251.7124470307, 5219364.393103036], [630253.8271064287, 5219363.045153128], [630211.8616480215, 5219297.577011015], [630209.98137463, 5219298.775555966]]]}}, {"type": "Feature", "properties": {"interrow_id": "V31-I016", "vineyard_id": "V31", "between_rows": ["V31-R17", "V31-R18"], "interrow_cover": "bare_soil", "area_m2": 10.26}, "geometry": {"type": "Polygon", "coordinates": [[[630212.2441503869, 5219297.061913819], [630214.8623404029, 5219301.146416707], [630216.5056972577, 5219300.098889751], [630214.1658573123, 5219295.83695784], [630212.2441503869, 5219297.061913819]]]}}, {"type": "Feature", "properties": {"interrow_id": "V31-I017", "vineyard_id": "V31", "between_rows": ["V31-R17", "V31-R19"], "interrow_cover": "bare_soil", "area_m2": 75.21}, "geometry": {"type": "Polygon", "coordinates": [[[630234.2523652347, 5219331.395792013], [630254.2141644557, 5219362.537162984], [630255.9404493304, 5219361.43677512], [630235.9552250819, 5219330.310335993], [630234.2523652347, 5219331.395792013]]]}}, {"type": "Feature", "properties": {"interrow_id": "V31-I018", "vineyard_id": "V31", "between_rows": ["V31-R19", "V31-R20"], "interrow_cover": "bare_soil", "area_m2": 48.08}, "geometry": {"type": "Polygon", "coordinates": [[[630240.4499183107, 5219336.200181354], [630253.1942177358, 5219356.049078485], [630254.8920774093, 5219354.966809731], [630242.1894995706, 5219335.091317958], [630240.4499183107, 5219336.200181354]]]}}, {"type": "Feature", "properties": {"interrow_id": "V31-I019", "vineyard_id": "V31", "between_rows": ["V31-R20", "V31-R21"], "interrow_cover": "bare_soil", "area_m2": 45.13}, "geometry": {"type": "Polygon", "coordinates": [[[630242.6954516642, 5219334.768808302], [630255.3980295027, 5219354.644300074], [630257.0437507742, 5219353.595265965], [630244.2764861628, 5219333.76100756], [630242.6954516642, 5219334.768808302]]]}}, {"type": "Feature", "properties": {"interrow_id": "V31-I020", "vineyard_id": "V31", "between_rows": ["V31-R21", "V31-R22"], "interrow_cover": "bare_soil", "area_m2": 133.68}, "geometry": {"type": "Polygon", "coordinates": [[[630221.2428504993, 5219296.869171539], [630259.2277943013, 5219355.879712468], [630260.8187122027, 5219354.865611738], [630222.8644591671, 5219295.835507557], [630221.2428504993, 5219296.869171539]]]}}, {"type": "Feature", "properties": {"interrow_id": "V31-I021", "vineyard_id": "V31", "between_rows": ["V31-R22", "V31-R23"], "interrow_cover": "bare_soil", "area_m2": 136.07}, "geometry": {"type": "Polygon", "coordinates": [[[630223.3704112605, 5219295.5129979], [630262.539845714, 5219356.433069079], [630264.1909132445, 5219355.3806270985], [630224.8879895855, 5219294.545646105], [630223.3704112605, 5219295.5129979]]]}}, {"type": "Feature", "properties": {"interrow_id": "V31-I022", "vineyard_id": "V31", "between_rows": ["V31-R23", "V31-R24"], "interrow_cover": "bare_soil", "area_m2": 141.41}, "geometry": {"type": "Polygon", "coordinates": [[[630224.0929633053, 5219292.2094187075], [630262.5995776064, 5219351.8118332615], [630264.1971690753, 5219350.793478591], [630225.8563173132, 5219291.085401821], [630224.0929633053, 5219292.2094187075]]]}}, {"type": "Feature", "properties": {"interrow_id": "V31-I023", "vineyard_id": "V31", "between_rows": ["V31-R24", "V31-R25"], "interrow_cover": "bare_soil", "area_m2": 159.03}, "geometry": {"type": "Polygon", "coordinates": [[[630226.3622694067, 5219290.762892163], [630264.7031211687, 5219350.470968934], [630266.5039085995, 5219349.323090815], [630228.3413695667, 5219289.501351944], [630226.3622694067, 5219290.762892163]]]}}, {"type": "Feature", "properties": {"interrow_id": "V31-I024", "vineyard_id": "V31", "between_rows": ["V31-R25", "V31-R26"], "interrow_cover": "bare_soil", "area_m2": 160.88}, "geometry": {"type": "Polygon", "coordinates": [[[630227.3871723958, 5219286.889983363], [630268.478443087, 5219351.3026594445], [630270.2527826626, 5219350.171640014], [630229.1641478016, 5219285.757283773], [630227.3871723958, 5219286.889983363]]]}}, {"type": "Feature", "properties": {"interrow_id": "V31-I025", "vineyard_id": "V31", "between_rows": ["V31-R26", "V31-R27"], "interrow_cover": "bare_soil", "area_m2": 144.03}, "geometry": {"type": "Polygon", "coordinates": [[[630229.670099895, 5219285.434774116], [630267.8286844245, 5219345.255711605], [630269.5546184438, 5219344.155547387], [630231.3675414122, 5219284.352771908], [630229.670099895, 5219285.434774116]]]}}, {"type": "Feature", "properties": {"interrow_id": "V31-I026", "vineyard_id": "V31", "between_rows": ["V31-R27", "V31-R28"], "interrow_cover": "bare_soil", "area_m2": 157.52}, "geometry": {"type": "Polygon", "coordinates": [[[630231.4648930618, 5219283.390374558], [630268.978755757, 5219342.138864427], [630270.970491824, 5219340.869269687], [630261.1098596564, 5219325.746351269], [630251.5713233611, 5219310.417220638], [630241.6250442006, 5219295.349135138], [630233.3731189856, 5219282.17401179], [630231.4648930618, 5219283.390374558]]]}}, {"type": "Feature", "properties": {"interrow_id": "V31-I027", "vineyard_id": "V31", "between_rows": ["V31-R28", "V31-R29"], "interrow_cover": "mixed", "area_m2": 14.39}, "geometry": {"type": "Polygon", "coordinates": [[[630264.0313705986, 5219329.12850261], [630271.379678212, 5219340.398353737], [630271.8099127298, 5219340.124108825], [630265.4047157671, 5219328.253089531], [630264.0313705986, 5219329.12850261]]]}}, {"type": "Feature", "properties": {"interrow_id": "V32-I001", "vineyard_id": "V32", "between_rows": ["V32-R01", "V32-R02"], "interrow_cover": "mixed", "area_m2": 70.65}, "geometry": {"type": "Polygon", "coordinates": [[[630282.8093763373, 5219298.672631687], [630296.7741866375, 5219322.473035994], [630299.3626275528, 5219320.798845316], [630284.5246748734, 5219297.563185147], [630282.8093763373, 5219298.672631687]]]}}, {"type": "Feature", "properties": {"interrow_id": "V32-I002", "vineyard_id": "V32", "between_rows": ["V32-R02", "V32-R03"], "interrow_cover": "bare_soil", "area_m2": 120.41}, "geometry": {"type": "Polygon", "coordinates": [[[630265.4342501662, 5219266.553525575], [630297.9606070576, 5219317.488542799], [630299.7455179399, 5219316.334071341], [630266.9953281328, 5219265.543828131], [630265.4342501662, 5219266.553525575]]]}}, {"type": "Feature", "properties": {"interrow_id": "V32-I003", "vineyard_id": "V32", "between_rows": ["V32-R03", "V32-R04"], "interrow_cover": "bare_soil", "area_m2": 225.15}, "geometry": {"type": "Polygon", "coordinates": [[[630267.4991308374, 5219265.217971054], [630300.2493206445, 5219316.008214263], [630303.9828177553, 5219313.593406948], [630270.0222917486, 5219263.586003157], [630267.4991308374, 5219265.217971054]]]}}, {"type": "Feature", "properties": {"interrow_id": "V32-I004", "vineyard_id": "V32", "between_rows": ["V32-R04", "V32-R05"], "interrow_cover": "bare_soil", "area_m2": 58.4}, "geometry": {"type": "Polygon", "coordinates": [[[630285.1930829574, 5219284.857515225], [630304.5367901513, 5219313.341425523], [630305.8388457308, 5219312.499262466], [630286.7400209588, 5219283.856963439], [630285.1930829574, 5219284.857515225]]]}}, {"type": "Feature", "properties": {"interrow_id": "V33-I001", "vineyard_id": "V33", "between_rows": ["V33-R01", "V33-R02"], "interrow_cover": "bare_soil", "area_m2": 7.12}, "geometry": {"type": "Polygon", "coordinates": [[[630221.2561859282, 5219235.243573008], [630223.8385829577, 5219233.165795467], [630225.1156424822, 5219234.837257801], [630222.5869920385, 5219236.985380843], [630221.2561859282, 5219235.243573008]]]}}, {"type": "Feature", "properties": {"interrow_id": "V33-I002", "vineyard_id": "V33", "between_rows": ["V33-R02", "V33-R04"], "interrow_cover": "bare_soil", "area_m2": 15.74}, "geometry": {"type": "Polygon", "coordinates": [[[630220.8467335524, 5219239.249974027], [630226.2313257869, 5219234.675689477], [630227.6775512787, 5219236.568562431], [630222.1084681452, 5219240.901378528], [630220.8467335524, 5219239.249974027]]]}}, {"type": "Feature", "properties": {"interrow_id": "V33-I003", "vineyard_id": "V33", "between_rows": ["V33-R04", "V33-R06"], "interrow_cover": "mixed", "area_m2": 17.97}, "geometry": {"type": "Polygon", "coordinates": [[[630221.3234538372, 5219242.272303654], [630228.0418201647, 5219237.045330906], [630229.2915577086, 5219238.681033229], [630222.6370506156, 5219243.991587285], [630221.3234538372, 5219242.272303654]]]}}, {"type": "Feature", "properties": {"interrow_id": "V33-I004", "vineyard_id": "V33", "between_rows": ["V33-R05", "V33-R07"], "interrow_cover": "bare_soil", "area_m2": 17.6}, "geometry": {"type": "Polygon", "coordinates": [[[630171.6597943468, 5219281.080112442], [630177.5270612673, 5219276.55194066], [630178.9231536088, 5219278.379197509], [630173.1476480587, 5219283.027469938], [630171.6597943468, 5219281.080112442]]]}}, {"type": "Feature", "properties": {"interrow_id": "V33-I005", "vineyard_id": "V33", "between_rows": ["V33-R06", "V33-R08"], "interrow_cover": "mixed", "area_m2": 26.54}, "geometry": {"type": "Polygon", "coordinates": [[[630221.1134768949, 5219245.974927181], [630230.0188994169, 5219238.8680555485], [630231.4691973992, 5219240.766258728], [630222.4920508863, 5219247.779255371], [630221.1134768949, 5219245.974927181]]]}}, {"type": "Feature", "properties": {"interrow_id": "V33-I006", "vineyard_id": "V33", "between_rows": ["V33-R08", "V33-R09"], "interrow_cover": "bare_soil", "area_m2": 128.53}, "geometry": {"type": "Polygon", "coordinates": [[[630188.9124566336, 5219274.713051679], [630195.8282379851, 5219269.3705112375], [630237.1613560428, 5219237.080850175], [630238.407668035, 5219238.71206901], [630190.2413982714, 5219276.452419224], [630188.9124566336, 5219274.713051679]]]}}, {"type": "Feature", "properties": {"interrow_id": "V33-I007", "vineyard_id": "V33", "between_rows": ["V33-R08", "V33-R10"], "interrow_cover": "mixed", "area_m2": 33.75}, "geometry": {"type": "Polygon", "coordinates": [[[630181.2462020263, 5219280.635343491], [630188.9124566336, 5219274.713051679], [630191.407755745, 5219277.9789906535], [630182.9815058124, 5219282.906572717], [630181.2462020263, 5219280.635343491]]]}}, {"type": "Feature", "properties": {"interrow_id": "V33-I008", "vineyard_id": "V33", "between_rows": ["V33-R09", "V33-R11"], "interrow_cover": "mixed", "area_m2": 73.48}, "geometry": {"type": "Polygon", "coordinates": [[[630190.6056671573, 5219276.929187699], [630220.8662786935, 5219253.218693142], [630222.0277564947, 5219254.738877878], [630207.7617614478, 5219265.886245362], [630191.7909746008, 5219278.480561544], [630190.6056671573, 5219276.929187699]]]}}, {"type": "Feature", "properties": {"interrow_id": "V33-I009", "vineyard_id": "V33", "between_rows": ["V33-R10", "V33-R11"], "interrow_cover": "mixed", "area_m2": 18.03}, "geometry": {"type": "Polygon", "coordinates": [[[630179.3294738394, 5219288.307508845], [630191.9670541667, 5219278.341707914], [630177.9693968641, 5219286.527390229], [630179.3294738394, 5219288.307508845]]]}}, {"type": "Feature", "properties": {"interrow_id": "V33-I010", "vineyard_id": "V33", "between_rows": ["V33-R11", "V33-R12"], "interrow_cover": "bare_soil", "area_m2": 116.09}, "geometry": {"type": "Polygon", "coordinates": [[[630181.6572243877, 5219287.235905965], [630208.1260303337, 5219266.3630138375], [630222.3920253806, 5219255.215646353], [630223.8499058178, 5219257.123773727], [630213.9916521253, 5219264.8095029965], [630182.8561764098, 5219288.805138335], [630181.6572243877, 5219287.235905965]]]}}, {"type": "Feature", "properties": {"interrow_id": "V33-I011", "vineyard_id": "V33", "between_rows": ["V33-R12", "V33-R13"], "interrow_cover": "bare_soil", "area_m2": 66.97}, "geometry": {"type": "Polygon", "coordinates": [[[630202.0006931258, 5219274.808256796], [630214.3559210112, 5219265.286271471], [630227.0727485934, 5219255.3719299445], [630228.3649893346, 5219257.063262011], [630203.2987757276, 5219276.507234904], [630202.0006931258, 5219274.808256796]]]}}, {"type": "Feature", "properties": {"interrow_id": "V33-I012", "vineyard_id": "V33", "between_rows": ["V33-R12", "V33-R14"], "interrow_cover": "bare_soil", "area_m2": 60.11}, "geometry": {"type": "Polygon", "coordinates": [[[630183.2204452957, 5219289.28190681], [630202.0006931258, 5219274.808256796], [630204.1407154925, 5219277.609196541], [630195.5117701953, 5219282.724028235], [630184.5609768737, 5219291.0364436945], [630183.2204452957, 5219289.28190681]]]}}, {"type": "Feature", "properties": {"interrow_id": "V33-I013", "vineyard_id": "V33", "between_rows": ["V33-R13", "V33-R14"], "interrow_cover": "bare_soil", "area_m2": 49.37}, "geometry": {"type": "Polygon", "coordinates": [[[630203.6630446136, 5219276.984003379], [630225.6162117037, 5219259.954834455], [630226.8710999829, 5219261.5972782485], [630211.8078627092, 5219273.064473375], [630204.1407154925, 5219277.609196541], [630203.6630446136, 5219276.984003379]]]}}, {"type": "Feature", "properties": {"interrow_id": "V33-I014", "vineyard_id": "V33", "between_rows": ["V33-R14", "V33-R15"], "interrow_cover": "bare_soil", "area_m2": 25.52}, "geometry": {"type": "Polygon", "coordinates": [[[630213.9109251358, 5219272.217549973], [630222.4236008722, 5219265.73710278], [630223.8647838884, 5219267.623375957], [630215.3656175341, 5219274.121504725], [630213.9109251358, 5219272.217549973]]]}}, {"type": "Feature", "properties": {"interrow_id": "V33-I015", "vineyard_id": "V33", "between_rows": ["V33-R14", "V33-R16"], "interrow_cover": "bare_soil", "area_m2": 33.11}, "geometry": {"type": "Polygon", "coordinates": [[[630199.657447154, 5219280.959356396], [630207.2153641556, 5219276.479379748], [630209.1585306198, 5219279.022667269], [630202.3220777686, 5219284.4469226515], [630199.657447154, 5219280.959356396]]]}}, {"type": "Feature", "properties": {"interrow_id": "V33-I016", "vineyard_id": "V33", "between_rows": ["V33-R15", "V33-R17"], "interrow_cover": "bare_soil", "area_m2": 25.11}, "geometry": {"type": "Polygon", "coordinates": [[[630215.7298864201, 5219274.5982732], [630224.2290527744, 5219268.100144432], [630225.632178241, 5219269.936606493], [630217.1767866269, 5219276.492029246], [630215.7298864201, 5219274.5982732]]]}}, {"type": "Feature", "properties": {"interrow_id": "V33-I017", "vineyard_id": "V33", "between_rows": ["V33-R16", "V33-R17"], "interrow_cover": "bare_soil", "area_m2": 19.75}, "geometry": {"type": "Polygon", "coordinates": [[[630202.6863466545, 5219284.9236911265], [630209.5227995057, 5219279.499435744], [630210.92707325, 5219281.337400713], [630204.0311290802, 5219286.683791677], [630202.6863466545, 5219284.9236911265]]]}}, {"type": "Feature", "properties": {"interrow_id": "V34-I001", "vineyard_id": "V34", "between_rows": ["V34-R01", "V34-R02"], "interrow_cover": "mixed", "area_m2": 53.49}, "geometry": {"type": "Polygon", "coordinates": [[[629459.2157688014, 5220550.335741529], [629466.3016082281, 5220529.991190088], [629468.3830837297, 5220530.642404922], [629461.8758275727, 5220551.167973151], [629459.2157688014, 5220550.335741529]]]}}, {"type": "Feature", "properties": {"interrow_id": "V34-I002", "vineyard_id": "V34", "between_rows": ["V34-R02", "V34-R03"], "interrow_cover": "mixed", "area_m2": 147.54}, "geometry": {"type": "Polygon", "coordinates": [[[629462.4484564936, 5220551.347127048], [629475.6507170317, 5220509.703784155], [629478.7150449014, 5220510.662496264], [629475.169097075, 5220521.55038339], [629470.256797142, 5220537.991825761], [629466.1958678156, 5220552.519550093], [629462.4484564936, 5220551.347127048]]]}}, {"type": "Feature", "properties": {"interrow_id": "V34-I003", "vineyard_id": "V34", "between_rows": ["V34-R03", "V34-R05"], "interrow_cover": "mixed", "area_m2": 17.56}, "geometry": {"type": "Polygon", "coordinates": [[[629466.2093953097, 5220554.6988548795], [629468.6844974047, 5220545.844329711], [629470.5238515083, 5220546.419793933], [629468.0175632528, 5220555.264562133], [629466.2093953097, 5220554.6988548795]]]}}, {"type": "Feature", "properties": {"interrow_id": "V34-I004", "vineyard_id": "V34", "between_rows": ["V34-R05", "V34-R07"], "interrow_cover": "mixed", "area_m2": 9.94}, "geometry": {"type": "Polygon", "coordinates": [[[629469.2848807271, 5220552.992138797], [629471.0964804292, 5220546.59894783], [629472.6950719175, 5220547.099086549], [629470.5440017846, 5220553.386070079], [629469.2848807271, 5220552.992138797]]]}}, {"type": "Feature", "properties": {"interrow_id": "V34-I005", "vineyard_id": "V34", "between_rows": ["V34-R07", "V34-R08"], "interrow_cover": "bare_soil", "area_m2": 115.19}, "geometry": {"type": "Polygon", "coordinates": [[[629471.7383959516, 5220551.747975993], [629485.9302072915, 5220510.269233488], [629487.7667857807, 5220510.8438293245], [629474.9188832582, 5220552.743029989], [629471.7383959516, 5220551.747975993]]]}}, {"type": "Feature", "properties": {"interrow_id": "V34-I006", "vineyard_id": "V34", "between_rows": ["V34-R08", "V34-R11"], "interrow_cover": "bare_soil", "area_m2": 92.19}, "geometry": {"type": "Polygon", "coordinates": [[[629475.4915121791, 5220552.922183886], [629488.3394147016, 5220511.022983221], [629490.5907909861, 5220511.727353576], [629477.2553767745, 5220553.4740303], [629475.4915121791, 5220552.922183886]]]}}, {"type": "Feature", "properties": {"interrow_id": "V34-I007", "vineyard_id": "V34", "between_rows": ["V34-R11", "V34-R14"], "interrow_cover": "bare_soil", "area_m2": 160.13}, "geometry": {"type": "Polygon", "coordinates": [[[629477.9008021927, 5220553.425293876], [629492.3577931086, 5220508.1675076075], [629495.4572630366, 5220509.137214336], [629481.2348990742, 5220554.468406489], [629477.9008021927, 5220553.425293876]]]}}, {"type": "Feature", "properties": {"interrow_id": "V34-I008", "vineyard_id": "V34", "between_rows": ["V34-R14", "V34-R15"], "interrow_cover": "mixed", "area_m2": 82.04}, "geometry": {"type": "Polygon", "coordinates": [[[629484.4097432693, 5220546.353473627], [629495.5767708236, 5220510.760609236], [629497.4530161037, 5220511.347615309], [629486.7313753215, 5220547.07982435], [629484.4097432693, 5220546.353473627]]]}}, {"type": "Feature", "properties": {"interrow_id": "V34-I009", "vineyard_id": "V34", "between_rows": ["V34-R15", "V34-R16"], "interrow_cover": "bare_soil", "area_m2": 13.87}, "geometry": {"type": "Polygon", "coordinates": [[[629487.3040042425, 5220547.258978247], [629491.9237036979, 5220531.862821073], [629493.0423619174, 5220532.2128068535], [629487.833024779, 5220547.424488733], [629487.3040042425, 5220547.258978247]]]}}, {"type": "Feature", "properties": {"interrow_id": "V34-I010", "vineyard_id": "V34", "between_rows": ["V34-R15", "V34-R17"], "interrow_cover": "mixed", "area_m2": 63.24}, "geometry": {"type": "Polygon", "coordinates": [[[629491.9237036979, 5220531.862821073], [629498.0256450246, 5220511.526769206], [629500.2588987561, 5220512.225469699], [629497.5092973225, 5220525.4151624935], [629494.4677720314, 5220532.658763682], [629491.9237036979, 5220531.862821073]]]}}, {"type": "Feature", "properties": {"interrow_id": "V34-I011", "vineyard_id": "V34", "between_rows": ["V34-R16", "V34-R17"], "interrow_cover": "bare_soil", "area_m2": 21.36}, "geometry": {"type": "Polygon", "coordinates": [[[629486.3214637577, 5220553.689644272], [629493.6149908383, 5220532.39196075], [629494.4677720314, 5220532.658763682], [629491.6069573617, 5220539.471990123], [629488.0400077348, 5220554.227311581], [629486.3214637577, 5220553.689644272]]]}}, {"type": "Feature", "properties": {"interrow_id": "V34-I012", "vineyard_id": "V34", "between_rows": ["V34-R17", "V34-R18"], "interrow_cover": "bare_soil", "area_m2": 9.96}, "geometry": {"type": "Polygon", "coordinates": [[[629488.6841399368, 5220554.11067944], [629489.8970037188, 5220549.093452718], [629491.6156329712, 5220549.631146707], [629490.656638108, 5220554.727799397], [629488.6841399368, 5220554.11067944]]]}}, {"type": "Feature", "properties": {"interrow_id": "V34-I013", "vineyard_id": "V34", "between_rows": ["V34-R18", "V34-R19"], "interrow_cover": "bare_soil", "area_m2": 7.73}, "geometry": {"type": "Polygon", "coordinates": [[[629491.26444361, 5220554.720004622], [629492.1882618922, 5220549.8103006035], [629493.9393380401, 5220550.358145997], [629492.4855628161, 5220555.102046563], [629491.26444361, 5220554.720004622]]]}}, {"type": "Feature", "properties": {"interrow_id": "V34-I014", "vineyard_id": "V34", "between_rows": ["V34-R19", "V34-R21"], "interrow_cover": "mixed", "area_m2": 35.0}, "geometry": {"type": "Polygon", "coordinates": [[[629493.6471525934, 5220553.359327193], [629502.1726026975, 5220525.539422912], [629503.0907094348, 5220525.826663731], [629495.0247961223, 5220553.790339666], [629493.6471525934, 5220553.359327193]]]}}, {"type": "Feature", "properties": {"interrow_id": "V35-I001", "vineyard_id": "V35", "between_rows": ["V35-R01", "V35-R02"], "interrow_cover": "bare_soil", "area_m2": 5.92}, "geometry": {"type": "Polygon", "coordinates": [[[629099.534649855, 5220849.772084048], [629101.4556877322, 5220845.098185396], [629102.656457682, 5220845.603656556], [629100.4945803119, 5220850.176172411], [629099.534649855, 5220849.772084048]]]}}, {"type": "Feature", "properties": {"interrow_id": "V35-I002", "vineyard_id": "V35", "between_rows": ["V35-R02", "V35-R03"], "interrow_cover": "bare_soil", "area_m2": 66.77}, "geometry": {"type": "Polygon", "coordinates": [[[629101.2575435177, 5220849.964875638], [629113.4590359476, 5220824.157899558], [629115.0919470326, 5220824.845283068], [629103.9402771145, 5220851.094188099], [629101.2575435177, 5220849.964875638]]]}}, {"type": "Feature", "properties": {"interrow_id": "V35-I003", "vineyard_id": "V35", "between_rows": ["V35-R03", "V35-R04"], "interrow_cover": "bare_soil", "area_m2": 24.63}, "geometry": {"type": "Polygon", "coordinates": [[[629104.4932774747, 5220851.326976848], [629108.662168451, 5220841.514202247], [629110.8300916377, 5220842.426802243], [629106.5835526219, 5220852.206890445], [629104.4932774747, 5220851.326976848]]]}}, {"type": "Feature", "properties": {"interrow_id": "V35-I004", "vineyard_id": "V35", "between_rows": ["V35-R04", "V35-R05"], "interrow_cover": "bare_soil", "area_m2": 11.54}, "geometry": {"type": "Polygon", "coordinates": [[[629105.9388243364, 5220855.198135376], [629108.425931651, 5220849.470146344], [629110.1140113863, 5220850.180753421], [629107.6563460947, 5220855.921136246], [629105.9388243364, 5220855.198135376]]]}}, {"type": "Feature", "properties": {"interrow_id": "V35-I005", "vineyard_id": "V35", "between_rows": ["V35-R05", "V35-R06"], "interrow_cover": "bare_soil", "area_m2": 7.85}, "geometry": {"type": "Polygon", "coordinates": [[[629108.9853052726, 5220854.341513562], [629110.6670117464, 5220850.41354217], [629112.3517936188, 5220851.1227609925], [629110.6858254775, 5220855.057357528], [629108.9853052726, 5220854.341513562]]]}}, {"type": "Feature", "properties": {"interrow_id": "V35-I006", "vineyard_id": "V35", "between_rows": ["V35-R07", "V35-R08"], "interrow_cover": "bare_soil", "area_m2": 78.74}, "geometry": {"type": "Polygon", "coordinates": [[[629113.349954014, 5220864.0421588505], [629128.5736790687, 5220827.055869212], [629130.4230352325, 5220827.834366549], [629115.129415297, 5220864.7912335275], [629113.349954014, 5220864.0421588505]]]}}, {"type": "Feature", "properties": {"interrow_id": "V35-I007", "vineyard_id": "V35", "between_rows": ["V35-R08", "V35-R09"], "interrow_cover": "bare_soil", "area_m2": 95.6}, "geometry": {"type": "Polygon", "coordinates": [[[629113.2473397588, 5220870.908356819], [629132.155669447, 5220825.216582862], [629134.0383272141, 5220826.009098704], [629114.9285531258, 5220871.616073458], [629113.2473397588, 5220870.908356819]]]}}, {"type": "Feature", "properties": {"interrow_id": "V35-I008", "vineyard_id": "V35", "between_rows": ["V35-R09", "V35-R10"], "interrow_cover": "bare_soil", "area_m2": 72.6}, "geometry": {"type": "Polygon", "coordinates": [[[629116.0342635709, 5220870.529776236], [629130.38129459, 5220836.289461387], [629132.2451849253, 5220837.074076969], [629117.7752834549, 5220871.26266878], [629116.0342635709, 5220870.529776236]]]}}, {"type": "Feature", "properties": {"interrow_id": "V35-I009", "vineyard_id": "V35", "between_rows": ["V35-R10", "V35-R11"], "interrow_cover": "bare_soil", "area_m2": 73.2}, "geometry": {"type": "Polygon", "coordinates": [[[629118.3282838151, 5220871.495457529], [629132.7981852855, 5220837.306865718], [629134.4505369111, 5220838.002432838], [629120.310555427, 5220872.329906404], [629118.3282838151, 5220871.495457529]]]}}, {"type": "Feature", "properties": {"interrow_id": "V35-I010", "vineyard_id": "V35", "between_rows": ["V35-R11", "V35-R12"], "interrow_cover": "bare_soil", "area_m2": 56.75}, "geometry": {"type": "Polygon", "coordinates": [[[629120.3618698864, 5220873.780632355], [629131.3132871577, 5220847.194000166], [629133.151929796, 5220847.967987581], [629122.1617455238, 5220874.538300575], [629120.3618698864, 5220873.780632355]]]}}, {"type": "Feature", "properties": {"interrow_id": "V35-I011", "vineyard_id": "V35", "between_rows": ["V35-R12", "V35-R13"], "interrow_cover": "bare_soil", "area_m2": 44.48}, "geometry": {"type": "Polygon", "coordinates": [[[629124.3539879454, 5220870.807991566], [629133.7049301562, 5220848.20077633], [629135.4758566052, 5220848.946258218], [629125.9346945457, 5220871.473399292], [629124.3539879454, 5220870.807991566]]]}}, {"type": "Feature", "properties": {"interrow_id": "V35-I012", "vineyard_id": "V35", "between_rows": ["V35-R13", "V35-R14"], "interrow_cover": "bare_soil", "area_m2": 88.82}, "geometry": {"type": "Polygon", "coordinates": [[[629126.4876949058, 5220871.706188041], [629143.1613248293, 5220832.338948374], [629145.0129075394, 5220833.118382988], [629128.4656428397, 5220872.5388168385], [629126.4876949058, 5220871.706188041]]]}}, {"type": "Feature", "properties": {"interrow_id": "V35-I013", "vineyard_id": "V35", "between_rows": ["V35-R14", "V35-R15"], "interrow_cover": "bare_soil", "area_m2": 90.86}, "geometry": {"type": "Polygon", "coordinates": [[[629128.2387122437, 5220874.629629691], [629146.3800692118, 5220831.411600893], [629148.1369964972, 5220832.151189751], [629130.0552136523, 5220875.394296626], [629128.2387122437, 5220874.629629691]]]}}, {"type": "Feature", "properties": {"interrow_id": "V35-I014", "vineyard_id": "V35", "between_rows": ["V35-R15", "V35-R16"], "interrow_cover": "bare_soil", "area_m2": 90.42}, "geometry": {"type": "Polygon", "coordinates": [[[629130.9550286587, 5220874.797668112], [629148.9585344727, 5220831.741763023], [629150.8344489579, 5220832.531440241], [629132.6506882126, 5220875.511465959], [629130.9550286587, 5220874.797668112]]]}}, {"type": "Feature", "properties": {"interrow_id": "V35-I015", "vineyard_id": "V35", "between_rows": ["V35-R16", "V35-R17"], "interrow_cover": "bare_soil", "area_m2": 65.42}, "geometry": {"type": "Polygon", "coordinates": [[[629138.4840891237, 5220863.263241861], [629151.9339799713, 5220831.472422423], [629153.6881641301, 5220832.210856546], [629140.2231820954, 5220863.995323259], [629138.4840891237, 5220863.263241861]]]}}, {"type": "Feature", "properties": {"interrow_id": "V35-I016", "vineyard_id": "V35", "between_rows": ["V35-R17", "V35-R18"], "interrow_cover": "mixed", "area_m2": 20.74}, "geometry": {"type": "Polygon", "coordinates": [[[629140.7761824556, 5220864.228112008], [629145.4160604085, 5220853.275550322], [629146.9734799542, 5220853.931155225], [629142.4324961312, 5220864.925346976], [629140.7761824556, 5220864.228112008]]]}}, {"type": "Feature", "properties": {"interrow_id": "V35-I017", "vineyard_id": "V35", "between_rows": ["V35-R18", "V35-R19"], "interrow_cover": "mixed", "area_m2": 40.43}, "geometry": {"type": "Polygon", "coordinates": [[[629140.3334973734, 5220871.578900026], [629147.5264803144, 5220854.163943973], [629149.6010475142, 5220855.037245219], [629142.2142100541, 5220872.370597073], [629140.3334973734, 5220871.578900026]]]}}, {"type": "Feature", "properties": {"interrow_id": "V35-I018", "vineyard_id": "V35", "between_rows": ["V35-R19", "V35-R20"], "interrow_cover": "bare_soil", "area_m2": 44.09}, "geometry": {"type": "Polygon", "coordinates": [[[629142.5768284737, 5220873.050120597], [629152.7883437003, 5220849.088609685], [629154.3456845478, 5220849.74418146], [629144.1399349141, 5220873.7081194315], [629142.5768284737, 5220873.050120597]]]}}, {"type": "Feature", "properties": {"interrow_id": "V35-I019", "vineyard_id": "V35", "between_rows": ["V35-R20", "V35-R21"], "interrow_cover": "bare_soil", "area_m2": 69.74}, "geometry": {"type": "Polygon", "coordinates": [[[629141.7339815716, 5220880.888774387], [629154.8986849079, 5220849.976970209], [629156.7407713917, 5220850.752407331], [629143.7180430559, 5220881.723976719], [629141.7339815716, 5220880.888774387]]]}}, {"type": "Feature", "properties": {"interrow_id": "V35-I020", "vineyard_id": "V35", "between_rows": ["V35-R21", "V35-R22"], "interrow_cover": "bare_soil", "area_m2": 97.23}, "geometry": {"type": "Polygon", "coordinates": [[[629144.271043416, 5220881.956765468], [629163.5552902977, 5220836.093611835], [629165.3345250754, 5220836.842591162], [629158.604314304, 5220853.040591065], [629151.5503743755, 5220869.736294756], [629145.9416836095, 5220882.660031268], [629144.271043416, 5220881.956765468]]]}}, {"type": "Feature", "properties": {"interrow_id": "V35-I021", "vineyard_id": "V35", "between_rows": ["V35-R22", "V35-R23"], "interrow_cover": "bare_soil", "area_m2": 98.25}, "geometry": {"type": "Polygon", "coordinates": [[[629146.1782771708, 5220883.621895351], [629152.1033747357, 5220869.969083505], [629159.1573146642, 5220853.273379814], [629165.990201769, 5220836.828262652], [629167.8270634442, 5220837.60150036], [629148.0630977828, 5220884.4153216565], [629146.1782771708, 5220883.621895351]]]}}, {"type": "Feature", "properties": {"interrow_id": "V35-I022", "vineyard_id": "V35", "between_rows": ["V35-R23", "V35-R24"], "interrow_cover": "bare_soil", "area_m2": 82.0}, "geometry": {"type": "Polygon", "coordinates": [[[629148.616098143, 5220884.648110406], [629165.4331202208, 5220844.814552719], [629167.1052004461, 5220845.518424708], [629161.3526022008, 5220859.508073091], [629150.320903798, 5220885.365758357], [629148.616098143, 5220884.648110406]]]}}, {"type": "Feature", "properties": {"interrow_id": "V35-I023", "vineyard_id": "V35", "between_rows": ["V35-R24", "V35-R25"], "interrow_cover": "bare_soil", "area_m2": 94.42}, "geometry": {"type": "Polygon", "coordinates": [[[629150.0351780833, 5220887.564474207], [629161.905602561, 5220859.74086184], [629167.6582008064, 5220845.751213457], [629169.5630868974, 5220846.553086443], [629152.0881940769, 5220888.428703345], [629150.0351780833, 5220887.564474207]]]}}, {"type": "Feature", "properties": {"interrow_id": "V35-I024", "vineyard_id": "V35", "between_rows": ["V35-R25", "V35-R26"], "interrow_cover": "mixed", "area_m2": 69.98}, "geometry": {"type": "Polygon", "coordinates": [[[629158.688385885, 5220874.170423393], [629172.4118936694, 5220841.284364495], [629174.1210060397, 5220842.003825383], [629160.5990909204, 5220874.974745898], [629158.688385885, 5220874.170423393]]]}}, {"type": "Feature", "properties": {"interrow_id": "V35-I025", "vineyard_id": "V35", "between_rows": ["V35-R26", "V35-R27"], "interrow_cover": "mixed", "area_m2": 58.78}, "geometry": {"type": "Polygon", "coordinates": [[[629161.1520912807, 5220875.207534647], [629173.9608905311, 5220843.97542749], [629175.727903697, 5220844.719262058], [629162.594811363, 5220875.814856137], [629161.1520912807, 5220875.207534647]]]}}, {"type": "Feature", "properties": {"interrow_id": "V35-I026", "vineyard_id": "V35", "between_rows": ["V35-R27", "V35-R28"], "interrow_cover": "mixed", "area_m2": 91.08}, "geometry": {"type": "Polygon", "coordinates": [[[629159.7735360548, 5220884.037012799], [629176.2809040572, 5220844.952050807], [629178.2539620984, 5220845.782621175], [629161.7575715889, 5220884.872204208], [629159.7735360548, 5220884.037012799]]]}}, {"type": "Feature", "properties": {"interrow_id": "V35-I027", "vineyard_id": "V35", "between_rows": ["V35-R29", "V35-R30"], "interrow_cover": "bare_soil", "area_m2": 74.65}, "geometry": {"type": "Polygon", "coordinates": [[[629162.2637921673, 5220898.505891547], [629177.3550585503, 5220862.372177789], [629179.1384001947, 5220863.122885927], [629163.9945500401, 5220899.234464237], [629162.2637921673, 5220898.505891547]]]}}, {"type": "Feature", "properties": {"interrow_id": "V35-I028", "vineyard_id": "V35", "between_rows": ["V35-R30", "V35-R31"], "interrow_cover": "bare_soil", "area_m2": 84.6}, "geometry": {"type": "Polygon", "coordinates": [[[629163.3406608098, 5220902.345166298], [629179.691400555, 5220863.355674676], [629181.5567463047, 5220864.1409029225], [629165.163769399, 5220903.112614564], [629163.3406608098, 5220902.345166298]]]}}, {"type": "Feature", "properties": {"interrow_id": "V35-I029", "vineyard_id": "V35", "between_rows": ["V35-R31", "V35-R32"], "interrow_cover": "bare_soil", "area_m2": 122.65}, "geometry": {"type": "Polygon", "coordinates": [[[629165.1888207943, 5220904.600518533], [629188.0206540978, 5220850.321443484], [629189.9051683303, 5220851.114740817], [629167.1438273782, 5220905.423490034], [629165.1888207943, 5220904.600518533]]]}}, {"type": "Feature", "properties": {"interrow_id": "V35-I030", "vineyard_id": "V35", "between_rows": ["V35-R32", "V35-R33"], "interrow_cover": "bare_soil", "area_m2": 110.25}, "geometry": {"type": "Polygon", "coordinates": [[[629167.2966896599, 5220906.611011573], [629189.4094826072, 5220853.849703301], [629191.2114568279, 5220854.60825493], [629169.0472100602, 5220907.347903415], [629167.2966896599, 5220906.611011573]]]}}, {"type": "Feature", "properties": {"interrow_id": "V35-I031", "vineyard_id": "V35", "between_rows": ["V35-R33", "V35-R34"], "interrow_cover": "bare_soil", "area_m2": 53.64}, "geometry": {"type": "Polygon", "coordinates": [[[629180.7603899493, 5220881.025133946], [629191.7644571881, 5220854.841043679], [629193.5860414779, 5220855.607850282], [629182.4200606324, 5220881.723782066], [629180.7603899493, 5220881.025133946]]]}}, {"type": "Feature", "properties": {"interrow_id": "V35-I032", "vineyard_id": "V35", "between_rows": ["V35-R34", "V35-R35"], "interrow_cover": "bare_soil", "area_m2": 58.99}, "geometry": {"type": "Polygon", "coordinates": [[[629182.9730609927, 5220881.956570815], [629194.460608776, 5220855.088531327], [629196.212634759, 5220855.826056953], [629184.9421256284, 5220882.785460136], [629182.9730609927, 5220881.956570815]]]}}, {"type": "Feature", "properties": {"interrow_id": "V35-I033", "vineyard_id": "V35", "between_rows": ["V35-R35", "V35-R36"], "interrow_cover": "bare_soil", "area_m2": 77.3}, "geometry": {"type": "Polygon", "coordinates": [[[629181.7358611985, 5220892.010525451], [629197.0086339951, 5220855.477584944], [629198.7810822137, 5220856.22370743], [629183.5620969607, 5220892.779290119], [629181.7358611985, 5220892.010525451]]]}}, {"type": "Feature", "properties": {"interrow_id": "V35-I034", "vineyard_id": "V35", "between_rows": ["V35-R36", "V35-R37"], "interrow_cover": "bare_soil", "area_m2": 68.97}, "geometry": {"type": "Polygon", "coordinates": [[[629184.115097321, 5220893.012078868], [629197.7469942782, 5220860.268638479], [629199.6396511049, 5220861.0653634835], [629185.8071682304, 5220893.724366053], [629184.115097321, 5220893.012078868]]]}}, {"type": "Feature", "properties": {"interrow_id": "V35-I035", "vineyard_id": "V35", "between_rows": ["V35-R37", "V35-R38"], "interrow_cover": "bare_soil", "area_m2": 6.68}, "geometry": {"type": "Polygon", "coordinates": [[[629178.6611750831, 5220912.134762613], [629180.0405919519, 5220908.877908478], [629181.768204968, 5220909.605157321], [629180.4135946719, 5220912.87245393], [629178.6611750831, 5220912.134762613]]]}}, {"type": "Feature", "properties": {"interrow_id": "V35-I036", "vineyard_id": "V35", "between_rows": ["V35-R37", "V35-R39"], "interrow_cover": "bare_soil", "area_m2": 11.26}, "geometry": {"type": "Polygon", "coordinates": [[[629197.8831714002, 5220866.7509199], [629200.1926514651, 5220861.298152233], [629201.9569164006, 5220862.0408299165], [629199.6239776629, 5220867.483722518], [629197.8831714002, 5220866.7509199]]]}}, {"type": "Feature", "properties": {"interrow_id": "V35-I037", "vineyard_id": "V35", "between_rows": ["V35-R38", "V35-R40"], "interrow_cover": "bare_soil", "area_m2": 6.81}, "geometry": {"type": "Polygon", "coordinates": [[[629180.9665950321, 5220913.105242679], [629182.3212053281, 5220909.83794607], [629184.104572616, 5220910.588665002], [629182.7341687945, 5220913.849313233], [629180.9665950321, 5220913.105242679]]]}}, {"type": "Feature", "properties": {"interrow_id": "V35-I038", "vineyard_id": "V35", "between_rows": ["V35-R39", "V35-R40"], "interrow_cover": "bare_soil", "area_m2": 13.14}, "geometry": {"type": "Polygon", "coordinates": [[[629200.1769780231, 5220867.716511267], [629203.1041253145, 5220860.887292788], [629204.7093495348, 5220861.563021351], [629201.8305694603, 5220868.412600293], [629200.1769780231, 5220867.716511267]]]}}, {"type": "Feature", "properties": {"interrow_id": "V35-I039", "vineyard_id": "V35", "between_rows": ["V35-R40", "V35-R41"], "interrow_cover": "bare_soil", "area_m2": 120.32}, "geometry": {"type": "Polygon", "coordinates": [[[629183.3120766886, 5220914.022838644], [629207.4707022002, 5220856.541402658], [629209.2052470115, 5220857.271569482], [629185.134627354, 5220914.790052048], [629183.3120766886, 5220914.022838644]]]}}, {"type": "Feature", "properties": {"interrow_id": "V35-I040", "vineyard_id": "V35", "between_rows": ["V35-R41", "V35-R42"], "interrow_cover": "bare_soil", "area_m2": 115.42}, "geometry": {"type": "Polygon", "coordinates": [[[629187.8249519728, 5220909.915550255], [629208.4577931302, 5220860.611887479], [629210.4332719411, 5220861.443476886], [629189.8303448033, 5220910.759732143], [629187.8249519728, 5220909.915550255]]]}}, {"type": "Feature", "properties": {"interrow_id": "V35-I041", "vineyard_id": "V35", "between_rows": ["V35-R42", "V35-R43"], "interrow_cover": "bare_soil", "area_m2": 95.0}, "geometry": {"type": "Polygon", "coordinates": [[[629190.3833451634, 5220910.992520892], [629210.9862723014, 5220861.676265634], [629212.780445512, 5220862.431533382], [629191.8657350156, 5220911.616541605], [629190.3833451634, 5220910.992520892]]]}}, {"type": "Feature", "properties": {"interrow_id": "V35-I042", "vineyard_id": "V35", "between_rows": ["V35-R43", "V35-R44"], "interrow_cover": "bare_soil", "area_m2": 94.47}, "geometry": {"type": "Polygon", "coordinates": [[[629192.8868692265, 5220910.748422584], [629214.0131192233, 5220861.0659380965], [629215.5832541691, 5220861.726895622], [629194.5423270891, 5220911.445297292], [629192.8868692265, 5220910.748422584]]]}}, {"type": "Feature", "properties": {"interrow_id": "V35-I043", "vineyard_id": "V35", "between_rows": ["V35-R44", "V35-R45"], "interrow_cover": "bare_soil", "area_m2": 107.09}, "geometry": {"type": "Polygon", "coordinates": [[[629195.0953274493, 5220911.6780860415], [629216.1362545294, 5220861.959684371], [629217.9646701401, 5220862.729366659], [629196.9233615167, 5220912.447607717], [629195.0953274493, 5220911.6780860415]]]}}, {"type": "Feature", "properties": {"interrow_id": "V35-I044", "vineyard_id": "V35", "between_rows": ["V35-R45", "V35-R46"], "interrow_cover": "vegetation", "area_m2": 107.64}, "geometry": {"type": "Polygon", "coordinates": [[[629196.3115385082, 5220915.432742817], [629219.6569540941, 5220860.270156666], [629221.3884715597, 5220860.99904911], [629215.2338603822, 5220875.365989012], [629208.7444230203, 5220889.751710596], [629203.1744326886, 5220904.524876687], [629198.0985272154, 5220916.184986207], [629196.3115385082, 5220915.432742817]]]}}, {"type": "Feature", "properties": {"interrow_id": "V35-I045", "vineyard_id": "V35", "between_rows": ["V35-R46", "V35-R47"], "interrow_cover": "vegetation", "area_m2": 80.06}, "geometry": {"type": "Polygon", "coordinates": [[[629199.6496990765, 5220914.124826618], [629203.7274330489, 5220904.757665436], [629209.2974233804, 5220889.984499345], [629214.430559149, 5220878.605413932], [629216.201334962, 5220879.350832409], [629201.5694369514, 5220914.932951549], [629199.6496990765, 5220914.124826618]]]}}, {"type": "Feature", "properties": {"interrow_id": "V35-I046", "vineyard_id": "V35", "between_rows": ["V35-R47", "V35-R48"], "interrow_cover": "vegetation", "area_m2": 68.31}, "geometry": {"type": "Polygon", "coordinates": [[[629202.1224373116, 5220915.165740298], [629216.7543353223, 5220879.583621157], [629218.6558989367, 5220880.384095527], [629203.4937513686, 5220915.743003003], [629202.1224373116, 5220915.165740298]]]}}, {"type": "Feature", "properties": {"interrow_id": "V35-I047", "vineyard_id": "V35", "between_rows": ["V35-R48", "V35-R49"], "interrow_cover": "mixed", "area_m2": 119.85}, "geometry": {"type": "Polygon", "coordinates": [[[629202.9171065406, 5220918.610182395], [629226.1997368316, 5220864.313891811], [629227.9964950501, 5220865.070247734], [629204.8599050635, 5220919.428014842], [629202.9171065406, 5220918.610182395]]]}}, {"type": "Feature", "properties": {"interrow_id": "V35-I048", "vineyard_id": "V35", "between_rows": ["V35-R49", "V35-R50"], "interrow_cover": "bare_soil", "area_m2": 137.53}, "geometry": {"type": "Polygon", "coordinates": [[[629202.4205099487, 5220926.691223217], [629229.0608177504, 5220864.101721134], [629230.7766303323, 5220864.8240025155], [629204.4315553531, 5220927.5377845885], [629202.4205099487, 5220926.691223217]]]}}, {"type": "Feature", "properties": {"interrow_id": "V35-I049", "vineyard_id": "V35", "between_rows": ["V35-R50", "V35-R51"], "interrow_cover": "bare_soil", "area_m2": 132.72}, "geometry": {"type": "Polygon", "coordinates": [[[629204.9845557133, 5220927.770573338], [629231.3296306926, 5220865.056791265], [629233.1341929471, 5220865.816432342], [629206.7766713531, 5220928.52497494], [629204.9845557133, 5220927.770573338]]]}}, {"type": "Feature", "properties": {"interrow_id": "V35-I050", "vineyard_id": "V35", "between_rows": ["V35-R51", "V35-R52"], "interrow_cover": "bare_soil", "area_m2": 130.58}, "geometry": {"type": "Polygon", "coordinates": [[[629208.367075345, 5220926.289623064], [629234.0697634754, 5220865.139028621], [629235.8636183525, 5220865.894162365], [629210.202029435, 5220927.062057762], [629208.367075345, 5220926.289623064]]]}}, {"type": "Feature", "properties": {"interrow_id": "V35-I051", "vineyard_id": "V35", "between_rows": ["V35-R52", "V35-R53"], "interrow_cover": "bare_soil", "area_m2": 111.24}, "geometry": {"type": "Polygon", "coordinates": [[[629213.9860536734, 5220919.593260642], [629236.7728846052, 5220865.277742793], [629238.5338372354, 5220866.019026143], [629215.7064041605, 5220920.317452282], [629213.9860536734, 5220919.593260642]]]}}, {"type": "Feature", "properties": {"interrow_id": "V35-I052", "vineyard_id": "V35", "between_rows": ["V35-R53", "V35-R54"], "interrow_cover": "bare_soil", "area_m2": 115.94}, "geometry": {"type": "Polygon", "coordinates": [[[629216.2594045207, 5220920.55024103], [629237.4623356765, 5220870.115932998], [629239.3212524663, 5220870.898454936], [629218.3067595945, 5220921.41208717], [629216.2594045207, 5220920.55024103]]]}}, {"type": "Feature", "properties": {"interrow_id": "V35-I053", "vineyard_id": "V35", "between_rows": ["V35-R54", "V35-R55"], "interrow_cover": "bare_soil", "area_m2": 97.26}, "geometry": {"type": "Polygon", "coordinates": [[[629217.029719189, 5220926.043840328], [629236.9433991911, 5220878.176289386], [629238.7694576918, 5220878.944979435], [629218.6616919311, 5220926.7308288375], [629217.029719189, 5220926.043840328]]]}}, {"type": "Feature", "properties": {"interrow_id": "V35-I054", "vineyard_id": "V35", "between_rows": ["V35-R55", "V35-R56"], "interrow_cover": "bare_soil", "area_m2": 104.61}, "geometry": {"type": "Polygon", "coordinates": [[[629217.4217548752, 5220931.224510535], [629239.322458052, 5220879.177768184], [629241.0799525289, 5220879.917595804], [629219.0792792765, 5220931.922255165], [629217.4217548752, 5220931.224510535]]]}}, {"type": "Feature", "properties": {"interrow_id": "V35-I055", "vineyard_id": "V35", "between_rows": ["V35-R56", "V35-R57"], "interrow_cover": "bare_soil", "area_m2": 122.14}, "geometry": {"type": "Polygon", "coordinates": [[[629220.2637102514, 5220930.662483497], [629243.7138936676, 5220875.231507068], [629245.6413096505, 5220876.042864144], [629222.0770378807, 5220931.425814411], [629220.2637102514, 5220930.662483497]]]}}, {"type": "Feature", "properties": {"interrow_id": "V35-I056", "vineyard_id": "V35", "between_rows": ["V35-R57", "V35-R58"], "interrow_cover": "bare_soil", "area_m2": 114.93}, "geometry": {"type": "Polygon", "coordinates": [[[629222.6300382408, 5220931.65860316], [629245.683035641, 5220877.477297623], [629247.3837305759, 5220878.193215142], [629224.5272369676, 5220932.457240104], [629222.6300382408, 5220931.65860316]]]}}, {"type": "Feature", "properties": {"interrow_id": "V35-I057", "vineyard_id": "V35", "between_rows": ["V35-R58", "V35-R59"], "interrow_cover": "bare_soil", "area_m2": 114.84}, "geometry": {"type": "Polygon", "coordinates": [[[629222.527112589, 5220938.7514496], [629245.8698270888, 5220883.333078611], [629247.780203094, 5220884.137262608], [629224.1370795968, 5220939.429174665], [629222.527112589, 5220938.7514496]]]}}, {"type": "Feature", "properties": {"interrow_id": "V35-I058", "vineyard_id": "V35", "between_rows": ["V35-R59", "V35-R60"], "interrow_cover": "bare_soil", "area_m2": 106.43}, "geometry": {"type": "Polygon", "coordinates": [[[629224.5109515775, 5220940.0808738265], [629246.0413618371, 5220889.72976219], [629247.7900978602, 5220890.465902888], [629226.3448702988, 5220940.852872681], [629224.5109515775, 5220940.0808738265]]]}}, {"type": "Feature", "properties": {"interrow_id": "V35-I059", "vineyard_id": "V35", "between_rows": ["V35-R60", "V35-R61"], "interrow_cover": "bare_soil", "area_m2": 99.44}, "geometry": {"type": "Polygon", "coordinates": [[[629226.8978706589, 5220941.08566143], [629244.8641086908, 5220898.872805893], [629246.869414344, 5220899.716951083], [629228.8880036253, 5220941.923419588], [629226.8978706589, 5220941.08566143]]]}}, {"type": "Feature", "properties": {"interrow_id": "V35-I060", "vineyard_id": "V35", "between_rows": ["V35-R61", "V35-R62"], "interrow_cover": "bare_soil", "area_m2": 79.52}, "geometry": {"type": "Polygon", "coordinates": [[[629229.5287407357, 5220941.950270192], [629245.4031021748, 5220904.689526494], [629247.1598741458, 5220905.429049971], [629231.3913180666, 5220942.734333056], [629229.5287407357, 5220941.950270192]]]}}, {"type": "Feature", "properties": {"interrow_id": "V35-I061", "vineyard_id": "V35", "between_rows": ["V35-R62", "V35-R63"], "interrow_cover": "bare_soil", "area_m2": 67.09}, "geometry": {"type": "Polygon", "coordinates": [[[629231.9443184268, 5220942.967121805], [629245.3874171732, 5220911.16341056], [629247.0153781286, 5220911.848710285], [629233.8982026771, 5220943.789620854], [629231.9443184268, 5220942.967121805]]]}}, {"type": "Feature", "properties": {"interrow_id": "V35-I062", "vineyard_id": "V35", "between_rows": ["V35-R63", "V35-R64"], "interrow_cover": "bare_soil", "area_m2": 59.09}, "geometry": {"type": "Polygon", "coordinates": [[[629233.8335213044, 5220945.526492327], [629246.09904976, 5220915.659380392], [629247.8500583749, 5220916.3964777505], [629235.4562971767, 5220946.20960936], [629233.8335213044, 5220945.526492327]]]}}, {"type": "Feature", "properties": {"interrow_id": "V35-I063", "vineyard_id": "V35", "between_rows": ["V35-R64", "V35-R65"], "interrow_cover": "bare_soil", "area_m2": 45.11}, "geometry": {"type": "Polygon", "coordinates": [[[629235.8976550761, 5220946.710953499], [629246.0811929548, 5220922.214503216], [629247.6637384499, 5220922.880685034], [629237.4497542335, 5220947.364318754], [629235.8976550761, 5220946.710953499]]]}}, {"type": "Feature", "properties": {"interrow_id": "V35-I064", "vineyard_id": "V35", "between_rows": ["V35-R65", "V35-R66"], "interrow_cover": "bare_soil", "area_m2": 47.74}, "geometry": {"type": "Polygon", "coordinates": [[[629236.2917252164, 5220951.698564453], [629246.1056847135, 5220928.173817932], [629247.7788790993, 5220928.8781589335], [629238.0710083735, 5220952.4475641465], [629236.2917252164, 5220951.698564453]]]}}, {"type": "Feature", "properties": {"interrow_id": "V35-I065", "vineyard_id": "V35", "between_rows": ["V35-R66", "V35-R67"], "interrow_cover": "bare_soil", "area_m2": 34.02}, "geometry": {"type": "Polygon", "coordinates": [[[629239.4726435242, 5220950.619981695], [629245.8990217042, 5220935.017599293], [629247.765040609, 5220935.803110909], [629241.3232515217, 5220951.399005999], [629239.4726435242, 5220950.619981695]]]}}, {"type": "Feature", "properties": {"interrow_id": "V35-I066", "vineyard_id": "V35", "between_rows": ["V35-R67", "V35-R68"], "interrow_cover": "bare_soil", "area_m2": 17.98}, "geometry": {"type": "Polygon", "coordinates": [[[629242.2705973509, 5220950.677064551], [629245.773577492, 5220942.1961736], [629247.4603592778, 5220942.906234297], [629244.1960002152, 5220951.487574193], [629242.2705973509, 5220950.677064551]]]}}, {"type": "Feature", "properties": {"interrow_id": "V35-I067", "vineyard_id": "V35", "between_rows": ["V35-R68", "V35-R69"], "interrow_cover": "bare_soil", "area_m2": 6.36}, "geometry": {"type": "Polygon", "coordinates": [[[629244.7490005755, 5220951.720362942], [629245.9989218449, 5220948.434572669], [629247.6167401122, 5220949.115602768], [629246.468230961, 5220952.444083068], [629244.7490005755, 5220951.720362942]]]}}, {"type": "Feature", "properties": {"interrow_id": "V36-I001", "vineyard_id": "V36", "between_rows": ["V36-R01", "V36-R02"], "interrow_cover": "bare_soil", "area_m2": 28.64}, "geometry": {"type": "Polygon", "coordinates": [[[629021.0441718048, 5220699.055956472], [629028.6260960647, 5220687.670562215], [629030.3346700254, 5220688.790375121], [629022.8376952145, 5220700.23144592], [629021.0441718048, 5220699.055956472]]]}}, {"type": "Feature", "properties": {"interrow_id": "V36-I002", "vineyard_id": "V36", "between_rows": ["V36-R02", "V36-R03"], "interrow_cover": "bare_soil", "area_m2": 73.23}, "geometry": {"type": "Polygon", "coordinates": [[[629013.348168097, 5220715.808059763], [629030.8364925212, 5220689.119273559], [629032.6638042043, 5220690.316908109], [629024.6987067127, 5220702.497907371], [629015.4925663082, 5220717.213515335], [629013.348168097, 5220715.808059763]]]}}, {"type": "Feature", "properties": {"interrow_id": "V36-I003", "vineyard_id": "V36", "between_rows": ["V36-R03", "V36-R04"], "interrow_cover": "bare_soil", "area_m2": 168.58}, "geometry": {"type": "Polygon", "coordinates": [[[629015.9943888041, 5220717.542413773], [629025.2005292085, 5220702.8268058095], [629034.6979473899, 5220688.302433196], [629054.0630080982, 5220659.4967548605], [629055.8722499242, 5220660.682546283], [629053.835618709, 5220663.690640955], [629043.0394527656, 5220680.037031358], [629032.4747567517, 5220696.534480518], [629021.790670086, 5220712.954014575], [629017.9107664286, 5220718.798422846], [629015.9943888041, 5220717.542413773]]]}}, {"type": "Feature", "properties": {"interrow_id": "V36-I004", "vineyard_id": "V36", "between_rows": ["V36-R04", "V36-R05"], "interrow_cover": "bare_soil", "area_m2": 226.99}, "geometry": {"type": "Polygon", "coordinates": [[[629011.4575013542, 5220729.603965785], [629022.2924925819, 5220713.282913013], [629032.9765792475, 5220696.863378956], [629043.5412752614, 5220680.365929796], [629054.3374412048, 5220664.0195393935], [629065.3216725341, 5220647.795881667], [629066.9943112442, 5220648.892142325], [629045.4872019356, 5220682.0758097], [629013.3456592299, 5220730.841479412], [629011.4575013542, 5220729.603965785]]]}}, {"type": "Feature", "properties": {"interrow_id": "V36-I005", "vineyard_id": "V36", "between_rows": ["V36-R05", "V36-R06"], "interrow_cover": "bare_soil", "area_m2": 201.49}, "geometry": {"type": "Polygon", "coordinates": [[[629015.3978351537, 5220728.818156493], [629045.9890244314, 5220682.404708139], [629061.9572502101, 5220657.767073894], [629063.9616239568, 5220659.0807563225], [629017.4847671385, 5220730.185948244], [629015.3978351537, 5220728.818156493]]]}}, {"type": "Feature", "properties": {"interrow_id": "V36-I006", "vineyard_id": "V36", "between_rows": ["V36-R06", "V36-R07"], "interrow_cover": "bare_soil", "area_m2": 216.3}, "geometry": {"type": "Polygon", "coordinates": [[[629017.9865896343, 5220730.514846683], [629064.4634464525, 5220659.409654761], [629066.6214373504, 5220660.824019087], [629050.2193042258, 5220685.9044890925], [629029.0301465944, 5220718.110003071], [629020.2211800795, 5220731.9794149585], [629017.9865896343, 5220730.514846683]]]}}, {"type": "Feature", "properties": {"interrow_id": "V36-I007", "vineyard_id": "V36", "between_rows": ["V36-R07", "V36-R08"], "interrow_cover": "bare_soil", "area_m2": 158.54}, "geometry": {"type": "Polygon", "coordinates": [[[629034.5072155491, 5220710.876997815], [629050.7211267216, 5220686.233387531], [629068.8183326318, 5220658.56098501], [629071.0258612597, 5220660.007816757], [629053.8439532425, 5220686.149169197], [629036.4866033824, 5220712.174304279], [629034.5072155491, 5220710.876997815]]]}}, {"type": "Feature", "properties": {"interrow_id": "V36-I008", "vineyard_id": "V36", "between_rows": ["V36-R08", "V36-R09"], "interrow_cover": "bare_soil", "area_m2": 141.73}, "geometry": {"type": "Polygon", "coordinates": [[[629037.7906946192, 5220711.300302935], [629054.3457757384, 5220686.478067636], [629070.8302647654, 5220661.397800821], [629072.5829836295, 5220662.546546646], [629061.8390155145, 5220679.357176288], [629050.9186318653, 5220696.052167573], [629039.9013130512, 5220712.683618972], [629037.7906946192, 5220711.300302935]]]}}, {"type": "Feature", "properties": {"interrow_id": "V36-I009", "vineyard_id": "V36", "between_rows": ["V36-R09", "V36-R10"], "interrow_cover": "mixed", "area_m2": 139.74}, "geometry": {"type": "Polygon", "coordinates": [[[629040.4031355471, 5220713.01251741], [629051.420454361, 5220696.381066011], [629062.3408380102, 5220679.686074726], [629070.9165365724, 5220666.268044171], [629073.1532226076, 5220667.733985913], [629063.1611385732, 5220683.073744034], [629053.019905735, 5220698.315468495], [629042.9810101239, 5220713.624457947], [629042.4939880247, 5220714.3828786835], [629040.4031355471, 5220713.01251741]]]}}, {"type": "Feature", "properties": {"interrow_id": "V36-I010", "vineyard_id": "V36", "between_rows": ["V36-R10", "V36-R11"], "interrow_cover": "bare_soil", "area_m2": 65.8}, "geometry": {"type": "Polygon", "coordinates": [[[629041.0369842103, 5220717.762181808], [629043.4828326197, 5220713.953356385], [629053.5217282309, 5220698.644366934], [629056.4345190151, 5220694.266599925], [629058.335955842, 5220695.5128166815], [629042.9992939382, 5220719.048295146], [629041.0369842103, 5220717.762181808]]]}}, {"type": "Feature", "properties": {"interrow_id": "V36-I011", "vineyard_id": "V36", "between_rows": ["V36-R11", "V36-R12"], "interrow_cover": "mixed", "area_m2": 67.31}, "geometry": {"type": "Polygon", "coordinates": [[[629043.501116434, 5220719.377193584], [629058.8377783379, 5220695.84171512], [629060.8753058541, 5220697.177126791], [629045.4718504568, 5220720.668828271], [629043.501116434, 5220719.377193584]]]}}, {"type": "Feature", "properties": {"interrow_id": "V36-I012", "vineyard_id": "V36", "between_rows": ["V36-R12", "V36-R13"], "interrow_cover": "mixed", "area_m2": 155.73}, "geometry": {"type": "Polygon", "coordinates": [[[629042.1847623423, 5220726.776167631], [629079.2667912083, 5220670.222626238], [629081.1798500741, 5220671.47646017], [629076.9884371815, 5220677.990810369], [629054.9915331231, 5220711.30469062], [629044.2051664172, 5220728.100356463], [629042.1847623423, 5220726.776167631]]]}}, {"type": "Feature", "properties": {"interrow_id": "V36-I013", "vineyard_id": "V36", "between_rows": ["V36-R13", "V36-R14"], "interrow_cover": "bare_soil", "area_m2": 57.45}, "geometry": {"type": "Polygon", "coordinates": [[[629044.706988913, 5220728.429254902], [629055.4933556189, 5220711.633589058], [629056.9151571275, 5220709.480298528], [629059.1847625768, 5220710.967815916], [629046.6763261592, 5220729.71997413], [629044.706988913, 5220728.429254902]]]}}, {"type": "Feature", "properties": {"interrow_id": "V37-I001", "vineyard_id": "V37", "between_rows": ["V37-R01", "V37-R03"], "interrow_cover": "mixed", "area_m2": 24.64}, "geometry": {"type": "Polygon", "coordinates": [[[629865.0194976097, 5219888.424741427], [629874.6292968483, 5219875.498400218], [629875.9296743383, 5219876.546148047], [629874.3459861496, 5219878.549811359], [629866.1330271997, 5219889.321941064], [629865.0194976097, 5219888.424741427]]]}}, {"type": "Feature", "properties": {"interrow_id": "V37-I002", "vineyard_id": "V37", "between_rows": ["V37-R02", "V37-R03"], "interrow_cover": "bare_soil", "area_m2": 11.58}, "geometry": {"type": "Polygon", "coordinates": [[[629847.6383427095, 5219910.740052718], [629855.7135852219, 5219901.139722854], [629856.3466323192, 5219901.649785299], [629848.4433334515, 5219911.388654612], [629847.6383427095, 5219910.740052718]]]}}, {"type": "Feature", "properties": {"interrow_id": "V37-I003", "vineyard_id": "V37", "between_rows": ["V37-R03", "V37-R04"], "interrow_cover": "mixed", "area_m2": 83.96}, "geometry": {"type": "Polygon", "coordinates": [[[629862.1469574363, 5219895.454484688], [629863.2161175385, 5219894.137008191], [629874.8131996103, 5219878.926257347], [629905.5404051562, 5219840.050565248], [629907.0330825465, 5219841.253254089], [629895.6715461969, 5219854.691347697], [629884.4948286638, 5219868.278035147], [629873.608698438, 5219882.098354028], [629862.9561222938, 5219896.106449775], [629862.1469574363, 5219895.454484688]]]}}, {"type": "Feature", "properties": {"interrow_id": "V37-I004", "vineyard_id": "V37", "between_rows": ["V37-R04", "V37-R05"], "interrow_cover": "bare_soil", "area_m2": 47.2}, "geometry": {"type": "Polygon", "coordinates": [[[629872.1113429664, 5219885.058200438], [629874.0759118987, 5219882.474800016], [629884.9620421245, 5219868.654481135], [629886.6394235474, 5219866.615415814], [629888.33704804, 5219867.983235844], [629873.4692480342, 5219886.152299727], [629872.1113429664, 5219885.058200438]]]}}, {"type": "Feature", "properties": {"interrow_id": "V38-I001", "vineyard_id": "V38", "between_rows": ["V38-R01", "V38-R02"], "interrow_cover": "vegetation", "area_m2": 117.74}, "geometry": {"type": "Polygon", "coordinates": [[[630249.7927451023, 5219281.617229098], [630284.6349094212, 5219335.173954808], [630286.0976543179, 5219334.226287816], [630251.423037287, 5219280.561013421], [630249.7927451023, 5219281.617229098]]]}}, {"type": "Feature", "properties": {"interrow_id": "V38-I002", "vineyard_id": "V38", "between_rows": ["V38-R02", "V38-R03"], "interrow_cover": "vegetation", "area_m2": 119.63}, "geometry": {"type": "Polygon", "coordinates": [[[630247.9190564307, 5219274.0323832985], [630285.9011017315, 5219332.816504297], [630287.3832950122, 5219331.856237301], [630249.3060462466, 5219273.13379567], [630247.9190564307, 5219274.0323832985]]]}}, {"type": "Feature", "properties": {"interrow_id": "V38-I003", "vineyard_id": "V38", "between_rows": ["V38-R03", "V38-R04"], "interrow_cover": "mixed", "area_m2": 138.34}, "geometry": {"type": "Polygon", "coordinates": [[[630249.8605974617, 5219272.886201913], [630287.8868509633, 5219331.529999037], [630289.5094480165, 5219330.478768797], [630251.5602881724, 5219271.785025085], [630249.8605974617, 5219272.886201913]]]}}, {"type": "Feature", "properties": {"interrow_id": "V39-I001", "vineyard_id": "V39", "between_rows": ["V39-R02", "V39-R03"], "interrow_cover": "vegetation", "area_m2": 51.24}, "geometry": {"type": "Polygon", "coordinates": [[[630036.8410267567, 5219591.4167573955], [630059.7573090992, 5219621.144876993], [630060.921994893, 5219620.264541451], [630037.8543395841, 5219590.650838122], [630036.8410267567, 5219591.4167573955]]]}}, {"type": "Feature", "properties": {"interrow_id": "V39-I002", "vineyard_id": "V39", "between_rows": ["V39-R03", "V39-R04"], "interrow_cover": "mixed", "area_m2": 55.63}, "geometry": {"type": "Polygon", "coordinates": [[[630039.305260612, 5219591.537223415], [630054.2033082573, 5219610.66298012], [630055.7492288933, 5219609.4944856735], [630041.4208015004, 5219589.938177694], [630039.305260612, 5219591.537223415]]]}}, {"type": "Feature", "properties": {"interrow_id": "V39-I003", "vineyard_id": "V39", "between_rows": ["V39-R04", "V39-R05"], "interrow_cover": "bare_soil", "area_m2": 33.17}, "geometry": {"type": "Polygon", "coordinates": [[[630041.8994525595, 5219589.576386091], [630055.8386550897, 5219608.601456338], [630057.1221731165, 5219607.631300657], [630042.8602590504, 5219588.850154083], [630041.8994525595, 5219589.576386091]]]}}, {"type": "Feature", "properties": {"interrow_id": "V39-I004", "vineyard_id": "V39", "between_rows": ["V39-R05", "V39-R06"], "interrow_cover": "bare_soil", "area_m2": 43.01}, "geometry": {"type": "Polygon", "coordinates": [[[630041.6053427999, 5219586.205472429], [630055.872824785, 5219604.993951252], [630057.34673768, 5219603.879884338], [630043.0403773384, 5219585.120791982], [630041.6053427999, 5219586.205472429]]]}}, {"type": "Feature", "properties": {"interrow_id": "V39-I005", "vineyard_id": "V39", "between_rows": ["V39-R06", "V39-R07"], "interrow_cover": "bare_soil", "area_m2": 23.46}, "geometry": {"type": "Polygon", "coordinates": [[[630050.4858289752, 5219593.8941579135], [630057.8253887391, 5219603.518092736], [630059.5525495579, 5219602.212606686], [630051.8508263406, 5219592.862415531], [630050.4858289752, 5219593.8941579135]]]}}, {"type": "Feature", "properties": {"interrow_id": "V39-I006", "vineyard_id": "V39", "between_rows": ["V39-R08", "V39-R09"], "interrow_cover": "bare_soil", "area_m2": 16.07}, "geometry": {"type": "Polygon", "coordinates": [[[630042.5425703569, 5219575.948806122], [630047.4835746998, 5219582.164295803], [630048.9797983359, 5219581.033365167], [630044.27716276, 5219574.63770286], [630042.5425703569, 5219575.948806122]]]}}, {"type": "Feature", "properties": {"interrow_id": "V39-I007", "vineyard_id": "V39", "between_rows": ["V39-R10", "V39-R11"], "interrow_cover": "mixed", "area_m2": 4.14}, "geometry": {"type": "Polygon", "coordinates": [[[630051.2626950964, 5219578.601553571], [630053.1236559628, 5219581.351854826], [630054.2088630403, 5219580.531593803], [630052.1714475977, 5219577.914666919], [630051.2626950964, 5219578.601553571]]]}}, {"type": "Feature", "properties": {"interrow_id": "V39-I008", "vineyard_id": "V39", "between_rows": ["V39-R11", "V39-R12"], "interrow_cover": "mixed", "area_m2": 17.19}, "geometry": {"type": "Polygon", "coordinates": [[[630057.1827963814, 5219583.374829096], [630062.8632513247, 5219590.671001958], [630064.5541122294, 5219589.392953441], [630058.4576569406, 5219582.41121722], [630057.1827963814, 5219583.374829096]]]}}, {"type": "Feature", "properties": {"interrow_id": "V40-I001", "vineyard_id": "V40", "between_rows": ["V40-R01", "V40-R02"], "interrow_cover": "mixed", "area_m2": 80.42}, "geometry": {"type": "Polygon", "coordinates": [[[630311.5347607852, 5219438.087713145], [630344.8602543152, 5219466.286553643], [630346.1049303354, 5219464.810988463], [630312.6655455057, 5219436.747166262], [630311.5347607852, 5219438.087713145]]]}}, {"type": "Feature", "properties": {"interrow_id": "V40-I002", "vineyard_id": "V40", "between_rows": ["V40-R02", "V40-R03"], "interrow_cover": "bare_soil", "area_m2": 79.95}, "geometry": {"type": "Polygon", "coordinates": [[[630313.1456513872, 5219436.366794701], [630344.4151950105, 5219462.609589448], [630345.7735384709, 5219460.999271358], [630314.3128465216, 5219434.983083221], [630313.1456513872, 5219436.366794701]]]}}, {"type": "Feature", "properties": {"interrow_id": "V40-I003", "vineyard_id": "V40", "between_rows": ["V40-R03", "V40-R04"], "interrow_cover": "bare_soil", "area_m2": 63.84}, "geometry": {"type": "Polygon", "coordinates": [[[630316.3710354392, 5219435.906548761], [630346.1604007353, 5219460.5406455975], [630347.2417242927, 5219459.258734994], [630317.4195831327, 5219434.66349399], [630316.3710354392, 5219435.906548761]]]}}, {"type": "Feature", "properties": {"interrow_id": "V40-I004", "vineyard_id": "V40", "between_rows": ["V40-R04", "V40-R05"], "interrow_cover": "bare_soil", "area_m2": 63.16}, "geometry": {"type": "Polygon", "coordinates": [[[630321.8842816936, 5219437.567985785], [630348.7175582031, 5219459.698217787], [630349.7390988581, 5219458.487179899], [630323.204624941, 5219436.002717002], [630321.8842816936, 5219437.567985785]]]}}, {"type": "Feature", "properties": {"interrow_id": "V40-I005", "vineyard_id": "V40", "between_rows": ["V40-R05", "V40-R06"], "interrow_cover": "bare_soil", "area_m2": 54.62}, "geometry": {"type": "Polygon", "coordinates": [[[630323.5914872055, 5219435.544091241], [630345.5291322905, 5219454.133348691], [630346.6997341899, 5219452.745598487], [630324.8703577387, 5219434.027988419], [630323.5914872055, 5219435.544091241]]]}}, {"type": "Feature", "properties": {"interrow_id": "V40-I006", "vineyard_id": "V40", "between_rows": ["V40-R06", "V40-R07"], "interrow_cover": "bare_soil", "area_m2": 41.0}, "geometry": {"type": "Polygon", "coordinates": [[[630324.9818498711, 5219433.333246397], [630342.1274672128, 5219448.034764807], [630343.1810106921, 5219446.785787525], [630326.2692204193, 5219431.8070667945], [630324.9818498711, 5219433.333246397]]]}}, {"type": "Feature", "properties": {"interrow_id": "V41-I001", "vineyard_id": "V41", "between_rows": ["V41-R01", "V41-R02"], "interrow_cover": "bare_soil", "area_m2": 64.21}, "geometry": {"type": "Polygon", "coordinates": [[[629885.9625189652, 5219604.169889737], [629909.3500859042, 5219631.507244522], [629910.7594427866, 5219630.2986027105], [629887.2629108408, 5219603.054694564], [629885.9625189652, 5219604.169889737]]]}}, {"type": "Feature", "properties": {"interrow_id": "V41-I002", "vineyard_id": "V41", "between_rows": ["V41-R02", "V41-R03"], "interrow_cover": "bare_soil", "area_m2": 68.54}, "geometry": {"type": "Polygon", "coordinates": [[[629887.7183655254, 5219602.664103947], [629911.2148974711, 5219629.908012093], [629912.621930298, 5219628.701363355], [629889.2037805028, 5219601.390235936], [629887.7183655254, 5219602.664103947]]]}}, {"type": "Feature", "properties": {"interrow_id": "V41-I003", "vineyard_id": "V41", "between_rows": ["V41-R03", "V41-R04"], "interrow_cover": "bare_soil", "area_m2": 66.7}, "geometry": {"type": "Polygon", "coordinates": [[[629888.8122485841, 5219600.0118576735], [629911.5331988597, 5219626.509884779], [629912.9720293742, 5219625.275966856], [629890.2743145039, 5219598.758013439], [629888.8122485841, 5219600.0118576735]]]}}, {"type": "Feature", "properties": {"interrow_id": "V41-I004", "vineyard_id": "V41", "between_rows": ["V41-R04", "V41-R05"], "interrow_cover": "mixed", "area_m2": 56.53}, "geometry": {"type": "Polygon", "coordinates": [[[629891.4931884678, 5219599.259332734], [629911.4997597726, 5219622.633197853], [629912.9021580978, 5219621.430523589], [629892.8802420405, 5219598.069817884], [629891.4931884678, 5219599.259332734]]]}}, {"type": "Feature", "properties": {"interrow_id": "V42-I001", "vineyard_id": "V42", "between_rows": ["V42-R02", "V42-R03"], "interrow_cover": "bare_soil", "area_m2": 17.46}, "geometry": {"type": "Polygon", "coordinates": [[[629983.030910126, 5219747.227764671], [629988.1151608888, 5219739.90425855], [629989.8461016173, 5219741.194775909], [629984.4426806658, 5219748.280322022], [629983.030910126, 5219747.227764671]]]}}, {"type": "Feature", "properties": {"interrow_id": "V42-I002", "vineyard_id": "V42", "between_rows": ["V42-R03", "V42-R04"], "interrow_cover": "bare_soil", "area_m2": 31.12}, "geometry": {"type": "Polygon", "coordinates": [[[629981.9019449366, 5219752.601408665], [629990.327125202, 5219741.553407072], [629992.1578797416, 5219742.918341454], [629983.6622057658, 5219753.91378587], [629981.9019449366, 5219752.601408665]]]}}, {"type": "Feature", "properties": {"interrow_id": "V42-I003", "vineyard_id": "V42", "between_rows": ["V42-R04", "V42-R05"], "interrow_cover": "bare_soil", "area_m2": 66.72}, "geometry": {"type": "Polygon", "coordinates": [[[629972.9214709623, 5219768.796070008], [629994.7730239795, 5219740.514907466], [629996.6156519334, 5219741.888694172], [629974.0727865682, 5219769.654443001], [629972.9214709623, 5219768.796070008]]]}}, {"type": "Feature", "properties": {"interrow_id": "V42-I004", "vineyard_id": "V42", "between_rows": ["V42-R05", "V42-R06"], "interrow_cover": "mixed", "area_m2": 54.21}, "geometry": {"type": "Polygon", "coordinates": [[[629971.8213757466, 5219773.378577448], [629989.0584308511, 5219752.147924874], [629990.5241103327, 5219753.240674489], [629973.5366655057, 5219774.6574260965], [629971.8213757466, 5219773.378577448]]]}}, {"type": "Feature", "properties": {"interrow_id": "V43-I001", "vineyard_id": "V43", "between_rows": ["V43-R03", "V43-R04"], "interrow_cover": "bare_soil", "area_m2": 80.22}, "geometry": {"type": "Polygon", "coordinates": [[[630176.2654092576, 5219249.953211072], [630206.5672464271, 5219225.950601351], [630207.9027915093, 5219227.775352733], [630177.3830482366, 5219251.480237975], [630176.2654092576, 5219249.953211072]]]}}, {"type": "Feature", "properties": {"interrow_id": "V44-I001", "vineyard_id": "V44", "between_rows": ["V44-R01", "V44-R02"], "interrow_cover": "bare_soil", "area_m2": 60.64}, "geometry": {"type": "Polygon", "coordinates": [[[630323.5805665517, 5219342.637211536], [630332.081644406, 5219356.57987462], [630337.2076145278, 5219364.77104238], [630339.0946695553, 5219363.5537685305], [630325.5559502958, 5219341.362959892], [630323.5805665517, 5219342.637211536]]]}}, {"type": "Feature", "properties": {"interrow_id": "V44-I002", "vineyard_id": "V44", "between_rows": ["V44-R02", "V44-R03"], "interrow_cover": "bare_soil", "area_m2": 69.11}, "geometry": {"type": "Polygon", "coordinates": [[[630323.9898884672, 5219337.692717934], [630325.2485950215, 5219339.707527975], [630339.5988695748, 5219363.228526559], [630341.7364729695, 5219361.849632635], [630325.7536624369, 5219336.554968427], [630323.9898884672, 5219337.692717934]]]}}, {"type": "Feature", "properties": {"interrow_id": "V45-I001", "vineyard_id": "V45", "between_rows": ["V45-R01", "V45-R02"], "interrow_cover": "mixed", "area_m2": 29.49}, "geometry": {"type": "Polygon", "coordinates": [[[630152.0638852555, 5219481.688198565], [630159.898230311, 5219494.044013425], [630161.7134958894, 5219492.8484648755], [630153.6158822386, 5219480.666040836], [630152.0638852555, 5219481.688198565]]]}}, {"type": "Feature", "properties": {"interrow_id": "V45-I002", "vineyard_id": "V45", "between_rows": ["V45-R02", "V45-R03"], "interrow_cover": "mixed", "area_m2": 64.76}, "geometry": {"type": "Polygon", "coordinates": [[[630152.2994740752, 5219477.601699235], [630163.3520784826, 5219494.229747872], [630166.5339795225, 5219492.134122187], [630154.5353775487, 5219476.129115176], [630152.2994740752, 5219477.601699235]]]}}, {"type": "Feature", "properties": {"interrow_id": "V45-I003", "vineyard_id": "V45", "between_rows": ["V45-R03", "V45-R04"], "interrow_cover": "mixed", "area_m2": 9.06}, "geometry": {"type": "Polygon", "coordinates": [[[630162.9642919448, 5219486.374073527], [630167.0350655887, 5219491.804102863], [630168.3449748317, 5219490.941386072], [630163.8871866353, 5219485.766247641], [630162.9642919448, 5219486.374073527]]]}}, {"type": "Feature", "properties": {"interrow_id": "V46-I001", "vineyard_id": "V46", "between_rows": ["V46-R01", "V46-R02"], "interrow_cover": "bare_soil", "area_m2": 48.39}, "geometry": {"type": "Polygon", "coordinates": [[[630018.7643234271, 5219614.560642015], [630026.6458171984, 5219624.747602557], [630029.7630166269, 5219622.248235525], [630028.0948412336, 5219620.221700643], [630021.4929494682, 5219612.372832692], [630018.7643234271, 5219614.560642015]]]}}, {"type": "Feature", "properties": {"interrow_id": "V46-I002", "vineyard_id": "V46", "between_rows": ["V46-R02", "V46-R03"], "interrow_cover": "bare_soil", "area_m2": 128.71}, "geometry": {"type": "Polygon", "coordinates": [[[630017.2961175779, 5219606.451438352], [630028.5629514684, 5219619.846370378], [630039.6865158022, 5219633.359512474], [630041.7318324549, 5219635.943755886], [630043.982906213, 5219634.138847452], [630020.4133171996, 5219603.952071166], [630017.2961175779, 5219606.451438352]]]}}, {"type": "Feature", "properties": {"interrow_id": "V46-I003", "vineyard_id": "V46", "between_rows": ["V46-R03", "V46-R05"], "interrow_cover": "bare_soil", "area_m2": 26.63}, "geometry": {"type": "Polygon", "coordinates": [[[630028.8085347805, 5219613.729392095], [630033.4868341623, 5219619.721129022], [630036.2125159842, 5219617.53568037], [630031.549673781, 5219611.531549895], [630028.8085347805, 5219613.729392095]]]}}, {"type": "Feature", "properties": {"interrow_id": "V47-I001", "vineyard_id": "V47", "between_rows": ["V47-R01", "V47-R02"], "interrow_cover": "mixed", "area_m2": 15.52}, "geometry": {"type": "Polygon", "coordinates": [[[630277.1701476146, 5219259.1834963905], [630282.4017085022, 5219266.400153041], [630283.6760309426, 5219265.491710022], [630278.7315841743, 5219258.070374548], [630277.1701476146, 5219259.1834963905]]]}}, {"type": "Feature", "properties": {"interrow_id": "V47-I002", "vineyard_id": "V47", "between_rows": ["V47-R02", "V47-R03"], "interrow_cover": "mixed", "area_m2": 22.38}, "geometry": {"type": "Polygon", "coordinates": [[[630277.7017418849, 5219255.443043442], [630284.1645949114, 5219265.1434209915], [630285.9086966853, 5219263.900080193], [630279.0862047984, 5219254.456083134], [630277.7017418849, 5219255.443043442]]]}}, {"type": "Feature", "properties": {"interrow_id": "V47-I003", "vineyard_id": "V47", "between_rows": ["V47-R03", "V47-R04"], "interrow_cover": "mixed", "area_m2": 60.85}, "geometry": {"type": "Polygon", "coordinates": [[[630279.5747687672, 5219254.107794104], [630297.8475270804, 5219279.401759802], [630299.7297465763, 5219281.951538025], [630301.0171725522, 5219281.033753717], [630281.1462991944, 5219252.987476514], [630279.5747687672, 5219254.107794104]]]}}, {"type": "Feature", "properties": {"interrow_id": "V47-I004", "vineyard_id": "V47", "between_rows": ["V47-R04", "V47-R05"], "interrow_cover": "mixed", "area_m2": 21.72}, "geometry": {"type": "Polygon", "coordinates": [[[630281.4603075861, 5219252.392815117], [630288.6570083193, 5219262.5504292315], [630290.0557311449, 5219261.553303272], [630282.9031337339, 5219251.364248641], [630281.4603075861, 5219252.392815117]]]}}, {"type": "Feature", "properties": {"interrow_id": "V48-I001", "vineyard_id": "V48", "between_rows": ["V48-R01", "V48-R02"], "interrow_cover": "mixed", "area_m2": 9.96}, "geometry": {"type": "Polygon", "coordinates": [[[629460.3498011463, 5220542.251583136], [629467.9238519487, 5220543.894505969], [629468.242813114, 5220542.760587177], [629460.7278435571, 5220540.90762832], [629460.3498011463, 5220542.251583136]]]}}, {"type": "Feature", "properties": {"interrow_id": "V48-I002", "vineyard_id": "V48", "between_rows": ["V48-R02", "V48-R03"], "interrow_cover": "bare_soil", "area_m2": 49.68}, "geometry": {"type": "Polygon", "coordinates": [[[629475.8455102958, 5220544.017532662], [629496.5892690374, 5220549.132301416], [629497.0040660739, 5220547.65768254], [629476.6905916366, 5220541.013237098], [629475.8455102958, 5220544.017532662]]]}}, {"type": "Feature", "properties": {"interrow_id": "V48-I003", "vineyard_id": "V48", "between_rows": ["V48-R03", "V48-R04"], "interrow_cover": "mixed", "area_m2": 65.6}, "geometry": {"type": "Polygon", "coordinates": [[[629476.8530609343, 5220540.435652709], [629497.1665353717, 5220547.08009815], [629498.1780435228, 5220543.484149094], [629489.4846721195, 5220541.58250282], [629477.6646556407, 5220537.550403375], [629476.8530609343, 5220540.435652709]]]}}, {"type": "Feature", "properties": {"interrow_id": "V49-I001", "vineyard_id": "V49", "between_rows": ["V49-R01", "V49-R02"], "interrow_cover": "mixed", "area_m2": 33.24}, "geometry": {"type": "Polygon", "coordinates": [[[629933.8368427608, 5219875.927853583], [629942.8649368265, 5219865.70662628], [629944.7106860668, 5219867.247626242], [629935.7345894595, 5219877.512265772], [629933.8368427608, 5219875.927853583]]]}}, {"type": "Feature", "properties": {"interrow_id": "V49-I002", "vineyard_id": "V49", "between_rows": ["V49-R02", "V49-R03"], "interrow_cover": "mixed", "area_m2": 54.04}, "geometry": {"type": "Polygon", "coordinates": [[[629933.3557224415, 5219881.143856665], [629948.4420290823, 5219863.891869942], [629950.1122384878, 5219865.2863132255], [629935.3064502854, 5219882.77250235], [629933.3557224415, 5219881.143856665]]]}}, {"type": "Feature", "properties": {"interrow_id": "V49-I003", "vineyard_id": "V49", "between_rows": ["V49-R03", "V49-R04"], "interrow_cover": "mixed", "area_m2": 56.45}, "geometry": {"type": "Polygon", "coordinates": [[[629935.7670299589, 5219883.157036307], [629947.600109775, 5219869.18172687], [629949.4338837428, 5219870.712728783], [629938.6662988663, 5219885.577610662], [629935.7670299589, 5219883.157036307]]]}}, {"type": "Feature", "properties": {"interrow_id": "V50-I001", "vineyard_id": "V50", "between_rows": ["V50-R01", "V50-R03"], "interrow_cover": "bare_soil", "area_m2": 19.22}, "geometry": {"type": "Polygon", "coordinates": [[[630139.8856679099, 5219283.686370315], [630147.5914286044, 5219276.372098315], [630148.6776808325, 5219277.398824948], [630141.432015448, 5219285.147979471], [630139.8856679099, 5219283.686370315]]]}}, {"type": "Feature", "properties": {"interrow_id": "V50-I002", "vineyard_id": "V50", "between_rows": ["V50-R02", "V50-R03"], "interrow_cover": "bare_soil", "area_m2": 6.04}, "geometry": {"type": "Polygon", "coordinates": [[[630133.3402690804, 5219292.497935981], [630138.7284275246, 5219287.037504178], [630139.2257404473, 5219287.507564822], [630133.9875509047, 5219293.109747373], [630133.3402690804, 5219292.497935981]]]}}, {"type": "Feature", "properties": {"interrow_id": "V50-I003", "vineyard_id": "V50", "between_rows": ["V50-R03", "V50-R04"], "interrow_cover": "bare_soil", "area_m2": 8.39}, "geometry": {"type": "Polygon", "coordinates": [[[630143.147188369, 5219284.1921136], [630148.6649196448, 5219278.290964429], [630149.5290584639, 5219279.107749259], [630143.7930198064, 5219284.802554085], [630143.147188369, 5219284.1921136]]]}}, {"type": "Feature", "properties": {"interrow_id": "V51-I001", "vineyard_id": "V51", "between_rows": ["V51-R02", "V51-R04"], "interrow_cover": "mixed", "area_m2": 13.81}, "geometry": {"type": "Polygon", "coordinates": [[[630225.8246174442, 5219419.546061121], [630229.2588599242, 5219424.369116693], [630231.20779395, 5219422.939233969], [630227.6384130436, 5219418.215325981], [630225.8246174442, 5219419.546061121]]]}}, {"type": "Feature", "properties": {"interrow_id": "V51-I002", "vineyard_id": "V51", "between_rows": ["V51-R03", "V51-R05"], "interrow_cover": "mixed", "area_m2": 32.33}, "geometry": {"type": "Polygon", "coordinates": [[[630229.8048941322, 5219421.524574913], [630234.8962702034, 5219429.429099648], [630238.0336194871, 5219427.127307243], [630232.2222735848, 5219419.751005839], [630229.8048941322, 5219421.524574913]]]}}, {"type": "Feature", "properties": {"interrow_id": "V51-I003", "vineyard_id": "V51", "between_rows": ["V51-R04", "V51-R05"], "interrow_cover": "mixed", "area_m2": 38.78}, "geometry": {"type": "Polygon", "coordinates": [[[630226.1712826113, 5219415.278482944], [630236.9594111965, 5219429.556064443], [630238.8527233048, 5219428.166990088], [630227.7728855027, 5219414.103428133], [630226.1712826113, 5219415.278482944]]]}}, {"type": "Feature", "properties": {"interrow_id": "V51-I004", "vineyard_id": "V51", "between_rows": ["V51-R05", "V51-R06"], "interrow_cover": "mixed", "area_m2": 32.55}, "geometry": {"type": "Polygon", "coordinates": [[[630228.2566498382, 5219413.748502693], [630241.2948983778, 5219430.297861935], [630241.949804549, 5219429.817374135], [630230.0947830648, 5219412.3999116635], [630228.2566498382, 5219413.748502693]]]}}, {"type": "Feature", "properties": {"interrow_id": "V52-I001", "vineyard_id": "V52", "between_rows": ["V52-R01", "V52-R02"], "interrow_cover": "bare_soil", "area_m2": 48.23}, "geometry": {"type": "Polygon", "coordinates": [[[629992.9954730871, 5219832.649054284], [630007.5402329669, 5219813.105133734], [630009.5288958985, 5219814.64470036], [629994.1384877651, 5219833.533943937], [629992.9954730871, 5219832.649054284]]]}}, {"type": "Feature", "properties": {"interrow_id": "V52-I002", "vineyard_id": "V52", "between_rows": ["V52-R02", "V52-R03"], "interrow_cover": "mixed", "area_m2": 58.66}, "geometry": {"type": "Polygon", "coordinates": [[[629994.6129269999, 5219833.901241382], [630011.9389059116, 5219812.636396873], [630013.3100332989, 5219813.697884937], [629996.624725449, 5219835.458718872], [629994.6129269999, 5219833.901241382]]]}}, {"type": "Feature", "properties": {"interrow_id": "V53-I001", "vineyard_id": "V53", "between_rows": ["V53-R01", "V53-R02"], "interrow_cover": "bare_soil", "area_m2": 17.15}, "geometry": {"type": "Polygon", "coordinates": [[[630105.758017907, 5219390.422494513], [630112.6851634929, 5219399.035064451], [630113.8478595552, 5219398.123045212], [630107.0372446985, 5219389.419068525], [630105.758017907, 5219390.422494513]]]}}, {"type": "Feature", "properties": {"interrow_id": "V53-I002", "vineyard_id": "V53", "between_rows": ["V53-R01", "V53-R03"], "interrow_cover": "mixed", "area_m2": 67.77}, "geometry": {"type": "Polygon", "coordinates": [[[630115.4059480235, 5219402.417835429], [630130.3774511451, 5219421.032012958], [630132.0872634328, 5219419.69083554], [630118.1606272971, 5219400.257063946], [630115.4059480235, 5219402.417835429]]]}}, {"type": "Feature", "properties": {"interrow_id": "V53-I003", "vineyard_id": "V53", "between_rows": ["V53-R02", "V53-R04"], "interrow_cover": "mixed", "area_m2": 38.38}, "geometry": {"type": "Polygon", "coordinates": [[[630106.3766211489, 5219387.601146716], [630114.2168791961, 5219397.621009046], [630116.885708941, 5219395.5275779655], [630108.4548126409, 5219385.9710125085], [630106.3766211489, 5219387.601146716]]]}}, {"type": "Feature", "properties": {"interrow_id": "V54-I001", "vineyard_id": "V54", "between_rows": ["V54-R01", "V54-R02"], "interrow_cover": "mixed", "area_m2": 18.5}, "geometry": {"type": "Polygon", "coordinates": [[[630127.1805768367, 5219396.372833945], [630130.1731087028, 5219400.207714306], [630133.1906284397, 5219397.821965802], [630130.1301056958, 5219394.040841224], [630127.1805768367, 5219396.372833945]]]}}, {"type": "Feature", "properties": {"interrow_id": "V54-I002", "vineyard_id": "V54", "between_rows": ["V54-R02", "V54-R03"], "interrow_cover": "mixed", "area_m2": 10.08}, "geometry": {"type": "Polygon", "coordinates": [[[630137.3579446966, 5219402.016874134], [630143.0608028842, 5219409.062473552], [630143.8537161323, 5219408.435570745], [630138.3099657067, 5219401.264175594], [630137.3579446966, 5219402.016874134]]]}}, {"type": "Feature", "properties": {"interrow_id": "V55-I001", "vineyard_id": "V55", "between_rows": ["V55-R01", "V55-R02"], "interrow_cover": "mixed", "area_m2": 59.95}, "geometry": {"type": "Polygon", "coordinates": [[[630119.0894442983, 5219440.82620693], [630129.712949607, 5219460.019572809], [630132.0014790767, 5219458.735420098], [630121.5674902401, 5219439.435711654], [630119.0894442983, 5219440.82620693]]]}}, {"type": "Feature", "properties": {"interrow_id": "V55-I002", "vineyard_id": "V55", "between_rows": ["V55-R02", "V55-R03"], "interrow_cover": "mixed", "area_m2": 32.38}, "geometry": {"type": "Polygon", "coordinates": [[[630122.0907425496, 5219439.142101333], [630131.7026850844, 5219456.921273939], [630133.3951090361, 5219455.971611356], [630123.1928715341, 5219438.52366843], [630122.0907425496, 5219439.142101333]]]}}, {"type": "Feature", "properties": {"interrow_id": "V56-I001", "vineyard_id": "V56", "between_rows": ["V56-R02", "V56-R03"], "interrow_cover": "mixed", "area_m2": 1.8}, "geometry": {"type": "Polygon", "coordinates": [[[630062.7571932763, 5219763.105698664], [630064.5448526465, 5219765.846214312], [630065.1406440104, 5219765.448707897], [630063.075119236, 5219762.893581443], [630062.7571932763, 5219763.105698664]]]}}, {"type": "Feature", "properties": {"interrow_id": "V56-I002", "vineyard_id": "V56", "between_rows": ["V56-R03", "V56-R04"], "interrow_cover": "mixed", "area_m2": 1.74}, "geometry": {"type": "Polygon", "coordinates": [[[630063.5228676883, 5219762.594847871], [630065.6056152309, 5219765.171279492], [630065.9409732465, 5219764.947531766], [630064.0647861584, 5219762.2332849465], [630063.5228676883, 5219762.594847871]]]}}, {"type": "Feature", "properties": {"interrow_id": "V57-I001", "vineyard_id": "V57", "between_rows": ["V57-R01", "V57-R03"], "interrow_cover": "mixed", "area_m2": 27.83}, "geometry": {"type": "Polygon", "coordinates": [[[630176.5596380117, 5219470.827748438], [630180.7485970453, 5219476.882337688], [630183.7283532503, 5219474.9895323375], [630179.9657575241, 5219468.664107928], [630176.5596380117, 5219470.827748438]]]}}, {"type": "Feature", "properties": {"interrow_id": "V57-I002", "vineyard_id": "V57", "between_rows": ["V57-R02", "V57-R03"], "interrow_cover": "mixed", "area_m2": 6.57}, "geometry": {"type": "Polygon", "coordinates": [[[630180.2275974727, 5219473.240576863], [630182.2059867833, 5219475.956572322], [630183.7283532503, 5219474.9895323375], [630182.0132830234, 5219472.106270922], [630180.2275974727, 5219473.240576863]]]}}, {"type": "Feature", "properties": {"interrow_id": "V57-I003", "vineyard_id": "V57", "between_rows": ["V57-R04", "V57-R05"], "interrow_cover": "mixed", "area_m2": 18.99}, "geometry": {"type": "Polygon", "coordinates": [[[630190.320684693, 5219465.902048081], [630192.8615179218, 5219470.129188952], [630196.1536655789, 5219468.03794582], [630193.5312303051, 5219463.862640327], [630190.320684693, 5219465.902048081]]]}}, {"type": "Feature", "properties": {"interrow_id": "V58-I001", "vineyard_id": "V58", "between_rows": ["V58-R01", "V58-R02"], "interrow_cover": "mixed", "area_m2": 8.67}, "geometry": {"type": "Polygon", "coordinates": [[[630023.8697778077, 5219528.234407405], [630027.6971453861, 5219532.504207673], [630028.7704235227, 5219531.660951238], [630025.1787199925, 5219527.205993724], [630023.8697778077, 5219528.234407405]]]}}, {"type": "Feature", "properties": {"interrow_id": "V58-I002", "vineyard_id": "V58", "between_rows": ["V58-R02", "V58-R03"], "interrow_cover": "mixed", "area_m2": 10.85}, "geometry": {"type": "Polygon", "coordinates": [[[630030.0006065089, 5219532.230927509], [630033.1321420054, 5219536.115117135], [630034.4997601884, 5219535.040602717], [630032.0526847461, 5219530.618644431], [630030.0006065089, 5219532.230927509]]]}}, {"type": "Feature", "properties": {"interrow_id": "V59-I001", "vineyard_id": "V59", "between_rows": ["V59-R01", "V59-R02"], "interrow_cover": "bare_soil", "area_m2": 25.15}, "geometry": {"type": "Polygon", "coordinates": [[[629692.9597498078, 5220298.023179679], [629699.1096338058, 5220290.23934043], [629701.1421757751, 5220291.9324406115], [629694.8249967652, 5220299.576923714], [629692.9597498078, 5220298.023179679]]]}}, {"type": "Feature", "properties": {"interrow_id": "V59-I002", "vineyard_id": "V59", "between_rows": ["V59-R02", "V59-R03"], "interrow_cover": "bare_soil", "area_m2": 14.04}, "geometry": {"type": "Polygon", "coordinates": [[[629701.0954298708, 5220292.930899173], [629705.4142378323, 5220287.704665369], [629707.1385404093, 5220289.141003241], [629702.5530975885, 5220294.145131161], [629701.0954298708, 5220292.930899173]]]}}, {"type": "Feature", "properties": {"interrow_id": "V60-I001", "vineyard_id": "V60", "between_rows": ["V60-R01", "V60-R02"], "interrow_cover": "mixed", "area_m2": 2.07}, "geometry": {"type": "Polygon", "coordinates": [[[630366.316704607, 5219373.257667127], [630368.3313688969, 5219376.241368617], [630368.6746577823, 5219376.032578405], [630366.9581000523, 5219372.867566844], [630366.316704607, 5219373.257667127]]]}}, {"type": "Feature", "properties": {"interrow_id": "V60-I002", "vineyard_id": "V60", "between_rows": ["V60-R02", "V60-R03"], "interrow_cover": "bare_soil", "area_m2": 4.41}, "geometry": {"type": "Polygon", "coordinates": [[[630367.4605864759, 5219372.561951802], [630369.1771442059, 5219375.726963363], [630370.2200183143, 5219375.092681521], [630368.5114142502, 5219371.9228324955], [630367.4605864759, 5219372.561951802]]]}}]}