{"type": "FeatureCollection", "name": "siret3_rows", "crs": {"type": "name", "properties": {"name": "urn:ogc:def:crs:EPSG::32635"}}, "features": [{"type": "Feature", "properties": {"row_id": "V35-R69", "vineyard_id": "V35", "length_m": 4.34, "row_structure": "regular", "gap_count": 0, "max_gap_m": 1.21, "vine_count": 4, "canopy_count": 4, "canopy_area_m2": 1.44, "tile_count": 1, "tiles": ["siret3_r005_c004.tif"]}, "geometry": {"type": "LineString", "coordinates": [[629247.893, 5220949.232], [629246.478, 5220953.333]]}}, {"type": "Feature", "properties": {"row_id": "V35-R68", "vineyard_id": "V35", "length_m": 9.18, "row_structure": "regular", "gap_count": 0, "max_gap_m": 2.49, "vine_count": 7, "canopy_count": 7, "canopy_area_m2": 2.4, "tile_count": 1, "tiles": ["siret3_r005_c004.tif"]}, "geometry": {"type": "LineString", "coordinates": [[629247.737, 5220943.023], [629244.473, 5220951.604]]}}, {"type": "Feature", "properties": {"row_id": "V35-R67", "vineyard_id": "V35", "length_m": 16.87, "row_structure": "regular", "gap_count": 0, "max_gap_m": 3.03, "vine_count": 11, "canopy_count": 11, "canopy_area_m2": 4.31, "tile_count": 1, "tiles": ["siret3_r005_c004.tif"]}, "geometry": {"type": "LineString", "coordinates": [[629241.6, 5220951.515], [629248.042, 5220935.92]]}}, {"type": "Feature", "properties": {"row_id": "V35-R66", "vineyard_id": "V35", "length_m": 25.59, "row_structure": "disrupted", "gap_count": 2, "max_gap_m": 6.11, "vine_count": 14, "canopy_count": 14, "canopy_area_m2": 4.17, "tile_count": 1, "tiles": ["siret3_r005_c004.tif"]}, "geometry": {"type": "LineString", "coordinates": [[629248.055, 5220928.995], [629238.308, 5220952.661]]}}, {"type": "Feature", "properties": {"row_id": "V35-R65", "vineyard_id": "V35", "length_m": 30.97, "row_structure": "regular", "gap_count": 0, "max_gap_m": 3.19, "vine_count": 27, "canopy_count": 27, "canopy_area_m2": 7.28, "tile_count": 1, "tiles": ["siret3_r005_c004.tif"]}, "geometry": {"type": "LineString", "coordinates": [[629247.94, 5220922.997], [629236.015, 5220951.582]]}}, {"type": "Feature", "properties": {"row_id": "V35-R64", "vineyard_id": "V35", "length_m": 32.58, "row_structure": "disrupted", "gap_count": 2, "max_gap_m": 10.55, "vine_count": 13, "canopy_count": 13, "canopy_area_m2": 4.08, "tile_count": 1, "tiles": ["siret3_r005_c004.tif"]}, "geometry": {"type": "LineString", "coordinates": [[629235.621, 5220946.595], [629248.127, 5220916.513]]}}, {"type": "Feature", "properties": {"row_id": "V35-R63", "vineyard_id": "V35", "length_m": 36.16, "row_structure": "disrupted", "gap_count": 1, "max_gap_m": 7.64, "vine_count": 24, "canopy_count": 24, "canopy_area_m2": 9.12, "tile_count": 2, "tiles": ["siret3_r005_c004.tif", "siret3_r006_c004.tif"]}, "geometry": {"type": "LineString", "coordinates": [[629233.557, 5220945.41], [629247.292, 5220911.965]]}}, {"type": "Feature", "properties": {"row_id": "V35-R62", "vineyard_id": "V35", "length_m": 40.5, "row_structure": "regular", "gap_count": 0, "max_gap_m": 3.17, "vine_count": 24, "canopy_count": 24, "canopy_area_m2": 10.56, "tile_count": 2, "tiles": ["siret3_r005_c004.tif", "siret3_r006_c004.tif"]}, "geometry": {"type": "LineString", "coordinates": [[629247.436, 5220905.545], [629231.668, 5220942.851]]}}, {"type": "Feature", "properties": {"row_id": "V35-R61", "vineyard_id": "V35", "length_m": 46.52, "row_structure": "regular", "gap_count": 0, "max_gap_m": 4.81, "vine_count": 31, "canopy_count": 31, "canopy_area_m2": 11.64, "tile_count": 2, "tiles": ["siret3_r005_c004.tif", "siret3_r006_c004.tif"]}, "geometry": {"type": "LineString", "coordinates": [[629228.913, 5220942.631], [629247.146, 5220899.833]]}}, {"type": "Feature", "properties": {"row_id": "V35-R60", "vineyard_id": "V35", "length_m": 54.76, "row_structure": "regular", "gap_count": 0, "max_gap_m": 4.2, "vine_count": 34, "canopy_count": 34, "canopy_area_m2": 12.62, "tile_count": 2, "tiles": ["siret3_r005_c004.tif", "siret3_r006_c004.tif"]}, "geometry": {"type": "LineString", "coordinates": [[629226.621, 5220940.969], [629248.067, 5220890.582]]}}, {"type": "Feature", "properties": {"row_id": "V35-R59", "vineyard_id": "V35", "length_m": 60.97, "row_structure": "disrupted", "gap_count": 1, "max_gap_m": 6.87, "vine_count": 38, "canopy_count": 38, "canopy_area_m2": 14.71, "tile_count": 2, "tiles": ["siret3_r005_c004.tif", "siret3_r006_c004.tif"]}, "geometry": {"type": "LineString", "coordinates": [[629224.083, 5220940.318], [629248.057, 5220884.254]]}}, {"type": "Feature", "properties": {"row_id": "V35-R58", "vineyard_id": "V35", "length_m": 65.46, "row_structure": "disrupted", "gap_count": 2, "max_gap_m": 6.75, "vine_count": 30, "canopy_count": 30, "canopy_area_m2": 14.48, "tile_count": 2, "tiles": ["siret3_r005_c004.tif", "siret3_r006_c004.tif"]}, "geometry": {"type": "LineString", "coordinates": [[629222.251, 5220938.635], [629247.66, 5220878.31]]}}, {"type": "Feature", "properties": {"row_id": "V35-R57", "vineyard_id": "V35", "length_m": 62.06, "row_structure": "disrupted", "gap_count": 3, "max_gap_m": 10.79, "vine_count": 25, "canopy_count": 25, "canopy_area_m2": 9.38, "tile_count": 2, "tiles": ["siret3_r005_c004.tif", "siret3_r006_c004.tif"]}, "geometry": {"type": "LineString", "coordinates": [[629222.354, 5220931.542], [629246.651, 5220874.436]]}}, {"type": "Feature", "properties": {"row_id": "V35-R56", "vineyard_id": "V35", "length_m": 63.54, "row_structure": "disrupted", "gap_count": 4, "max_gap_m": 10.21, "vine_count": 18, "canopy_count": 18, "canopy_area_m2": 5.81, "tile_count": 2, "tiles": ["siret3_r005_c004.tif", "siret3_r006_c004.tif"]}, "geometry": {"type": "LineString", "coordinates": [[629218.679, 5220933.638], [629243.437, 5220875.115]]}}, {"type": "Feature", "properties": {"row_id": "V35-R55", "vineyard_id": "V35", "length_m": 56.47, "row_structure": "disrupted", "gap_count": 3, "max_gap_m": 7.21, "vine_count": 19, "canopy_count": 19, "canopy_area_m2": 5.54, "tile_count": 2, "tiles": ["siret3_r005_c004.tif", "siret3_r006_c004.tif"]}, "geometry": {"type": "LineString", "coordinates": [[629217.145, 5220931.108], [629239.046, 5220879.061]]}}, {"type": "Feature", "properties": {"row_id": "V35-R54", "vineyard_id": "V35", "length_m": 59.47, "row_structure": "disrupted", "gap_count": 1, "max_gap_m": 11.54, "vine_count": 39, "canopy_count": 39, "canopy_area_m2": 14.02, "tile_count": 2, "tiles": ["siret3_r005_c004.tif", "siret3_r006_c004.tif"]}, "geometry": {"type": "LineString", "coordinates": [[629216.753, 5220925.927], [629239.598, 5220871.015]]}}, {"type": "Feature", "properties": {"row_id": "V35-R53", "vineyard_id": "V35", "length_m": 58.9, "row_structure": "disrupted", "gap_count": 2, "max_gap_m": 11.06, "vine_count": 32, "canopy_count": 32, "canopy_area_m2": 10.85, "tile_count": 2, "tiles": ["siret3_r005_c004.tif", "siret3_r006_c004.tif"]}, "geometry": {"type": "LineString", "coordinates": [[629215.983, 5220920.434], [629238.81, 5220866.135]]}}, {"type": "Feature", "properties": {"row_id": "V35-R52", "vineyard_id": "V35", "length_m": 68.75, "row_structure": "disrupted", "gap_count": 1, "max_gap_m": 6.07, "vine_count": 46, "canopy_count": 46, "canopy_area_m2": 16.77, "tile_count": 2, "tiles": ["siret3_r005_c004.tif", "siret3_r006_c004.tif"]}, "geometry": {"type": "LineString", "coordinates": [[629210.479, 5220927.178], [629237.074, 5220863.784]]}}, {"type": "Feature", "properties": {"row_id": "V35-R51", "vineyard_id": "V35", "length_m": 71.15, "row_structure": "disrupted", "gap_count": 1, "max_gap_m": 5.73, "vine_count": 43, "canopy_count": 45, "canopy_area_m2": 19.42, "tile_count": 2, "tiles": ["siret3_r005_c004.tif", "siret3_r006_c004.tif"]}, "geometry": {"type": "LineString", "coordinates": [[629206.222, 5220930.618], [629233.793, 5220865.023]]}}, {"type": "Feature", "properties": {"row_id": "V35-R50", "vineyard_id": "V35", "length_m": 68.02, "row_structure": "disrupted", "gap_count": 2, "max_gap_m": 6.38, "vine_count": 39, "canopy_count": 39, "canopy_area_m2": 16.7, "tile_count": 2, "tiles": ["siret3_r005_c004.tif", "siret3_r006_c004.tif"]}, "geometry": {"type": "LineString", "coordinates": [[629204.708, 5220927.654], [629231.053, 5220864.94]]}}, {"type": "Feature", "properties": {"row_id": "V35-R49", "vineyard_id": "V35", "length_m": 73.92, "row_structure": "regular", "gap_count": 0, "max_gap_m": 4.94, "vine_count": 45, "canopy_count": 46, "canopy_area_m2": 18.4, "tile_count": 2, "tiles": ["siret3_r005_c004.tif", "siret3_r006_c004.tif"]}, "geometry": {"type": "LineString", "coordinates": [[629199.901, 5220931.845], [629228.851, 5220863.828]]}}, {"type": "Feature", "properties": {"row_id": "V35-R48", "vineyard_id": "V35", "length_m": 59.08, "row_structure": "disrupted", "gap_count": 2, "max_gap_m": 14.6, "vine_count": 24, "canopy_count": 24, "canopy_area_m2": 10.97, "tile_count": 2, "tiles": ["siret3_r005_c004.tif", "siret3_r006_c004.tif"]}, "geometry": {"type": "LineString", "coordinates": [[629202.641, 5220918.494], [629225.923, 5220864.197]]}}, {"type": "Feature", "properties": {"row_id": "V35-R46", "vineyard_id": "V35", "length_m": 63.12, "row_structure": "disrupted", "gap_count": 2, "max_gap_m": 29.21, "vine_count": 28, "canopy_count": 28, "canopy_area_m2": 11.58, "tile_count": 3, "tiles": ["siret3_r005_c004.tif", "siret3_r006_c004.tif", "siret3_r007_c004.tif"]}, "geometry": {"type": "LineString", "coordinates": [[629197.153, 5220919.108], [629203.451, 5220904.641], [629209.021, 5220889.868], [629215.51, 5220875.482], [629221.723, 5220860.98]]}}, {"type": "Feature", "properties": {"row_id": "V02-R50", "vineyard_id": "V02", "length_m": 94.58, "row_structure": "disrupted", "gap_count": 3, "max_gap_m": 7.53, "vine_count": 48, "canopy_count": 48, "canopy_area_m2": 18.43, "tile_count": 3, "tiles": ["siret3_r007_c004.tif", "siret3_r008_c004.tif", "siret3_r008_c005.tif"]}, "geometry": {"type": "LineString", "coordinates": [[629226.649, 5220849.423], [629262.378, 5220761.856]]}}, {"type": "Feature", "properties": {"row_id": "V35-R22", "vineyard_id": "V35", "length_m": 54.38, "row_structure": "disrupted", "gap_count": 1, "max_gap_m": 15.1, "vine_count": 31, "canopy_count": 31, "canopy_area_m2": 14.6, "tile_count": 3, "tiles": ["siret3_r006_c002.tif", "siret3_r006_c003.tif", "siret3_r007_c003.tif"]}, "geometry": {"type": "LineString", "coordinates": [[629144.611, 5220886.48], [629151.827, 5220869.853], [629158.881, 5220853.157], [629165.835, 5220836.419]]}}, {"type": "Feature", "properties": {"row_id": "V02-R25", "vineyard_id": "V02", "length_m": 127.84, "row_structure": "disrupted", "gap_count": 1, "max_gap_m": 9.04, "vine_count": 82, "canopy_count": 84, "canopy_area_m2": 30.57, "tile_count": 3, "tiles": ["siret3_r007_c003.tif", "siret3_r008_c003.tif", "siret3_r009_c004.tif"]}, "geometry": {"type": "LineString", "coordinates": [[629169.334, 5220828.501], [629217.731, 5220710.172]]}}, {"type": "Feature", "properties": {"row_id": "V35-R21", "vineyard_id": "V35", "length_m": 49.75, "row_structure": "disrupted", "gap_count": 4, "max_gap_m": 17.28, "vine_count": 14, "canopy_count": 15, "canopy_area_m2": 5.32, "tile_count": 3, "tiles": ["siret3_r006_c002.tif", "siret3_r006_c003.tif", "siret3_r007_c003.tif"]}, "geometry": {"type": "LineString", "coordinates": [[629143.995, 5220881.84], [629163.279, 5220835.977]]}}, {"type": "Feature", "properties": {"row_id": "V02-R24", "vineyard_id": "V02", "length_m": 119.26, "row_structure": "disrupted", "gap_count": 1, "max_gap_m": 7.29, "vine_count": 73, "canopy_count": 73, "canopy_area_m2": 25.17, "tile_count": 4, "tiles": ["siret3_r007_c003.tif", "siret3_r008_c003.tif", "siret3_r009_c003.tif", "siret3_r009_c004.tif"]}, "geometry": {"type": "LineString", "coordinates": [[629165.353, 5220830.429], [629173.147, 5220812.142], [629180.695, 5220793.753], [629188.114, 5220775.313], [629210.579, 5220720.076]]}}, {"type": "Feature", "properties": {"row_id": "V35-R20", "vineyard_id": "V35", "length_m": 33.9, "row_structure": "disrupted", "gap_count": 2, "max_gap_m": 11.35, "vine_count": 16, "canopy_count": 17, "canopy_area_m2": 6.86, "tile_count": 3, "tiles": ["siret3_r006_c002.tif", "siret3_r006_c003.tif", "siret3_r007_c003.tif"]}, "geometry": {"type": "LineString", "coordinates": [[629141.341, 5220881.046], [629154.622, 5220849.861]]}}, {"type": "Feature", "properties": {"row_id": "V02-R23", "vineyard_id": "V02", "length_m": 118.82, "row_structure": "regular", "gap_count": 0, "max_gap_m": 4.47, "vine_count": 66, "canopy_count": 66, "canopy_area_m2": 24.13, "tile_count": 4, "tiles": ["siret3_r007_c003.tif", "siret3_r008_c003.tif", "siret3_r009_c003.tif", "siret3_r009_c004.tif"]}, "geometry": {"type": "LineString", "coordinates": [[629163.463, 5220829.348], [629208.2, 5220719.274]]}}, {"type": "Feature", "properties": {"row_id": "V35-R19", "vineyard_id": "V35", "length_m": 42.98, "row_structure": "disrupted", "gap_count": 1, "max_gap_m": 12.13, "vine_count": 19, "canopy_count": 20, "canopy_area_m2": 8.74, "tile_count": 2, "tiles": ["siret3_r006_c002.tif", "siret3_r007_c003.tif"]}, "geometry": {"type": "LineString", "coordinates": [[629142.3, 5220872.934], [629159.149, 5220833.398]]}}, {"type": "Feature", "properties": {"row_id": "V02-R22", "vineyard_id": "V02", "length_m": 118.21, "row_structure": "disrupted", "gap_count": 3, "max_gap_m": 6.21, "vine_count": 66, "canopy_count": 66, "canopy_area_m2": 24.66, "tile_count": 4, "tiles": ["siret3_r007_c003.tif", "siret3_r008_c003.tif", "siret3_r009_c003.tif", "siret3_r009_c004.tif"]}, "geometry": {"type": "LineString", "coordinates": [[629161.465, 5220827.611], [629206.041, 5220718.132]]}}, {"type": "Feature", "properties": {"row_id": "V35-R18", "vineyard_id": "V35", "length_m": 18.84, "row_structure": "disrupted", "gap_count": 1, "max_gap_m": 7.89, "vine_count": 12, "canopy_count": 12, "canopy_area_m2": 4.62, "tile_count": 3, "tiles": ["siret3_r006_c002.tif", "siret3_r007_c002.tif", "siret3_r007_c003.tif"]}, "geometry": {"type": "LineString", "coordinates": [[629140.057, 5220871.463], [629147.25, 5220854.048]]}}, {"type": "Feature", "properties": {"row_id": "V02-R21", "vineyard_id": "V02", "length_m": 115.44, "row_structure": "disrupted", "gap_count": 2, "max_gap_m": 14.27, "vine_count": 82, "canopy_count": 82, "canopy_area_m2": 39.18, "tile_count": 4, "tiles": ["siret3_r007_c003.tif", "siret3_r008_c003.tif", "siret3_r009_c003.tif", "siret3_r009_c004.tif"]}, "geometry": {"type": "LineString", "coordinates": [[629160.532, 5220823.182], [629204.24, 5220716.336]]}}, {"type": "Feature", "properties": {"row_id": "V35-R16", "vineyard_id": "V35", "length_m": 48.64, "row_structure": "disrupted", "gap_count": 1, "max_gap_m": 11.51, "vine_count": 24, "canopy_count": 24, "canopy_area_m2": 11.19, "tile_count": 3, "tiles": ["siret3_r006_c002.tif", "siret3_r007_c002.tif", "siret3_r007_c003.tif"]}, "geometry": {"type": "LineString", "coordinates": [[629132.927, 5220875.628], [629151.88, 5220830.831]]}}, {"type": "Feature", "properties": {"row_id": "V02-R19", "vineyard_id": "V02", "length_m": 114.42, "row_structure": "disrupted", "gap_count": 1, "max_gap_m": 5.74, "vine_count": 71, "canopy_count": 71, "canopy_area_m2": 31.89, "tile_count": 4, "tiles": ["siret3_r007_c003.tif", "siret3_r008_c003.tif", "siret3_r009_c003.tif", "siret3_r009_c004.tif"]}, "geometry": {"type": "LineString", "coordinates": [[629155.597, 5220821.509], [629199.075, 5220715.67]]}}, {"type": "Feature", "properties": {"row_id": "V35-R15", "vineyard_id": "V35", "length_m": 47.57, "row_structure": "disrupted", "gap_count": 2, "max_gap_m": 6.16, "vine_count": 24, "canopy_count": 25, "canopy_area_m2": 9.72, "tile_count": 3, "tiles": ["siret3_r006_c002.tif", "siret3_r007_c002.tif", "siret3_r007_c003.tif"]}, "geometry": {"type": "LineString", "coordinates": [[629130.332, 5220875.511], [629148.682, 5220831.625]]}}, {"type": "Feature", "properties": {"row_id": "V02-R18", "vineyard_id": "V02", "length_m": 109.65, "row_structure": "disrupted", "gap_count": 3, "max_gap_m": 11.33, "vine_count": 74, "canopy_count": 74, "canopy_area_m2": 32.31, "tile_count": 3, "tiles": ["siret3_r007_c003.tif", "siret3_r008_c003.tif", "siret3_r009_c003.tif"]}, "geometry": {"type": "LineString", "coordinates": [[629154.817, 5220816.383], [629196.629, 5220715.014]]}}, {"type": "Feature", "properties": {"row_id": "V35-R14", "vineyard_id": "V35", "length_m": 48.48, "row_structure": "disrupted", "gap_count": 1, "max_gap_m": 12.73, "vine_count": 26, "canopy_count": 27, "canopy_area_m2": 13.09, "tile_count": 3, "tiles": ["siret3_r006_c002.tif", "siret3_r007_c002.tif", "siret3_r007_c003.tif"]}, "geometry": {"type": "LineString", "coordinates": [[629127.34, 5220875.996], [629146.104, 5220831.295]]}}, {"type": "Feature", "properties": {"row_id": "V02-R17", "vineyard_id": "V02", "length_m": 115.92, "row_structure": "disrupted", "gap_count": 1, "max_gap_m": 15.32, "vine_count": 71, "canopy_count": 71, "canopy_area_m2": 32.38, "tile_count": 3, "tiles": ["siret3_r007_c003.tif", "siret3_r008_c003.tif", "siret3_r009_c003.tif"]}, "geometry": {"type": "LineString", "coordinates": [[629149.617, 5220822.108], [629193.898, 5220714.984]]}}, {"type": "Feature", "properties": {"row_id": "V35-R13", "vineyard_id": "V35", "length_m": 42.75, "row_structure": "disrupted", "gap_count": 1, "max_gap_m": 15.07, "vine_count": 18, "canopy_count": 18, "canopy_area_m2": 5.69, "tile_count": 2, "tiles": ["siret3_r006_c002.tif", "siret3_r007_c002.tif"]}, "geometry": {"type": "LineString", "coordinates": [[629126.211, 5220871.59], [629142.885, 5220832.223]]}}, {"type": "Feature", "properties": {"row_id": "V35-R12", "vineyard_id": "V35", "length_m": 29.35, "row_structure": "regular", "gap_count": 0, "max_gap_m": 4.97, "vine_count": 14, "canopy_count": 14, "canopy_area_m2": 7.68, "tile_count": 2, "tiles": ["siret3_r006_c002.tif", "siret3_r007_c002.tif"]}, "geometry": {"type": "LineString", "coordinates": [[629122.209, 5220875.21], [629133.428, 5220848.084]]}}, {"type": "Feature", "properties": {"row_id": "V02-R15", "vineyard_id": "V02", "length_m": 122.28, "row_structure": "disrupted", "gap_count": 2, "max_gap_m": 13.29, "vine_count": 74, "canopy_count": 74, "canopy_area_m2": 38.34, "tile_count": 4, "tiles": ["siret3_r007_c002.tif", "siret3_r007_c003.tif", "siret3_r008_c003.tif", "siret3_r009_c003.tif"]}, "geometry": {"type": "LineString", "coordinates": [[629143.686, 5220823.321], [629157.023, 5220791.031], [629170.546, 5220758.817], [629190.251, 5220710.257]]}}, {"type": "Feature", "properties": {"row_id": "V35-R11", "vineyard_id": "V35", "length_m": 43.65, "row_structure": "disrupted", "gap_count": 1, "max_gap_m": 14.3, "vine_count": 19, "canopy_count": 19, "canopy_area_m2": 9.0, "tile_count": 2, "tiles": ["siret3_r006_c002.tif", "siret3_r007_c002.tif"]}, "geometry": {"type": "LineString", "coordinates": [[629120.085, 5220873.664], [629136.709, 5220833.306]]}}, {"type": "Feature", "properties": {"row_id": "V02-R14", "vineyard_id": "V02", "length_m": 120.6, "row_structure": "disrupted", "gap_count": 2, "max_gap_m": 7.75, "vine_count": 80, "canopy_count": 80, "canopy_area_m2": 34.93, "tile_count": 4, "tiles": ["siret3_r007_c002.tif", "siret3_r008_c003.tif", "siret3_r009_c003.tif", "siret3_r010_c003.tif"]}, "geometry": {"type": "LineString", "coordinates": [[629142.912, 5220818.459], [629188.898, 5220706.971]]}}, {"type": "Feature", "properties": {"row_id": "V35-R10", "vineyard_id": "V35", "length_m": 37.12, "row_structure": "disrupted", "gap_count": 1, "max_gap_m": 5.6, "vine_count": 20, "canopy_count": 20, "canopy_area_m2": 8.18, "tile_count": 2, "tiles": ["siret3_r006_c002.tif", "siret3_r007_c002.tif"]}, "geometry": {"type": "LineString", "coordinates": [[629118.052, 5220871.379], [629132.522, 5220837.19]]}}, {"type": "Feature", "properties": {"row_id": "V02-R13", "vineyard_id": "V02", "length_m": 122.54, "row_structure": "disrupted", "gap_count": 2, "max_gap_m": 6.35, "vine_count": 78, "canopy_count": 80, "canopy_area_m2": 36.21, "tile_count": 5, "tiles": ["siret3_r007_c002.tif", "siret3_r008_c002.tif", "siret3_r008_c003.tif", "siret3_r009_c003.tif", "siret3_r010_c003.tif"]}, "geometry": {"type": "LineString", "coordinates": [[629139.353, 5220820.367], [629186.007, 5220707.056]]}}, {"type": "Feature", "properties": {"row_id": "V35-R09", "vineyard_id": "V35", "length_m": 50.31, "row_structure": "disrupted", "gap_count": 2, "max_gap_m": 7.1, "vine_count": 23, "canopy_count": 23, "canopy_area_m2": 8.08, "tile_count": 2, "tiles": ["siret3_r006_c002.tif", "siret3_r007_c002.tif"]}, "geometry": {"type": "LineString", "coordinates": [[629115.205, 5220871.732], [629134.648, 5220825.332]]}}, {"type": "Feature", "properties": {"row_id": "V02-R12", "vineyard_id": "V02", "length_m": 123.33, "row_structure": "disrupted", "gap_count": 4, "max_gap_m": 10.22, "vine_count": 70, "canopy_count": 71, "canopy_area_m2": 34.61, "tile_count": 5, "tiles": ["siret3_r007_c002.tif", "siret3_r008_c002.tif", "siret3_r008_c003.tif", "siret3_r009_c003.tif", "siret3_r010_c003.tif"]}, "geometry": {"type": "LineString", "coordinates": [[629136.946, 5220819.624], [629183.877, 5220705.576]]}}, {"type": "Feature", "properties": {"row_id": "V35-R08", "vineyard_id": "V35", "length_m": 50.93, "row_structure": "disrupted", "gap_count": 2, "max_gap_m": 9.97, "vine_count": 30, "canopy_count": 30, "canopy_area_m2": 14.23, "tile_count": 2, "tiles": ["siret3_r006_c002.tif", "siret3_r007_c002.tif"]}, "geometry": {"type": "LineString", "coordinates": [[629112.406, 5220872.158], [629131.879, 5220825.1]]}}, {"type": "Feature", "properties": {"row_id": "V02-R11", "vineyard_id": "V02", "length_m": 122.94, "row_structure": "disrupted", "gap_count": 3, "max_gap_m": 13.14, "vine_count": 75, "canopy_count": 75, "canopy_area_m2": 36.38, "tile_count": 5, "tiles": ["siret3_r007_c002.tif", "siret3_r008_c002.tif", "siret3_r008_c003.tif", "siret3_r009_c003.tif", "siret3_r010_c003.tif"]}, "geometry": {"type": "LineString", "coordinates": [[629134.281, 5220819.663], [629180.982, 5220705.939]]}}, {"type": "Feature", "properties": {"row_id": "V35-R45", "vineyard_id": "V35", "length_m": 59.9, "row_structure": "disrupted", "gap_count": 2, "max_gap_m": 26.05, "vine_count": 21, "canopy_count": 21, "canopy_area_m2": 9.18, "tile_count": 3, "tiles": ["siret3_r006_c003.tif", "siret3_r006_c004.tif", "siret3_r007_c004.tif"]}, "geometry": {"type": "LineString", "coordinates": [[629196.035, 5220915.316], [629219.38, 5220860.154]]}}, {"type": "Feature", "properties": {"row_id": "V02-R49", "vineyard_id": "V02", "length_m": 99.12, "row_structure": "disrupted", "gap_count": 5, "max_gap_m": 15.88, "vine_count": 34, "canopy_count": 34, "canopy_area_m2": 12.12, "tile_count": 3, "tiles": ["siret3_r007_c004.tif", "siret3_r008_c004.tif", "siret3_r008_c005.tif"]}, "geometry": {"type": "LineString", "coordinates": [[629222.579, 5220852.611], [629259.936, 5220760.797]]}}, {"type": "Feature", "properties": {"row_id": "V35-R44", "vineyard_id": "V35", "length_m": 53.99, "row_structure": "disrupted", "gap_count": 1, "max_gap_m": 5.05, "vine_count": 29, "canopy_count": 29, "canopy_area_m2": 13.02, "tile_count": 3, "tiles": ["siret3_r006_c003.tif", "siret3_r006_c004.tif", "siret3_r007_c004.tif"]}, "geometry": {"type": "LineString", "coordinates": [[629194.819, 5220911.562], [629215.86, 5220861.843]]}}, {"type": "Feature", "properties": {"row_id": "V02-R48", "vineyard_id": "V02", "length_m": 101.95, "row_structure": "disrupted", "gap_count": 5, "max_gap_m": 25.37, "vine_count": 28, "canopy_count": 29, "canopy_area_m2": 10.94, "tile_count": 4, "tiles": ["siret3_r007_c004.tif", "siret3_r008_c004.tif", "siret3_r008_c005.tif", "siret3_r009_c005.tif"]}, "geometry": {"type": "LineString", "coordinates": [[629221.773, 5220847.762], [629260.423, 5220753.418]]}}, {"type": "Feature", "properties": {"row_id": "V35-R43", "vineyard_id": "V35", "length_m": 59.19, "row_structure": "disrupted", "gap_count": 1, "max_gap_m": 5.03, "vine_count": 37, "canopy_count": 37, "canopy_area_m2": 16.2, "tile_count": 3, "tiles": ["siret3_r006_c003.tif", "siret3_r006_c004.tif", "siret3_r007_c004.tif"]}, "geometry": {"type": "LineString", "coordinates": [[629190.924, 5220914.599], [629214.086, 5220860.127]]}}, {"type": "Feature", "properties": {"row_id": "V02-R47", "vineyard_id": "V02", "length_m": 96.95, "row_structure": "disrupted", "gap_count": 7, "max_gap_m": 14.03, "vine_count": 30, "canopy_count": 30, "canopy_area_m2": 12.52, "tile_count": 4, "tiles": ["siret3_r007_c004.tif", "siret3_r008_c004.tif", "siret3_r008_c005.tif", "siret3_r009_c005.tif"]}, "geometry": {"type": "LineString", "coordinates": [[629219.849, 5220845.381], [629227.269, 5220827.468], [629241.911, 5220791.561], [629249.379, 5220773.667], [629256.975, 5220755.827]]}}, {"type": "Feature", "properties": {"row_id": "V35-R42", "vineyard_id": "V35", "length_m": 53.45, "row_structure": "disrupted", "gap_count": 2, "max_gap_m": 5.52, "vine_count": 30, "canopy_count": 30, "canopy_area_m2": 10.71, "tile_count": 3, "tiles": ["siret3_r006_c003.tif", "siret3_r006_c004.tif", "siret3_r007_c004.tif"]}, "geometry": {"type": "LineString", "coordinates": [[629190.107, 5220910.876], [629210.71, 5220861.56]]}}, {"type": "Feature", "properties": {"row_id": "V02-R46", "vineyard_id": "V02", "length_m": 90.55, "row_structure": "disrupted", "gap_count": 6, "max_gap_m": 18.98, "vine_count": 23, "canopy_count": 23, "canopy_area_m2": 10.2, "tile_count": 3, "tiles": ["siret3_r007_c004.tif", "siret3_r008_c004.tif", "siret3_r009_c005.tif"]}, "geometry": {"type": "LineString", "coordinates": [[629223.073, 5220830.933], [629257.522, 5220747.191]]}}, {"type": "Feature", "properties": {"row_id": "V35-R41", "vineyard_id": "V35", "length_m": 62.35, "row_structure": "disrupted", "gap_count": 2, "max_gap_m": 5.99, "vine_count": 29, "canopy_count": 29, "canopy_area_m2": 10.02, "tile_count": 3, "tiles": ["siret3_r006_c003.tif", "siret3_r006_c004.tif", "siret3_r007_c004.tif"]}, "geometry": {"type": "LineString", "coordinates": [[629185.411, 5220914.906], [629209.482, 5220857.388]]}}, {"type": "Feature", "properties": {"row_id": "V02-R45", "vineyard_id": "V02", "length_m": 126.74, "row_structure": "disrupted", "gap_count": 7, "max_gap_m": 17.87, "vine_count": 39, "canopy_count": 39, "canopy_area_m2": 16.43, "tile_count": 4, "tiles": ["siret3_r007_c004.tif", "siret3_r008_c004.tif", "siret3_r008_c005.tif", "siret3_r009_c005.tif"]}, "geometry": {"type": "LineString", "coordinates": [[629214.635, 5220845.254], [629228.207, 5220811.684], [629248.841, 5220761.441], [629255.81, 5220744.731], [629262.938, 5220728.086]]}}, {"type": "Feature", "properties": {"row_id": "V35-R40", "vineyard_id": "V35", "length_m": 64.47, "row_structure": "disrupted", "gap_count": 1, "max_gap_m": 29.99, "vine_count": 25, "canopy_count": 26, "canopy_area_m2": 17.18, "tile_count": 3, "tiles": ["siret3_r006_c003.tif", "siret3_r006_c004.tif", "siret3_r007_c004.tif"]}, "geometry": {"type": "LineString", "coordinates": [[629182.638, 5220914.852], [629207.619, 5220855.414]]}}, {"type": "Feature", "properties": {"row_id": "V02-R44", "vineyard_id": "V02", "length_m": 118.38, "row_structure": "disrupted", "gap_count": 6, "max_gap_m": 12.95, "vine_count": 51, "canopy_count": 53, "canopy_area_m2": 21.13, "tile_count": 4, "tiles": ["siret3_r007_c004.tif", "siret3_r008_c004.tif", "siret3_r009_c004.tif", "siret3_r009_c005.tif"]}, "geometry": {"type": "LineString", "coordinates": [[629208.587, 5220854.216], [629215.744, 5220835.828], [629223.116, 5220817.527], [629238.101, 5220781.026], [629245.496, 5220762.735], [629252.579, 5220744.317]]}}, {"type": "Feature", "properties": {"row_id": "V35-R38", "vineyard_id": "V35", "length_m": 3.54, "row_structure": "regular", "gap_count": 0, "max_gap_m": 2.54, "vine_count": 2, "canopy_count": 2, "canopy_area_m2": 3.63, "tile_count": 1, "tiles": ["siret3_r006_c003.tif"]}, "geometry": {"type": "LineString", "coordinates": [[629180.69, 5220912.989], [629182.045, 5220909.722]]}}, {"type": "Feature", "properties": {"row_id": "V35-R37", "vineyard_id": "V35", "length_m": 57.01, "row_structure": "disrupted", "gap_count": 2, "max_gap_m": 25.73, "vine_count": 19, "canopy_count": 19, "canopy_area_m2": 11.44, "tile_count": 3, "tiles": ["siret3_r006_c003.tif", "siret3_r006_c004.tif", "siret3_r007_c004.tif"]}, "geometry": {"type": "LineString", "coordinates": [[629177.681, 5220913.681], [629199.916, 5220861.182]]}}, {"type": "Feature", "properties": {"row_id": "V02-R42", "vineyard_id": "V02", "length_m": 114.57, "row_structure": "disrupted", "gap_count": 1, "max_gap_m": 6.25, "vine_count": 73, "canopy_count": 73, "canopy_area_m2": 31.23, "tile_count": 4, "tiles": ["siret3_r007_c004.tif", "siret3_r008_c004.tif", "siret3_r009_c004.tif", "siret3_r009_c005.tif"]}, "geometry": {"type": "LineString", "coordinates": [[629205.809, 5220846.897], [629248.955, 5220740.767]]}}, {"type": "Feature", "properties": {"row_id": "V35-R36", "vineyard_id": "V35", "length_m": 39.83, "row_structure": "disrupted", "gap_count": 1, "max_gap_m": 27.57, "vine_count": 11, "canopy_count": 11, "canopy_area_m2": 9.55, "tile_count": 3, "tiles": ["siret3_r006_c003.tif", "siret3_r007_c003.tif", "siret3_r007_c004.tif"]}, "geometry": {"type": "LineString", "coordinates": [[629183.839, 5220892.896], [629199.145, 5220856.129]]}}, {"type": "Feature", "properties": {"row_id": "V02-R41", "vineyard_id": "V02", "length_m": 115.1, "row_structure": "regular", "gap_count": 0, "max_gap_m": 4.3, "vine_count": 82, "canopy_count": 82, "canopy_area_m2": 33.92, "tile_count": 3, "tiles": ["siret3_r007_c004.tif", "siret3_r008_c004.tif", "siret3_r009_c004.tif"]}, "geometry": {"type": "LineString", "coordinates": [[629203.694, 5220845.105], [629218.209, 5220809.59], [629225.32, 5220791.774], [629239.784, 5220756.24], [629246.768, 5220738.372]]}}, {"type": "Feature", "properties": {"row_id": "V35-R35", "vineyard_id": "V35", "length_m": 54.27, "row_structure": "disrupted", "gap_count": 2, "max_gap_m": 17.95, "vine_count": 25, "canopy_count": 25, "canopy_area_m2": 12.54, "tile_count": 2, "tiles": ["siret3_r006_c003.tif", "siret3_r007_c003.tif"]}, "geometry": {"type": "LineString", "coordinates": [[629196.732, 5220855.361], [629175.801, 5220905.429]]}}, {"type": "Feature", "properties": {"row_id": "V35-R34", "vineyard_id": "V35", "length_m": 29.22, "row_structure": "regular", "gap_count": 0, "max_gap_m": 4.14, "vine_count": 18, "canopy_count": 18, "canopy_area_m2": 10.67, "tile_count": 2, "tiles": ["siret3_r006_c003.tif", "siret3_r007_c003.tif"]}, "geometry": {"type": "LineString", "coordinates": [[629194.184, 5220854.972], [629182.697, 5220881.84]]}}, {"type": "Feature", "properties": {"row_id": "V35-R33", "vineyard_id": "V35", "length_m": 57.54, "row_structure": "disrupted", "gap_count": 2, "max_gap_m": 23.26, "vine_count": 23, "canopy_count": 23, "canopy_area_m2": 10.9, "tile_count": 2, "tiles": ["siret3_r006_c003.tif", "siret3_r007_c003.tif"]}, "geometry": {"type": "LineString", "coordinates": [[629191.488, 5220854.725], [629169.194, 5220907.774]]}}, {"type": "Feature", "properties": {"row_id": "V35-R32", "vineyard_id": "V35", "length_m": 60.08, "row_structure": "disrupted", "gap_count": 2, "max_gap_m": 29.02, "vine_count": 24, "canopy_count": 24, "canopy_area_m2": 11.96, "tile_count": 2, "tiles": ["siret3_r006_c003.tif", "siret3_r007_c003.tif"]}, "geometry": {"type": "LineString", "coordinates": [[629167.02, 5220906.495], [629190.243, 5220851.085]]}}, {"type": "Feature", "properties": {"row_id": "V02-R37", "vineyard_id": "V02", "length_m": 100.06, "row_structure": "disrupted", "gap_count": 1, "max_gap_m": 5.63, "vine_count": 62, "canopy_count": 62, "canopy_area_m2": 23.57, "tile_count": 4, "tiles": ["siret3_r007_c003.tif", "siret3_r007_c004.tif", "siret3_r008_c004.tif", "siret3_r009_c004.tif"]}, "geometry": {"type": "LineString", "coordinates": [[629194.895, 5220839.867], [629232.59, 5220747.179]]}}, {"type": "Feature", "properties": {"row_id": "V35-R31", "vineyard_id": "V35", "length_m": 58.89, "row_structure": "disrupted", "gap_count": 3, "max_gap_m": 22.74, "vine_count": 27, "canopy_count": 28, "canopy_area_m2": 14.12, "tile_count": 2, "tiles": ["siret3_r006_c003.tif", "siret3_r007_c003.tif"]}, "geometry": {"type": "LineString", "coordinates": [[629164.912, 5220904.484], [629187.744, 5220850.205]]}}, {"type": "Feature", "properties": {"row_id": "V02-R36", "vineyard_id": "V02", "length_m": 110.53, "row_structure": "disrupted", "gap_count": 2, "max_gap_m": 9.76, "vine_count": 63, "canopy_count": 63, "canopy_area_m2": 25.38, "tile_count": 4, "tiles": ["siret3_r007_c003.tif", "siret3_r007_c004.tif", "siret3_r008_c004.tif", "siret3_r009_c004.tif"]}, "geometry": {"type": "LineString", "coordinates": [[629193.625, 5220836.409], [629235.247, 5220734.012]]}}, {"type": "Feature", "properties": {"row_id": "V35-R30", "vineyard_id": "V35", "length_m": 42.28, "row_structure": "disrupted", "gap_count": 1, "max_gap_m": 21.89, "vine_count": 18, "canopy_count": 18, "canopy_area_m2": 9.01, "tile_count": 1, "tiles": ["siret3_r006_c003.tif"]}, "geometry": {"type": "LineString", "coordinates": [[629179.415, 5220863.239], [629163.064, 5220902.229]]}}, {"type": "Feature", "properties": {"row_id": "V02-R35", "vineyard_id": "V02", "length_m": 103.72, "row_structure": "disrupted", "gap_count": 1, "max_gap_m": 5.36, "vine_count": 61, "canopy_count": 61, "canopy_area_m2": 21.84, "tile_count": 4, "tiles": ["siret3_r007_c003.tif", "siret3_r007_c004.tif", "siret3_r008_c004.tif", "siret3_r009_c004.tif"]}, "geometry": {"type": "LineString", "coordinates": [[629189.907, 5220838.682], [629228.882, 5220742.567]]}}, {"type": "Feature", "properties": {"row_id": "V35-R29", "vineyard_id": "V35", "length_m": 57.41, "row_structure": "disrupted", "gap_count": 2, "max_gap_m": 8.34, "vine_count": 33, "canopy_count": 33, "canopy_area_m2": 19.92, "tile_count": 2, "tiles": ["siret3_r006_c003.tif", "siret3_r007_c003.tif"]}, "geometry": {"type": "LineString", "coordinates": [[629184.113, 5220845.414], [629161.987, 5220898.389]]}}, {"type": "Feature", "properties": {"row_id": "V02-R34", "vineyard_id": "V02", "length_m": 113.36, "row_structure": "disrupted", "gap_count": 2, "max_gap_m": 12.05, "vine_count": 60, "canopy_count": 60, "canopy_area_m2": 24.72, "tile_count": 4, "tiles": ["siret3_r007_c003.tif", "siret3_r007_c004.tif", "siret3_r008_c004.tif", "siret3_r009_c004.tif"]}, "geometry": {"type": "LineString", "coordinates": [[629186.969, 5220838.015], [629194.476, 5220820.673], [629201.662, 5220803.2], [629208.672, 5220785.655], [629215.785, 5220768.152], [629230.293, 5220733.262]]}}, {"type": "Feature", "properties": {"row_id": "V35-R28", "vineyard_id": "V35", "length_m": 45.73, "row_structure": "regular", "gap_count": 0, "max_gap_m": 4.24, "vine_count": 30, "canopy_count": 33, "canopy_area_m2": 11.85, "tile_count": 2, "tiles": ["siret3_r006_c003.tif", "siret3_r007_c003.tif"]}, "geometry": {"type": "LineString", "coordinates": [[629162.034, 5220884.989], [629179.815, 5220842.855]]}}, {"type": "Feature", "properties": {"row_id": "V02-R32", "vineyard_id": "V02", "length_m": 110.55, "row_structure": "disrupted", "gap_count": 4, "max_gap_m": 12.0, "vine_count": 59, "canopy_count": 61, "canopy_area_m2": 31.34, "tile_count": 4, "tiles": ["siret3_r007_c003.tif", "siret3_r008_c003.tif", "siret3_r008_c004.tif", "siret3_r009_c004.tif"]}, "geometry": {"type": "LineString", "coordinates": [[629183.491, 5220833.433], [629225.544, 5220731.194]]}}, {"type": "Feature", "properties": {"row_id": "V35-R27", "vineyard_id": "V35", "length_m": 42.43, "row_structure": "disrupted", "gap_count": 3, "max_gap_m": 8.76, "vine_count": 18, "canopy_count": 18, "canopy_area_m2": 6.22, "tile_count": 2, "tiles": ["siret3_r006_c003.tif", "siret3_r007_c003.tif"]}, "geometry": {"type": "LineString", "coordinates": [[629159.495, 5220883.926], [629176.004, 5220844.836]]}}, {"type": "Feature", "properties": {"row_id": "V02-R31", "vineyard_id": "V02", "length_m": 133.09, "row_structure": "disrupted", "gap_count": 6, "max_gap_m": 17.57, "vine_count": 55, "canopy_count": 55, "canopy_area_m2": 20.31, "tile_count": 4, "tiles": ["siret3_r007_c003.tif", "siret3_r008_c003.tif", "siret3_r008_c004.tif", "siret3_r009_c004.tif"]}, "geometry": {"type": "LineString", "coordinates": [[629180.323, 5220834.485], [629231.025, 5220711.432]]}}, {"type": "Feature", "properties": {"row_id": "V35-R26", "vineyard_id": "V35", "length_m": 35.64, "row_structure": "disrupted", "gap_count": 2, "max_gap_m": 6.46, "vine_count": 17, "canopy_count": 17, "canopy_area_m2": 6.63, "tile_count": 2, "tiles": ["siret3_r006_c003.tif", "siret3_r007_c003.tif"]}, "geometry": {"type": "LineString", "coordinates": [[629160.876, 5220875.091], [629174.398, 5220842.12]]}}, {"type": "Feature", "properties": {"row_id": "V02-R30", "vineyard_id": "V02", "length_m": 115.79, "row_structure": "regular", "gap_count": 0, "max_gap_m": 4.5, "vine_count": 72, "canopy_count": 73, "canopy_area_m2": 25.75, "tile_count": 4, "tiles": ["siret3_r007_c003.tif", "siret3_r008_c003.tif", "siret3_r008_c004.tif", "siret3_r009_c004.tif"]}, "geometry": {"type": "LineString", "coordinates": [[629177.873, 5220833.999], [629221.835, 5220726.877]]}}, {"type": "Feature", "properties": {"row_id": "V35-R25", "vineyard_id": "V35", "length_m": 54.3, "row_structure": "disrupted", "gap_count": 1, "max_gap_m": 10.09, "vine_count": 32, "canopy_count": 32, "canopy_area_m2": 13.57, "tile_count": 2, "tiles": ["siret3_r006_c003.tif", "siret3_r007_c003.tif"]}, "geometry": {"type": "LineString", "coordinates": [[629151.722, 5220890.085], [629172.633, 5220839.975]]}}, {"type": "Feature", "properties": {"row_id": "V02-R29", "vineyard_id": "V02", "length_m": 116.15, "row_structure": "disrupted", "gap_count": 3, "max_gap_m": 6.39, "vine_count": 58, "canopy_count": 58, "canopy_area_m2": 22.95, "tile_count": 4, "tiles": ["siret3_r007_c003.tif", "siret3_r008_c003.tif", "siret3_r008_c004.tif", "siret3_r009_c004.tif"]}, "geometry": {"type": "LineString", "coordinates": [[629175.546, 5220833.033], [629219.617, 5220725.563]]}}, {"type": "Feature", "properties": {"row_id": "V35-R24", "vineyard_id": "V35", "length_m": 45.38, "row_structure": "disrupted", "gap_count": 1, "max_gap_m": 7.2, "vine_count": 26, "canopy_count": 26, "canopy_area_m2": 12.3, "tile_count": 2, "tiles": ["siret3_r006_c003.tif", "siret3_r007_c003.tif"]}, "geometry": {"type": "LineString", "coordinates": [[629149.759, 5220887.448], [629161.629, 5220859.624], [629167.382, 5220845.635]]}}, {"type": "Feature", "properties": {"row_id": "V02-R28", "vineyard_id": "V02", "length_m": 68.57, "row_structure": "disrupted", "gap_count": 2, "max_gap_m": 6.41, "vine_count": 35, "canopy_count": 36, "canopy_area_m2": 11.61, "tile_count": 3, "tiles": ["siret3_r007_c003.tif", "siret3_r008_c003.tif", "siret3_r008_c004.tif"]}, "geometry": {"type": "LineString", "coordinates": [[629175.94, 5220825.145], [629202.153, 5220761.784]]}}, {"type": "Feature", "properties": {"row_id": "V35-R23", "vineyard_id": "V35", "length_m": 50.81, "row_structure": "disrupted", "gap_count": 1, "max_gap_m": 5.23, "vine_count": 32, "canopy_count": 32, "canopy_area_m2": 15.63, "tile_count": 2, "tiles": ["siret3_r006_c003.tif", "siret3_r007_c003.tif"]}, "geometry": {"type": "LineString", "coordinates": [[629148.34, 5220884.532], [629168.104, 5220837.718]]}}, {"type": "Feature", "properties": {"row_id": "V02-R26", "vineyard_id": "V02", "length_m": 67.25, "row_structure": "disrupted", "gap_count": 1, "max_gap_m": 5.43, "vine_count": 33, "canopy_count": 33, "canopy_area_m2": 11.14, "tile_count": 3, "tiles": ["siret3_r007_c003.tif", "siret3_r008_c003.tif", "siret3_r008_c004.tif"]}, "geometry": {"type": "LineString", "coordinates": [[629173.286, 5220824.637], [629199.076, 5220762.533]]}}, {"type": "Feature", "properties": {"row_id": "V35-R47", "vineyard_id": "V35", "length_m": 38.47, "row_structure": "disrupted", "gap_count": 1, "max_gap_m": 31.39, "vine_count": 8, "canopy_count": 8, "canopy_area_m2": 4.13, "tile_count": 1, "tiles": ["siret3_r006_c004.tif"]}, "geometry": {"type": "LineString", "coordinates": [[629216.478, 5220879.467], [629201.846, 5220915.049]]}}, {"type": "Feature", "properties": {"row_id": "V35-R39", "vineyard_id": "V35", "length_m": 7.43, "row_structure": "regular", "gap_count": 0, "max_gap_m": 2.23, "vine_count": 6, "canopy_count": 6, "canopy_area_m2": 5.33, "tile_count": 2, "tiles": ["siret3_r006_c004.tif", "siret3_r007_c004.tif"]}, "geometry": {"type": "LineString", "coordinates": [[629199.9, 5220867.6], [629202.828, 5220860.771]]}}, {"type": "Feature", "properties": {"row_id": "V02-R43", "vineyard_id": "V02", "length_m": 109.61, "row_structure": "disrupted", "gap_count": 2, "max_gap_m": 10.56, "vine_count": 63, "canopy_count": 63, "canopy_area_m2": 25.16, "tile_count": 4, "tiles": ["siret3_r007_c004.tif", "siret3_r008_c004.tif", "siret3_r009_c004.tif", "siret3_r009_c005.tif"]}, "geometry": {"type": "LineString", "coordinates": [[629209.413, 5220844.607], [629250.761, 5220743.094]]}}, {"type": "Feature", "properties": {"row_id": "V35-R17", "vineyard_id": "V35", "length_m": 34.52, "row_structure": "disrupted", "gap_count": 1, "max_gap_m": 29.91, "vine_count": 6, "canopy_count": 6, "canopy_area_m2": 5.01, "tile_count": 2, "tiles": ["siret3_r007_c002.tif", "siret3_r007_c003.tif"]}, "geometry": {"type": "LineString", "coordinates": [[629140.5, 5220864.112], [629153.965, 5220832.327]]}}, {"type": "Feature", "properties": {"row_id": "V02-R20", "vineyard_id": "V02", "length_m": 111.9, "row_structure": "disrupted", "gap_count": 3, "max_gap_m": 12.26, "vine_count": 61, "canopy_count": 61, "canopy_area_m2": 27.87, "tile_count": 4, "tiles": ["siret3_r007_c003.tif", "siret3_r008_c003.tif", "siret3_r009_c003.tif", "siret3_r009_c004.tif"]}, "geometry": {"type": "LineString", "coordinates": [[629159.371, 5220819.012], [629201.846, 5220715.486]]}}, {"type": "Feature", "properties": {"row_id": "V35-R07", "vineyard_id": "V35", "length_m": 40.0, "row_structure": "disrupted", "gap_count": 2, "max_gap_m": 20.51, "vine_count": 7, "canopy_count": 8, "canopy_area_m2": 4.65, "tile_count": 1, "tiles": ["siret3_r007_c002.tif"]}, "geometry": {"type": "LineString", "coordinates": [[629113.073, 5220863.926], [629128.297, 5220826.939]]}}, {"type": "Feature", "properties": {"row_id": "V02-R10", "vineyard_id": "V02", "length_m": 121.17, "row_structure": "disrupted", "gap_count": 4, "max_gap_m": 11.44, "vine_count": 66, "canopy_count": 68, "canopy_area_m2": 35.29, "tile_count": 5, "tiles": ["siret3_r007_c002.tif", "siret3_r008_c002.tif", "siret3_r008_c003.tif", "siret3_r009_c003.tif", "siret3_r010_c003.tif"]}, "geometry": {"type": "LineString", "coordinates": [[629133.219, 5220815.566], [629179.163, 5220703.445]]}}, {"type": "Feature", "properties": {"row_id": "V02-R08", "vineyard_id": "V02", "length_m": 58.31, "row_structure": "disrupted", "gap_count": 1, "max_gap_m": 8.91, "vine_count": 32, "canopy_count": 33, "canopy_area_m2": 15.15, "tile_count": 3, "tiles": ["siret3_r007_c002.tif", "siret3_r008_c002.tif", "siret3_r008_c003.tif"]}, "geometry": {"type": "LineString", "coordinates": [[629130.557, 5220815.725], [629145.079, 5220779.667], [629152.533, 5220761.717]]}}, {"type": "Feature", "properties": {"row_id": "V35-R06", "vineyard_id": "V35", "length_m": 28.16, "row_structure": "disrupted", "gap_count": 1, "max_gap_m": 5.2, "vine_count": 19, "canopy_count": 19, "canopy_area_m2": 6.87, "tile_count": 1, "tiles": ["siret3_r007_c002.tif"]}, "geometry": {"type": "LineString", "coordinates": [[629121.941, 5220829.246], [629110.962, 5220855.174]]}}, {"type": "Feature", "properties": {"row_id": "V35-R05", "vineyard_id": "V35", "length_m": 6.64, "row_structure": "regular", "gap_count": 0, "max_gap_m": 2.39, "vine_count": 4, "canopy_count": 4, "canopy_area_m2": 3.55, "tile_count": 1, "tiles": ["siret3_r007_c002.tif"]}, "geometry": {"type": "LineString", "coordinates": [[629110.391, 5220850.297], [629107.778, 5220856.4]]}}, {"type": "Feature", "properties": {"row_id": "V35-R04", "vineyard_id": "V35", "length_m": 13.67, "row_structure": "regular", "gap_count": 0, "max_gap_m": 2.21, "vine_count": 9, "canopy_count": 9, "canopy_area_m2": 4.49, "tile_count": 1, "tiles": ["siret3_r007_c002.tif"]}, "geometry": {"type": "LineString", "coordinates": [[629105.662, 5220855.082], [629111.107, 5220842.543]]}}, {"type": "Feature", "properties": {"row_id": "V35-R03", "vineyard_id": "V35", "length_m": 36.99, "row_structure": "disrupted", "gap_count": 3, "max_gap_m": 15.36, "vine_count": 13, "canopy_count": 13, "canopy_area_m2": 7.41, "tile_count": 1, "tiles": ["siret3_r007_c002.tif"]}, "geometry": {"type": "LineString", "coordinates": [[629118.68, 5220817.166], [629104.217, 5220851.211]]}}, {"type": "Feature", "properties": {"row_id": "V35-R02", "vineyard_id": "V35", "length_m": 29.04, "row_structure": "disrupted", "gap_count": 1, "max_gap_m": 25.01, "vine_count": 6, "canopy_count": 6, "canopy_area_m2": 2.11, "tile_count": 1, "tiles": ["siret3_r007_c002.tif"]}, "geometry": {"type": "LineString", "coordinates": [[629113.183, 5220824.042], [629100.771, 5220850.293]]}}, {"type": "Feature", "properties": {"row_id": "V35-R01", "vineyard_id": "V35", "length_m": 5.13, "row_structure": "regular", "gap_count": 0, "max_gap_m": 1.76, "vine_count": 4, "canopy_count": 4, "canopy_area_m2": 1.49, "tile_count": 1, "tiles": ["siret3_r007_c002.tif"]}, "geometry": {"type": "LineString", "coordinates": [[629099.229, 5220849.727], [629101.179, 5220844.982]]}}, {"type": "Feature", "properties": {"row_id": "V02-R33", "vineyard_id": "V02", "length_m": 110.71, "row_structure": "disrupted", "gap_count": 4, "max_gap_m": 12.64, "vine_count": 52, "canopy_count": 53, "canopy_area_m2": 27.25, "tile_count": 4, "tiles": ["siret3_r007_c003.tif", "siret3_r008_c003.tif", "siret3_r008_c004.tif", "siret3_r009_c004.tif"]}, "geometry": {"type": "LineString", "coordinates": [[629187.116, 5220831.542], [629194.298, 5220814.543], [629201.243, 5220797.449], [629208.058, 5220780.302], [629222.141, 5220746.192], [629229.075, 5220729.093]]}}, {"type": "Feature", "properties": {"row_id": "V02-R16", "vineyard_id": "V02", "length_m": 117.37, "row_structure": "disrupted", "gap_count": 3, "max_gap_m": 16.36, "vine_count": 69, "canopy_count": 69, "canopy_area_m2": 31.24, "tile_count": 3, "tiles": ["siret3_r007_c003.tif", "siret3_r008_c003.tif", "siret3_r009_c003.tif"]}, "geometry": {"type": "LineString", "coordinates": [[629148.194, 5220819.002], [629193.038, 5220710.532]]}}, {"type": "Feature", "properties": {"row_id": "V02-R62", "vineyard_id": "V02", "length_m": 5.52, "row_structure": "regular", "gap_count": 0, "max_gap_m": 1.79, "vine_count": 5, "canopy_count": 5, "canopy_area_m2": 1.53, "tile_count": 1, "tiles": ["siret3_r007_c004.tif"]}, "geometry": {"type": "LineString", "coordinates": [[629245.802, 5220863.152], [629247.791, 5220858.0]]}}, {"type": "Feature", "properties": {"row_id": "V02-R60", "vineyard_id": "V02", "length_m": 10.7, "row_structure": "regular", "gap_count": 0, "max_gap_m": 2.01, "vine_count": 8, "canopy_count": 8, "canopy_area_m2": 3.34, "tile_count": 1, "tiles": ["siret3_r007_c004.tif"]}, "geometry": {"type": "LineString", "coordinates": [[629243.447, 5220862.062], [629247.479, 5220852.154]]}}, {"type": "Feature", "properties": {"row_id": "V02-R58", "vineyard_id": "V02", "length_m": 16.43, "row_structure": "disrupted", "gap_count": 2, "max_gap_m": 5.53, "vine_count": 6, "canopy_count": 6, "canopy_area_m2": 5.24, "tile_count": 1, "tiles": ["siret3_r007_c004.tif"]}, "geometry": {"type": "LineString", "coordinates": [[629241.49, 5220859.572], [629248.038, 5220844.506]]}}, {"type": "Feature", "properties": {"row_id": "V02-R56", "vineyard_id": "V02", "length_m": 106.06, "row_structure": "disrupted", "gap_count": 2, "max_gap_m": 28.88, "vine_count": 63, "canopy_count": 63, "canopy_area_m2": 29.36, "tile_count": 2, "tiles": ["siret3_r007_c004.tif", "siret3_r008_c005.tif"]}, "geometry": {"type": "LineString", "coordinates": [[629238.261, 5220860.994], [629278.456, 5220762.849]]}}, {"type": "Feature", "properties": {"row_id": "V02-R55", "vineyard_id": "V02", "length_m": 97.72, "row_structure": "disrupted", "gap_count": 4, "max_gap_m": 22.83, "vine_count": 39, "canopy_count": 39, "canopy_area_m2": 17.66, "tile_count": 2, "tiles": ["siret3_r007_c004.tif", "siret3_r008_c005.tif"]}, "geometry": {"type": "LineString", "coordinates": [[629236.814, 5220857.714], [629274.042, 5220767.365]]}}, {"type": "Feature", "properties": {"row_id": "V02-R54", "vineyard_id": "V02", "length_m": 103.91, "row_structure": "disrupted", "gap_count": 5, "max_gap_m": 15.71, "vine_count": 45, "canopy_count": 46, "canopy_area_m2": 17.74, "tile_count": 2, "tiles": ["siret3_r007_c004.tif", "siret3_r008_c005.tif"]}, "geometry": {"type": "LineString", "coordinates": [[629234.162, 5220857.925], [629273.495, 5220761.747]]}}, {"type": "Feature", "properties": {"row_id": "V02-R53", "vineyard_id": "V02", "length_m": 107.61, "row_structure": "disrupted", "gap_count": 4, "max_gap_m": 17.35, "vine_count": 47, "canopy_count": 48, "canopy_area_m2": 19.83, "tile_count": 3, "tiles": ["siret3_r007_c004.tif", "siret3_r008_c005.tif", "siret3_r009_c005.tif"]}, "geometry": {"type": "LineString", "coordinates": [[629231.578, 5220857.89], [629271.91, 5220758.122]]}}, {"type": "Feature", "properties": {"row_id": "V02-R52", "vineyard_id": "V02", "length_m": 94.4, "row_structure": "disrupted", "gap_count": 2, "max_gap_m": 8.42, "vine_count": 52, "canopy_count": 52, "canopy_area_m2": 20.45, "tile_count": 3, "tiles": ["siret3_r007_c004.tif", "siret3_r008_c004.tif", "siret3_r008_c005.tif"]}, "geometry": {"type": "LineString", "coordinates": [[629231.927, 5220849.817], [629267.482, 5220762.373]]}}, {"type": "Feature", "properties": {"row_id": "V02-R51", "vineyard_id": "V02", "length_m": 95.09, "row_structure": "disrupted", "gap_count": 4, "max_gap_m": 11.46, "vine_count": 47, "canopy_count": 48, "canopy_area_m2": 21.13, "tile_count": 3, "tiles": ["siret3_r007_c004.tif", "siret3_r008_c004.tif", "siret3_r008_c005.tif"]}, "geometry": {"type": "LineString", "coordinates": [[629229.229, 5220849.474], [629265.367, 5220761.522]]}}, {"type": "Feature", "properties": {"row_id": "V02-R40", "vineyard_id": "V02", "length_m": 115.06, "row_structure": "regular", "gap_count": 0, "max_gap_m": 4.91, "vine_count": 72, "canopy_count": 73, "canopy_area_m2": 28.31, "tile_count": 3, "tiles": ["siret3_r007_c004.tif", "siret3_r008_c004.tif", "siret3_r009_c004.tif"]}, "geometry": {"type": "LineString", "coordinates": [[629202.025, 5220842.679], [629245.209, 5220736.032]]}}, {"type": "Feature", "properties": {"row_id": "V02-R39", "vineyard_id": "V02", "length_m": 120.31, "row_structure": "disrupted", "gap_count": 3, "max_gap_m": 9.81, "vine_count": 69, "canopy_count": 70, "canopy_area_m2": 30.78, "tile_count": 3, "tiles": ["siret3_r007_c004.tif", "siret3_r008_c004.tif", "siret3_r009_c004.tif"]}, "geometry": {"type": "LineString", "coordinates": [[629200.379, 5220839.962], [629245.66, 5220728.499]]}}, {"type": "Feature", "properties": {"row_id": "V02-R38", "vineyard_id": "V02", "length_m": 106.47, "row_structure": "disrupted", "gap_count": 3, "max_gap_m": 7.01, "vine_count": 68, "canopy_count": 68, "canopy_area_m2": 25.08, "tile_count": 3, "tiles": ["siret3_r007_c004.tif", "siret3_r008_c004.tif", "siret3_r009_c004.tif"]}, "geometry": {"type": "LineString", "coordinates": [[629196.871, 5220841.545], [629237.164, 5220742.991]]}}, {"type": "Feature", "properties": {"row_id": "V03-R22", "vineyard_id": "V03", "length_m": 102.76, "row_structure": "disrupted", "gap_count": 3, "max_gap_m": 9.72, "vine_count": 60, "canopy_count": 61, "canopy_area_m2": 33.78, "tile_count": 4, "tiles": ["siret3_r008_c001.tif", "siret3_r008_c002.tif", "siret3_r009_c002.tif", "siret3_r010_c002.tif"]}, "geometry": {"type": "LineString", "coordinates": [[629089.565, 5220781.177], [629145.484, 5220694.968]]}}, {"type": "Feature", "properties": {"row_id": "V03-R20", "vineyard_id": "V03", "length_m": 107.76, "row_structure": "disrupted", "gap_count": 4, "max_gap_m": 10.04, "vine_count": 55, "canopy_count": 55, "canopy_area_m2": 40.61, "tile_count": 4, "tiles": ["siret3_r008_c001.tif", "siret3_r008_c002.tif", "siret3_r009_c002.tif", "siret3_r010_c002.tif"]}, "geometry": {"type": "LineString", "coordinates": [[629086.95, 5220773.942], [629145.769, 5220683.647]]}}, {"type": "Feature", "properties": {"row_id": "V03-R19", "vineyard_id": "V03", "length_m": 100.26, "row_structure": "disrupted", "gap_count": 2, "max_gap_m": 7.2, "vine_count": 63, "canopy_count": 64, "canopy_area_m2": 38.75, "tile_count": 4, "tiles": ["siret3_r008_c001.tif", "siret3_r009_c001.tif", "siret3_r009_c002.tif", "siret3_r010_c002.tif"]}, "geometry": {"type": "LineString", "coordinates": [[629083.838, 5220773.198], [629102.002, 5220745.146], [629120.284, 5220717.172], [629138.46, 5220689.128]]}}, {"type": "Feature", "properties": {"row_id": "V03-R18", "vineyard_id": "V03", "length_m": 102.9, "row_structure": "regular", "gap_count": 0, "max_gap_m": 4.17, "vine_count": 74, "canopy_count": 75, "canopy_area_m2": 42.68, "tile_count": 4, "tiles": ["siret3_r008_c001.tif", "siret3_r009_c001.tif", "siret3_r009_c002.tif", "siret3_r010_c002.tif"]}, "geometry": {"type": "LineString", "coordinates": [[629079.94, 5220773.985], [629136.032, 5220687.718]]}}, {"type": "Feature", "properties": {"row_id": "V03-R17", "vineyard_id": "V03", "length_m": 97.21, "row_structure": "disrupted", "gap_count": 2, "max_gap_m": 9.77, "vine_count": 58, "canopy_count": 58, "canopy_area_m2": 27.33, "tile_count": 4, "tiles": ["siret3_r008_c001.tif", "siret3_r009_c001.tif", "siret3_r009_c002.tif", "siret3_r010_c002.tif"]}, "geometry": {"type": "LineString", "coordinates": [[629080.648, 5220767.633], [629133.702, 5220686.177]]}}, {"type": "Feature", "properties": {"row_id": "V03-R16", "vineyard_id": "V03", "length_m": 104.42, "row_structure": "regular", "gap_count": 0, "max_gap_m": 3.39, "vine_count": 76, "canopy_count": 76, "canopy_area_m2": 30.09, "tile_count": 4, "tiles": ["siret3_r008_c001.tif", "siret3_r009_c001.tif", "siret3_r009_c002.tif", "siret3_r010_c002.tif"]}, "geometry": {"type": "LineString", "coordinates": [[629074.063, 5220771.969], [629112.151, 5220713.703], [629131.036, 5220684.467]]}}, {"type": "Feature", "properties": {"row_id": "V03-R15", "vineyard_id": "V03", "length_m": 126.51, "row_structure": "disrupted", "gap_count": 1, "max_gap_m": 34.14, "vine_count": 64, "canopy_count": 64, "canopy_area_m2": 35.2, "tile_count": 4, "tiles": ["siret3_r008_c001.tif", "siret3_r009_c001.tif", "siret3_r009_c002.tif", "siret3_r010_c002.tif"]}, "geometry": {"type": "LineString", "coordinates": [[629072.388, 5220768.848], [629101.963, 5220723.404], [629141.507, 5220662.884]]}}, {"type": "Feature", "properties": {"row_id": "V03-R14", "vineyard_id": "V03", "length_m": 97.38, "row_structure": "disrupted", "gap_count": 1, "max_gap_m": 8.28, "vine_count": 62, "canopy_count": 62, "canopy_area_m2": 38.14, "tile_count": 4, "tiles": ["siret3_r008_c001.tif", "siret3_r009_c001.tif", "siret3_r009_c002.tif", "siret3_r010_c002.tif"]}, "geometry": {"type": "LineString", "coordinates": [[629069.643, 5220768.57], [629079.947, 5220752.041], [629111.726, 5220703.015], [629122.506, 5220686.795]]}}, {"type": "Feature", "properties": {"row_id": "V03-R11", "vineyard_id": "V03", "length_m": 32.64, "row_structure": "regular", "gap_count": 0, "max_gap_m": 4.34, "vine_count": 24, "canopy_count": 26, "canopy_area_m2": 12.06, "tile_count": 2, "tiles": ["siret3_r008_c001.tif", "siret3_r009_c001.tif"]}, "geometry": {"type": "LineString", "coordinates": [[629065.563, 5220763.913], [629083.486, 5220736.635]]}}, {"type": "Feature", "properties": {"row_id": "V02-R07", "vineyard_id": "V02", "length_m": 108.7, "row_structure": "disrupted", "gap_count": 7, "max_gap_m": 16.36, "vine_count": 25, "canopy_count": 25, "canopy_area_m2": 8.61, "tile_count": 4, "tiles": ["siret3_r008_c002.tif", "siret3_r008_c003.tif", "siret3_r009_c003.tif", "siret3_r010_c003.tif"]}, "geometry": {"type": "LineString", "coordinates": [[629132.357, 5220806.922], [629173.815, 5220706.437]]}}, {"type": "Feature", "properties": {"row_id": "V02-R06", "vineyard_id": "V02", "length_m": 55.41, "row_structure": "disrupted", "gap_count": 3, "max_gap_m": 23.34, "vine_count": 8, "canopy_count": 8, "canopy_area_m2": 2.23, "tile_count": 2, "tiles": ["siret3_r008_c002.tif", "siret3_r008_c003.tif"]}, "geometry": {"type": "LineString", "coordinates": [[629127.428, 5220812.748], [629148.645, 5220761.556]]}}, {"type": "Feature", "properties": {"row_id": "V02-R05", "vineyard_id": "V02", "length_m": 120.08, "row_structure": "disrupted", "gap_count": 3, "max_gap_m": 9.14, "vine_count": 70, "canopy_count": 70, "canopy_area_m2": 33.31, "tile_count": 3, "tiles": ["siret3_r008_c002.tif", "siret3_r009_c003.tif", "siret3_r010_c003.tif"]}, "geometry": {"type": "LineString", "coordinates": [[629126.159, 5220812.647], [629171.724, 5220701.551]]}}, {"type": "Feature", "properties": {"row_id": "V02-R03", "vineyard_id": "V02", "length_m": 112.12, "row_structure": "disrupted", "gap_count": 3, "max_gap_m": 32.25, "vine_count": 46, "canopy_count": 46, "canopy_area_m2": 30.69, "tile_count": 4, "tiles": ["siret3_r008_c002.tif", "siret3_r009_c002.tif", "siret3_r009_c003.tif", "siret3_r010_c003.tif"]}, "geometry": {"type": "LineString", "coordinates": [[629123.796, 5220811.582], [629166.373, 5220707.863]]}}, {"type": "Feature", "properties": {"row_id": "V02-R02", "vineyard_id": "V02", "length_m": 116.34, "row_structure": "disrupted", "gap_count": 3, "max_gap_m": 28.56, "vine_count": 51, "canopy_count": 51, "canopy_area_m2": 31.18, "tile_count": 4, "tiles": ["siret3_r008_c002.tif", "siret3_r009_c002.tif", "siret3_r009_c003.tif", "siret3_r010_c003.tif"]}, "geometry": {"type": "LineString", "coordinates": [[629121.215, 5220810.966], [629165.424, 5220703.356]]}}, {"type": "Feature", "properties": {"row_id": "V02-R01", "vineyard_id": "V02", "length_m": 91.43, "row_structure": "disrupted", "gap_count": 3, "max_gap_m": 29.49, "vine_count": 25, "canopy_count": 25, "canopy_area_m2": 19.72, "tile_count": 3, "tiles": ["siret3_r008_c002.tif", "siret3_r009_c002.tif", "siret3_r009_c003.tif"]}, "geometry": {"type": "LineString", "coordinates": [[629124.785, 5220795.076], [629159.427, 5220710.467]]}}, {"type": "Feature", "properties": {"row_id": "V03-R38", "vineyard_id": "V03", "length_m": 8.52, "row_structure": "regular", "gap_count": 0, "max_gap_m": 2.17, "vine_count": 7, "canopy_count": 7, "canopy_area_m2": 5.4, "tile_count": 2, "tiles": ["siret3_r008_c002.tif", "siret3_r009_c002.tif"]}, "geometry": {"type": "LineString", "coordinates": [[629131.578, 5220765.878], [629135.351, 5220758.235]]}}, {"type": "Feature", "properties": {"row_id": "V03-R36", "vineyard_id": "V03", "length_m": 26.32, "row_structure": "disrupted", "gap_count": 1, "max_gap_m": 14.51, "vine_count": 9, "canopy_count": 14, "canopy_area_m2": 5.9, "tile_count": 1, "tiles": ["siret3_r008_c002.tif"]}, "geometry": {"type": "LineString", "coordinates": [[629122.76, 5220767.649], [629111.669, 5220791.515]]}}, {"type": "Feature", "properties": {"row_id": "V03-R29", "vineyard_id": "V03", "length_m": 15.63, "row_structure": "disrupted", "gap_count": 1, "max_gap_m": 11.15, "vine_count": 4, "canopy_count": 5, "canopy_area_m2": 2.64, "tile_count": 1, "tiles": ["siret3_r008_c002.tif"]}, "geometry": {"type": "LineString", "coordinates": [[629100.87, 5220780.905], [629106.572, 5220766.35]]}}, {"type": "Feature", "properties": {"row_id": "V03-R26", "vineyard_id": "V03", "length_m": 23.39, "row_structure": "disrupted", "gap_count": 1, "max_gap_m": 15.81, "vine_count": 6, "canopy_count": 8, "canopy_area_m2": 4.6, "tile_count": 1, "tiles": ["siret3_r008_c002.tif"]}, "geometry": {"type": "LineString", "coordinates": [[629105.262, 5220761.491], [629096.26, 5220783.078]]}}, {"type": "Feature", "properties": {"row_id": "V03-R23", "vineyard_id": "V03", "length_m": 16.97, "row_structure": "disrupted", "gap_count": 1, "max_gap_m": 13.99, "vine_count": 3, "canopy_count": 3, "canopy_area_m2": 2.34, "tile_count": 1, "tiles": ["siret3_r008_c002.tif"]}, "geometry": {"type": "LineString", "coordinates": [[629094.916, 5220778.235], [629101.567, 5220762.62]]}}, {"type": "Feature", "properties": {"row_id": "V03-R21", "vineyard_id": "V03", "length_m": 93.03, "row_structure": "disrupted", "gap_count": 1, "max_gap_m": 10.87, "vine_count": 62, "canopy_count": 62, "canopy_area_m2": 36.27, "tile_count": 3, "tiles": ["siret3_r008_c002.tif", "siret3_r009_c002.tif", "siret3_r010_c002.tif"]}, "geometry": {"type": "LineString", "coordinates": [[629094.783, 5220767.467], [629115.034, 5220736.248], [629145.597, 5220689.539]]}}, {"type": "Feature", "properties": {"row_id": "V02-R66", "vineyard_id": "V02", "length_m": 36.39, "row_structure": "disrupted", "gap_count": 2, "max_gap_m": 26.06, "vine_count": 7, "canopy_count": 7, "canopy_area_m2": 2.92, "tile_count": 1, "tiles": ["siret3_r008_c005.tif"]}, "geometry": {"type": "LineString", "coordinates": [[629293.93, 5220774.592], [629278.903, 5220807.736]]}}, {"type": "Feature", "properties": {"row_id": "V02-R65", "vineyard_id": "V02", "length_m": 53.44, "row_structure": "disrupted", "gap_count": 2, "max_gap_m": 21.42, "vine_count": 9, "canopy_count": 9, "canopy_area_m2": 6.78, "tile_count": 1, "tiles": ["siret3_r008_c005.tif"]}, "geometry": {"type": "LineString", "coordinates": [[629274.891, 5220811.039], [629295.117, 5220761.58]]}}, {"type": "Feature", "properties": {"row_id": "V02-R64", "vineyard_id": "V02", "length_m": 40.53, "row_structure": "disrupted", "gap_count": 2, "max_gap_m": 20.94, "vine_count": 11, "canopy_count": 11, "canopy_area_m2": 7.79, "tile_count": 1, "tiles": ["siret3_r008_c005.tif"]}, "geometry": {"type": "LineString", "coordinates": [[629288.49, 5220771.434], [629272.94, 5220808.86]]}}, {"type": "Feature", "properties": {"row_id": "V02-R63", "vineyard_id": "V02", "length_m": 49.76, "row_structure": "disrupted", "gap_count": 1, "max_gap_m": 37.22, "vine_count": 9, "canopy_count": 9, "canopy_area_m2": 5.15, "tile_count": 1, "tiles": ["siret3_r008_c005.tif"]}, "geometry": {"type": "LineString", "coordinates": [[629269.674, 5220810.113], [629289.063, 5220764.287]]}}, {"type": "Feature", "properties": {"row_id": "V02-R61", "vineyard_id": "V02", "length_m": 44.41, "row_structure": "disrupted", "gap_count": 3, "max_gap_m": 10.55, "vine_count": 18, "canopy_count": 18, "canopy_area_m2": 10.31, "tile_count": 1, "tiles": ["siret3_r008_c005.tif"]}, "geometry": {"type": "LineString", "coordinates": [[629265.805, 5220812.87], [629282.882, 5220771.877]]}}, {"type": "Feature", "properties": {"row_id": "V02-R59", "vineyard_id": "V02", "length_m": 35.77, "row_structure": "disrupted", "gap_count": 3, "max_gap_m": 13.8, "vine_count": 6, "canopy_count": 6, "canopy_area_m2": 3.31, "tile_count": 1, "tiles": ["siret3_r008_c005.tif"]}, "geometry": {"type": "LineString", "coordinates": [[629263.008, 5220812.944], [629276.934, 5220779.998]]}}, {"type": "Feature", "properties": {"row_id": "V02-R57", "vineyard_id": "V02", "length_m": 51.84, "row_structure": "regular", "gap_count": 0, "max_gap_m": 3.67, "vine_count": 37, "canopy_count": 37, "canopy_area_m2": 15.06, "tile_count": 1, "tiles": ["siret3_r008_c005.tif"]}, "geometry": {"type": "LineString", "coordinates": [[629281.092, 5220762.778], [629261.609, 5220810.817]]}}, {"type": "Feature", "properties": {"row_id": "V36-R14", "vineyard_id": "V36", "length_m": 32.28, "row_structure": "disrupted", "gap_count": 2, "max_gap_m": 11.33, "vine_count": 11, "canopy_count": 11, "canopy_area_m2": 11.89, "tile_count": 2, "tiles": ["siret3_r009_c000.tif", "siret3_r009_c001.tif"]}, "geometry": {"type": "LineString", "coordinates": [[629041.523, 5220737.986], [629059.436, 5220711.132]]}}, {"type": "Feature", "properties": {"row_id": "V36-R12", "vineyard_id": "V36", "length_m": 75.03, "row_structure": "disrupted", "gap_count": 5, "max_gap_m": 22.14, "vine_count": 16, "canopy_count": 16, "canopy_area_m2": 9.08, "tile_count": 3, "tiles": ["siret3_r009_c000.tif", "siret3_r009_c001.tif", "siret3_r010_c001.tif"]}, "geometry": {"type": "LineString", "coordinates": [[629037.875, 5220732.801], [629079.016, 5220670.058]]}}, {"type": "Feature", "properties": {"row_id": "V36-R10", "vineyard_id": "V36", "length_m": 73.23, "row_structure": "disrupted", "gap_count": 4, "max_gap_m": 22.57, "vine_count": 19, "canopy_count": 19, "canopy_area_m2": 17.24, "tile_count": 3, "tiles": ["siret3_r009_c000.tif", "siret3_r009_c001.tif", "siret3_r010_c001.tif"]}, "geometry": {"type": "LineString", "coordinates": [[629033.339, 5220729.194], [629043.232, 5220713.789], [629053.271, 5220698.48], [629063.412, 5220683.238], [629073.404, 5220667.898]]}}, {"type": "Feature", "properties": {"row_id": "V36-R09", "vineyard_id": "V36", "length_m": 59.85, "row_structure": "disrupted", "gap_count": 3, "max_gap_m": 17.54, "vine_count": 16, "canopy_count": 16, "canopy_area_m2": 13.73, "tile_count": 3, "tiles": ["siret3_r009_c000.tif", "siret3_r010_c000.tif", "siret3_r010_c001.tif"]}, "geometry": {"type": "LineString", "coordinates": [[629040.152, 5220712.848], [629051.17, 5220696.217], [629062.09, 5220679.522], [629072.834, 5220662.711]]}}, {"type": "Feature", "properties": {"row_id": "V36-R08", "vineyard_id": "V36", "length_m": 62.56, "row_structure": "disrupted", "gap_count": 6, "max_gap_m": 12.27, "vine_count": 18, "canopy_count": 19, "canopy_area_m2": 14.43, "tile_count": 3, "tiles": ["siret3_r009_c000.tif", "siret3_r010_c000.tif", "siret3_r010_c001.tif"]}, "geometry": {"type": "LineString", "coordinates": [[629036.738, 5220712.339], [629054.095, 5220686.314], [629071.277, 5220660.172]]}}, {"type": "Feature", "properties": {"row_id": "V36-R07", "vineyard_id": "V36", "length_m": 96.38, "row_structure": "disrupted", "gap_count": 2, "max_gap_m": 8.53, "vine_count": 49, "canopy_count": 50, "canopy_area_m2": 37.76, "tile_count": 4, "tiles": ["siret3_r009_c000.tif", "siret3_r010_c000.tif", "siret3_r010_c001.tif", "siret3_r011_c001.tif"]}, "geometry": {"type": "LineString", "coordinates": [[629018.946, 5220734.547], [629029.281, 5220718.274], [629050.47, 5220686.069], [629071.57, 5220653.805]]}}, {"type": "Feature", "properties": {"row_id": "V36-R06", "vineyard_id": "V36", "length_m": 84.95, "row_structure": "disrupted", "gap_count": 4, "max_gap_m": 17.82, "vine_count": 24, "canopy_count": 25, "canopy_area_m2": 22.37, "tile_count": 3, "tiles": ["siret3_r009_c000.tif", "siret3_r010_c000.tif", "siret3_r010_c001.tif"]}, "geometry": {"type": "LineString", "coordinates": [[629017.736, 5220730.35], [629064.213, 5220659.245]]}}, {"type": "Feature", "properties": {"row_id": "V36-R05", "vineyard_id": "V36", "length_m": 99.78, "row_structure": "disrupted", "gap_count": 5, "max_gap_m": 8.96, "vine_count": 46, "canopy_count": 46, "canopy_area_m2": 32.49, "tile_count": 4, "tiles": ["siret3_r009_c000.tif", "siret3_r010_c000.tif", "siret3_r010_c001.tif", "siret3_r011_c001.tif"]}, "geometry": {"type": "LineString", "coordinates": [[629012.79, 5220732.229], [629045.738, 5220682.24], [629067.446, 5220648.746]]}}, {"type": "Feature", "properties": {"row_id": "V36-R04", "vineyard_id": "V36", "length_m": 97.95, "row_structure": "disrupted", "gap_count": 3, "max_gap_m": 13.47, "vine_count": 48, "canopy_count": 50, "canopy_area_m2": 31.13, "tile_count": 4, "tiles": ["siret3_r009_c000.tif", "siret3_r010_c000.tif", "siret3_r010_c001.tif", "siret3_r011_c001.tif"]}, "geometry": {"type": "LineString", "coordinates": [[629011.207, 5220729.44], [629022.042, 5220713.118], [629032.726, 5220696.699], [629043.29, 5220680.201], [629054.087, 5220663.855], [629065.071, 5220647.631]]}}, {"type": "Feature", "properties": {"row_id": "V36-R03", "vineyard_id": "V36", "length_m": 69.42, "row_structure": "disrupted", "gap_count": 3, "max_gap_m": 10.77, "vine_count": 29, "canopy_count": 29, "canopy_area_m2": 25.57, "tile_count": 3, "tiles": ["siret3_r009_c000.tif", "siret3_r010_c000.tif", "siret3_r010_c001.tif"]}, "geometry": {"type": "LineString", "coordinates": [[629015.743, 5220717.378], [629024.95, 5220702.662], [629034.447, 5220688.138], [629053.812, 5220659.332]]}}, {"type": "Feature", "properties": {"row_id": "V36-R02", "vineyard_id": "V36", "length_m": 42.52, "row_structure": "disrupted", "gap_count": 3, "max_gap_m": 10.68, "vine_count": 16, "canopy_count": 16, "canopy_area_m2": 11.27, "tile_count": 2, "tiles": ["siret3_r009_c000.tif", "siret3_r010_c000.tif"]}, "geometry": {"type": "LineString", "coordinates": [[629007.281, 5220724.52], [629030.586, 5220688.955]]}}, {"type": "Feature", "properties": {"row_id": "V03-R08", "vineyard_id": "V03", "length_m": 79.41, "row_structure": "disrupted", "gap_count": 4, "max_gap_m": 41.78, "vine_count": 14, "canopy_count": 22, "canopy_area_m2": 12.59, "tile_count": 2, "tiles": ["siret3_r009_c001.tif", "siret3_r010_c002.tif"]}, "geometry": {"type": "LineString", "coordinates": [[629063.57, 5220750.978], [629075.01, 5220734.762], [629086.958, 5220718.905], [629108.843, 5220685.773]]}}, {"type": "Feature", "properties": {"row_id": "V03-R04", "vineyard_id": "V03", "length_m": 50.05, "row_structure": "disrupted", "gap_count": 1, "max_gap_m": 5.77, "vine_count": 28, "canopy_count": 33, "canopy_area_m2": 22.95, "tile_count": 2, "tiles": ["siret3_r010_c001.tif", "siret3_r010_c002.tif"]}, "geometry": {"type": "LineString", "coordinates": [[629077.521, 5220710.64], [629105.384, 5220669.065]]}}, {"type": "Feature", "properties": {"row_id": "V36-R13", "vineyard_id": "V36", "length_m": 79.84, "row_structure": "disrupted", "gap_count": 5, "max_gap_m": 28.35, "vine_count": 19, "canopy_count": 19, "canopy_area_m2": 17.01, "tile_count": 2, "tiles": ["siret3_r009_c001.tif", "siret3_r010_c001.tif"]}, "geometry": {"type": "LineString", "coordinates": [[629044.456, 5220728.265], [629055.242, 5220711.469], [629077.239, 5220678.155], [629088.04, 5220661.369]]}}, {"type": "Feature", "properties": {"row_id": "V36-R11", "vineyard_id": "V36", "length_m": 28.09, "row_structure": "disrupted", "gap_count": 1, "max_gap_m": 15.58, "vine_count": 9, "canopy_count": 9, "canopy_area_m2": 7.52, "tile_count": 2, "tiles": ["siret3_r009_c001.tif", "siret3_r010_c001.tif"]}, "geometry": {"type": "LineString", "coordinates": [[629043.25, 5220719.213], [629058.587, 5220695.677]]}}, {"type": "Feature", "properties": {"row_id": "V03-R37", "vineyard_id": "V03", "length_m": 12.6, "row_structure": "disrupted", "gap_count": 1, "max_gap_m": 5.56, "vine_count": 8, "canopy_count": 11, "canopy_area_m2": 5.95, "tile_count": 1, "tiles": ["siret3_r009_c002.tif"]}, "geometry": {"type": "LineString", "coordinates": [[629133.719, 5220759.178], [629139.272, 5220747.871]]}}, {"type": "Feature", "properties": {"row_id": "V03-R35", "vineyard_id": "V03", "length_m": 35.1, "row_structure": "disrupted", "gap_count": 2, "max_gap_m": 10.84, "vine_count": 16, "canopy_count": 18, "canopy_area_m2": 9.46, "tile_count": 2, "tiles": ["siret3_r009_c002.tif", "siret3_r009_c003.tif"]}, "geometry": {"type": "LineString", "coordinates": [[629127.424, 5220761.063], [629146.187, 5220731.394]]}}, {"type": "Feature", "properties": {"row_id": "V03-R33", "vineyard_id": "V03", "length_m": 38.97, "row_structure": "disrupted", "gap_count": 2, "max_gap_m": 8.91, "vine_count": 19, "canopy_count": 20, "canopy_area_m2": 10.34, "tile_count": 1, "tiles": ["siret3_r009_c002.tif"]}, "geometry": {"type": "LineString", "coordinates": [[629123.388, 5220761.686], [629144.562, 5220728.968]]}}, {"type": "Feature", "properties": {"row_id": "V03-R32", "vineyard_id": "V03", "length_m": 53.11, "row_structure": "regular", "gap_count": 0, "max_gap_m": 4.43, "vine_count": 34, "canopy_count": 35, "canopy_area_m2": 18.85, "tile_count": 2, "tiles": ["siret3_r009_c002.tif", "siret3_r009_c003.tif"]}, "geometry": {"type": "LineString", "coordinates": [[629119.37, 5220762.422], [629148.225, 5220717.833]]}}, {"type": "Feature", "properties": {"row_id": "V03-R31", "vineyard_id": "V03", "length_m": 58.45, "row_structure": "regular", "gap_count": 0, "max_gap_m": 3.47, "vine_count": 38, "canopy_count": 39, "canopy_area_m2": 20.7, "tile_count": 2, "tiles": ["siret3_r009_c002.tif", "siret3_r009_c003.tif"]}, "geometry": {"type": "LineString", "coordinates": [[629149.915, 5220709.791], [629118.213, 5220758.902]]}}, {"type": "Feature", "properties": {"row_id": "V03-R30", "vineyard_id": "V03", "length_m": 67.65, "row_structure": "disrupted", "gap_count": 3, "max_gap_m": 6.86, "vine_count": 40, "canopy_count": 40, "canopy_area_m2": 20.68, "tile_count": 2, "tiles": ["siret3_r009_c002.tif", "siret3_r010_c003.tif"]}, "geometry": {"type": "LineString", "coordinates": [[629112.868, 5220761.488], [629149.702, 5220704.742]]}}, {"type": "Feature", "properties": {"row_id": "V03-R27", "vineyard_id": "V03", "length_m": 65.86, "row_structure": "disrupted", "gap_count": 4, "max_gap_m": 9.37, "vine_count": 32, "canopy_count": 33, "canopy_area_m2": 21.15, "tile_count": 2, "tiles": ["siret3_r009_c002.tif", "siret3_r010_c002.tif"]}, "geometry": {"type": "LineString", "coordinates": [[629109.823, 5220760.964], [629118.626, 5220747.049], [629136.537, 5220719.414], [629145.39, 5220705.531]]}}, {"type": "Feature", "properties": {"row_id": "V03-R24", "vineyard_id": "V03", "length_m": 72.54, "row_structure": "disrupted", "gap_count": 1, "max_gap_m": 9.7, "vine_count": 41, "canopy_count": 41, "canopy_area_m2": 20.66, "tile_count": 2, "tiles": ["siret3_r009_c002.tif", "siret3_r010_c002.tif"]}, "geometry": {"type": "LineString", "coordinates": [[629105.915, 5220761.237], [629145.51, 5220700.455]]}}, {"type": "Feature", "properties": {"row_id": "V03-R13", "vineyard_id": "V03", "length_m": 76.11, "row_structure": "disrupted", "gap_count": 3, "max_gap_m": 32.66, "vine_count": 20, "canopy_count": 22, "canopy_area_m2": 11.76, "tile_count": 2, "tiles": ["siret3_r009_c002.tif", "siret3_r010_c002.tif"]}, "geometry": {"type": "LineString", "coordinates": [[629094.32, 5220724.664], [629135.696, 5220660.787]]}}, {"type": "Feature", "properties": {"row_id": "V03-R12", "vineyard_id": "V03", "length_m": 11.65, "row_structure": "regular", "gap_count": 0, "max_gap_m": 1.65, "vine_count": 10, "canopy_count": 10, "canopy_area_m2": 3.66, "tile_count": 1, "tiles": ["siret3_r009_c002.tif"]}, "geometry": {"type": "LineString", "coordinates": [[629094.503, 5220719.569], [629100.786, 5220709.758]]}}, {"type": "Feature", "properties": {"row_id": "V02-R04", "vineyard_id": "V02", "length_m": 3.93, "row_structure": "regular", "gap_count": 0, "max_gap_m": 2.93, "vine_count": 2, "canopy_count": 2, "canopy_area_m2": 1.02, "tile_count": 1, "tiles": ["siret3_r009_c003.tif"]}, "geometry": {"type": "LineString", "coordinates": [[629160.843, 5220725.369], [629162.151, 5220721.667]]}}, {"type": "Feature", "properties": {"row_id": "V03-R34", "vineyard_id": "V03", "length_m": 3.27, "row_structure": "regular", "gap_count": 0, "max_gap_m": 1.45, "vine_count": 3, "canopy_count": 3, "canopy_area_m2": 1.33, "tile_count": 1, "tiles": ["siret3_r009_c003.tif"]}, "geometry": {"type": "LineString", "coordinates": [[629147.245, 5220728.189], [629146.121, 5220731.259]]}}, {"type": "Feature", "properties": {"row_id": "V02-R27", "vineyard_id": "V02", "length_m": 42.95, "row_structure": "regular", "gap_count": 0, "max_gap_m": 2.76, "vine_count": 54, "canopy_count": 4, "canopy_area_m2": 3.24, "tile_count": 1, "tiles": ["siret3_r009_c004.tif"]}, "geometry": {"type": "LineString", "coordinates": [[629200.952, 5220761.557], [629206.248, 5220748.257], [629211.437, 5220734.914], [629216.795, 5220721.637]]}}, {"type": "Feature", "properties": {"row_id": "V36-R01", "vineyard_id": "V36", "length_m": 19.44, "row_structure": "disrupted", "gap_count": 1, "max_gap_m": 11.56, "vine_count": 8, "canopy_count": 8, "canopy_area_m2": 6.02, "tile_count": 1, "tiles": ["siret3_r010_c000.tif"]}, "geometry": {"type": "LineString", "coordinates": [[629031.571, 5220682.707], [629020.793, 5220698.892]]}}, {"type": "Feature", "properties": {"row_id": "V03-R07", "vineyard_id": "V03", "length_m": 42.6, "row_structure": "disrupted", "gap_count": 2, "max_gap_m": 9.8, "vine_count": 20, "canopy_count": 20, "canopy_area_m2": 11.92, "tile_count": 2, "tiles": ["siret3_r010_c001.tif", "siret3_r010_c002.tif"]}, "geometry": {"type": "LineString", "coordinates": [[629090.233, 5220708.764], [629113.485, 5220673.065]]}}, {"type": "Feature", "properties": {"row_id": "V03-R06", "vineyard_id": "V03", "length_m": 40.69, "row_structure": "regular", "gap_count": 0, "max_gap_m": 2.31, "vine_count": 31, "canopy_count": 31, "canopy_area_m2": 18.31, "tile_count": 2, "tiles": ["siret3_r010_c001.tif", "siret3_r010_c002.tif"]}, "geometry": {"type": "LineString", "coordinates": [[629085.687, 5220709.765], [629108.063, 5220675.783]]}}, {"type": "Feature", "properties": {"row_id": "V03-R05", "vineyard_id": "V03", "length_m": 45.13, "row_structure": "disrupted", "gap_count": 2, "max_gap_m": 7.05, "vine_count": 26, "canopy_count": 26, "canopy_area_m2": 18.17, "tile_count": 2, "tiles": ["siret3_r010_c001.tif", "siret3_r010_c002.tif"]}, "geometry": {"type": "LineString", "coordinates": [[629081.985, 5220709.597], [629090.369, 5220697.105], [629106.945, 5220671.996]]}}, {"type": "Feature", "properties": {"row_id": "V03-R03", "vineyard_id": "V03", "length_m": 49.12, "row_structure": "disrupted", "gap_count": 3, "max_gap_m": 13.77, "vine_count": 16, "canopy_count": 18, "canopy_area_m2": 13.71, "tile_count": 2, "tiles": ["siret3_r010_c001.tif", "siret3_r010_c002.tif"]}, "geometry": {"type": "LineString", "coordinates": [[629074.331, 5220710.207], [629083.433, 5220696.598], [629101.414, 5220669.232]]}}, {"type": "Feature", "properties": {"row_id": "V03-R02", "vineyard_id": "V03", "length_m": 48.24, "row_structure": "regular", "gap_count": 0, "max_gap_m": 3.52, "vine_count": 34, "canopy_count": 35, "canopy_area_m2": 20.49, "tile_count": 2, "tiles": ["siret3_r010_c001.tif", "siret3_r010_c002.tif"]}, "geometry": {"type": "LineString", "coordinates": [[629070.779, 5220710.239], [629079.631, 5220696.814], [629097.12, 5220669.826]]}}, {"type": "Feature", "properties": {"row_id": "V03-R01", "vineyard_id": "V03", "length_m": 5.76, "row_structure": "regular", "gap_count": 0, "max_gap_m": 1.49, "vine_count": 5, "canopy_count": 5, "canopy_area_m2": 3.14, "tile_count": 2, "tiles": ["siret3_r010_c001.tif", "siret3_r010_c002.tif"]}, "geometry": {"type": "LineString", "coordinates": [[629091.936, 5220672.689], [629095.207, 5220667.944]]}}, {"type": "Feature", "properties": {"row_id": "V03-R09", "vineyard_id": "V03", "length_m": 7.24, "row_structure": "disrupted", "gap_count": 1, "max_gap_m": 6.24, "vine_count": 2, "canopy_count": 7, "canopy_area_m2": 4.15, "tile_count": 1, "tiles": ["siret3_r010_c002.tif"]}, "geometry": {"type": "LineString", "coordinates": [[629128.664, 5220661.151], [629124.623, 5220667.163]]}}, {"type": "Feature", "properties": {"row_id": "V03-R10", "vineyard_id": "V03", "length_m": 39.2, "row_structure": "disrupted", "gap_count": 1, "max_gap_m": 5.06, "vine_count": 51, "canopy_count": 0, "canopy_area_m2": 0.0, "tile_count": 1, "tiles": ["siret3_r010_c002.tif"]}, "geometry": {"type": "LineString", "coordinates": [[629119.466, 5220678.677], [629097.591, 5220711.21]]}}, {"type": "Feature", "properties": {"row_id": "V02-R09", "vineyard_id": "V02", "length_m": 54.5, "row_structure": "disrupted", "gap_count": 1, "max_gap_m": 50.74, "vine_count": 3, "canopy_count": 3, "canopy_area_m2": 2.11, "tile_count": 1, "tiles": ["siret3_r010_c003.tif"]}, "geometry": {"type": "LineString", "coordinates": [[629173.808, 5220709.202], [629195.84, 5220659.349]]}}, {"type": "Feature", "properties": {"row_id": "V03-R28", "vineyard_id": "V03", "length_m": 5.07, "row_structure": "regular", "gap_count": 0, "max_gap_m": 2.8, "vine_count": 3, "canopy_count": 3, "canopy_area_m2": 3.17, "tile_count": 1, "tiles": ["siret3_r010_c003.tif"]}, "geometry": {"type": "LineString", "coordinates": [[629152.418, 5220693.643], [629150.441, 5220698.306]]}}, {"type": "Feature", "properties": {"row_id": "V03-R25", "vineyard_id": "V03", "length_m": 9.83, "row_structure": "regular", "gap_count": 0, "max_gap_m": 4.61, "vine_count": 5, "canopy_count": 5, "canopy_area_m2": 2.97, "tile_count": 1, "tiles": ["siret3_r010_c003.tif"]}, "geometry": {"type": "LineString", "coordinates": [[629150.267, 5220691.942], [629145.625, 5220700.606]]}}, {"type": "Feature", "properties": {"row_id": "V05-R24", "vineyard_id": "V05", "length_m": 44.29, "row_structure": "disrupted", "gap_count": 1, "max_gap_m": 43.29, "vine_count": 2, "canopy_count": 2, "canopy_area_m2": 3.16, "tile_count": 1, "tiles": ["siret3_r011_c003.tif"]}, "geometry": {"type": "LineString", "coordinates": [[629156.73, 5220635.772], [629195.983, 5220615.257]]}}, {"type": "Feature", "properties": {"row_id": "V05-R22", "vineyard_id": "V05", "length_m": 42.31, "row_structure": "disrupted", "gap_count": 1, "max_gap_m": 30.79, "vine_count": 8, "canopy_count": 9, "canopy_area_m2": 8.08, "tile_count": 2, "tiles": ["siret3_r011_c003.tif", "siret3_r011_c004.tif"]}, "geometry": {"type": "LineString", "coordinates": [[629166.795, 5220626.684], [629204.739, 5220607.973]]}}, {"type": "Feature", "properties": {"row_id": "V05-R21", "vineyard_id": "V05", "length_m": 16.12, "row_structure": "regular", "gap_count": 0, "max_gap_m": 3.46, "vine_count": 11, "canopy_count": 11, "canopy_area_m2": 5.13, "tile_count": 3, "tiles": ["siret3_r011_c003.tif", "siret3_r012_c003.tif", "siret3_r012_c004.tif"]}, "geometry": {"type": "LineString", "coordinates": [[629192.348, 5220609.485], [629206.708, 5220602.154]]}}, {"type": "Feature", "properties": {"row_id": "V05-R20", "vineyard_id": "V05", "length_m": 46.7, "row_structure": "disrupted", "gap_count": 2, "max_gap_m": 16.96, "vine_count": 13, "canopy_count": 13, "canopy_area_m2": 7.51, "tile_count": 3, "tiles": ["siret3_r011_c003.tif", "siret3_r012_c003.tif", "siret3_r012_c004.tif"]}, "geometry": {"type": "LineString", "coordinates": [[629164.184, 5220621.571], [629205.521, 5220599.836]]}}, {"type": "Feature", "properties": {"row_id": "V05-R25", "vineyard_id": "V05", "length_m": 7.55, "row_structure": "regular", "gap_count": 0, "max_gap_m": 1.89, "vine_count": 6, "canopy_count": 6, "canopy_area_m2": 2.29, "tile_count": 1, "tiles": ["siret3_r011_c004.tif"]}, "geometry": {"type": "LineString", "coordinates": [[629196.109, 5220617.819], [629202.723, 5220614.174]]}}, {"type": "Feature", "properties": {"row_id": "V05-R23", "vineyard_id": "V05", "length_m": 16.81, "row_structure": "disrupted", "gap_count": 1, "max_gap_m": 5.16, "vine_count": 8, "canopy_count": 8, "canopy_area_m2": 4.16, "tile_count": 2, "tiles": ["siret3_r011_c004.tif", "siret3_r012_c004.tif"]}, "geometry": {"type": "LineString", "coordinates": [[629197.066, 5220614.837], [629211.181, 5220605.706]]}}, {"type": "Feature", "properties": {"row_id": "V04-R04", "vineyard_id": "V04", "length_m": 27.26, "row_structure": "disrupted", "gap_count": 1, "max_gap_m": 11.88, "vine_count": 9, "canopy_count": 10, "canopy_area_m2": 7.1, "tile_count": 1, "tiles": ["siret3_r011_c007.tif"]}, "geometry": {"type": "LineString", "coordinates": [[629401.18, 5220654.264], [629394.488, 5220627.838]]}}, {"type": "Feature", "properties": {"row_id": "V04-R03", "vineyard_id": "V04", "length_m": 26.87, "row_structure": "disrupted", "gap_count": 2, "max_gap_m": 10.26, "vine_count": 7, "canopy_count": 7, "canopy_area_m2": 5.44, "tile_count": 1, "tiles": ["siret3_r011_c007.tif"]}, "geometry": {"type": "LineString", "coordinates": [[629397.032, 5220651.274], [629389.285, 5220625.54]]}}, {"type": "Feature", "properties": {"row_id": "V04-R02", "vineyard_id": "V04", "length_m": 8.76, "row_structure": "regular", "gap_count": 0, "max_gap_m": 4.97, "vine_count": 5, "canopy_count": 6, "canopy_area_m2": 2.7, "tile_count": 1, "tiles": ["siret3_r011_c007.tif"]}, "geometry": {"type": "LineString", "coordinates": [[629389.778, 5220644.577], [629388.148, 5220635.972]]}}, {"type": "Feature", "properties": {"row_id": "V04-R01", "vineyard_id": "V04", "length_m": 33.2, "row_structure": "disrupted", "gap_count": 1, "max_gap_m": 27.81, "vine_count": 3, "canopy_count": 3, "canopy_area_m2": 3.2, "tile_count": 1, "tiles": ["siret3_r011_c007.tif"]}, "geometry": {"type": "LineString", "coordinates": [[629383.424, 5220626.607], [629391.568, 5220658.789]]}}, {"type": "Feature", "properties": {"row_id": "V05-R19", "vineyard_id": "V05", "length_m": 17.59, "row_structure": "regular", "gap_count": 0, "max_gap_m": 3.05, "vine_count": 11, "canopy_count": 11, "canopy_area_m2": 8.43, "tile_count": 2, "tiles": ["siret3_r012_c003.tif", "siret3_r012_c004.tif"]}, "geometry": {"type": "LineString", "coordinates": [[629193.965, 5220603.181], [629209.488, 5220594.905]]}}, {"type": "Feature", "properties": {"row_id": "V05-R18", "vineyard_id": "V05", "length_m": 24.87, "row_structure": "disrupted", "gap_count": 1, "max_gap_m": 7.58, "vine_count": 11, "canopy_count": 12, "canopy_area_m2": 6.22, "tile_count": 2, "tiles": ["siret3_r012_c003.tif", "siret3_r012_c004.tif"]}, "geometry": {"type": "LineString", "coordinates": [[629192.989, 5220600.935], [629215.001, 5220589.365]]}}, {"type": "Feature", "properties": {"row_id": "V05-R17", "vineyard_id": "V05", "length_m": 35.75, "row_structure": "disrupted", "gap_count": 1, "max_gap_m": 8.85, "vine_count": 18, "canopy_count": 19, "canopy_area_m2": 9.21, "tile_count": 2, "tiles": ["siret3_r012_c003.tif", "siret3_r012_c004.tif"]}, "geometry": {"type": "LineString", "coordinates": [[629184.159, 5220603.182], [629215.811, 5220586.57]]}}, {"type": "Feature", "properties": {"row_id": "V05-R16", "vineyard_id": "V05", "length_m": 31.18, "row_structure": "disrupted", "gap_count": 1, "max_gap_m": 6.56, "vine_count": 19, "canopy_count": 19, "canopy_area_m2": 8.59, "tile_count": 2, "tiles": ["siret3_r012_c003.tif", "siret3_r012_c004.tif"]}, "geometry": {"type": "LineString", "coordinates": [[629186.854, 5220599.449], [629214.373, 5220584.787]]}}, {"type": "Feature", "properties": {"row_id": "V05-R15", "vineyard_id": "V05", "length_m": 35.09, "row_structure": "disrupted", "gap_count": 1, "max_gap_m": 22.47, "vine_count": 8, "canopy_count": 19, "canopy_area_m2": 9.85, "tile_count": 2, "tiles": ["siret3_r012_c003.tif", "siret3_r012_c004.tif"]}, "geometry": {"type": "LineString", "coordinates": [[629186.006, 5220597.316], [629216.106, 5220579.277]]}}, {"type": "Feature", "properties": {"row_id": "V05-R14", "vineyard_id": "V05", "length_m": 9.47, "row_structure": "regular", "gap_count": 0, "max_gap_m": 3.02, "vine_count": 6, "canopy_count": 6, "canopy_area_m2": 2.62, "tile_count": 1, "tiles": ["siret3_r012_c003.tif"]}, "geometry": {"type": "LineString", "coordinates": [[629183.874, 5220595.577], [629192.2, 5220591.073]]}}, {"type": "Feature", "properties": {"row_id": "V05-R13", "vineyard_id": "V05", "length_m": 33.95, "row_structure": "disrupted", "gap_count": 1, "max_gap_m": 5.05, "vine_count": 17, "canopy_count": 17, "canopy_area_m2": 9.02, "tile_count": 2, "tiles": ["siret3_r012_c003.tif", "siret3_r012_c004.tif"]}, "geometry": {"type": "LineString", "coordinates": [[629182.616, 5220593.625], [629212.704, 5220577.897]]}}, {"type": "Feature", "properties": {"row_id": "V05-R12", "vineyard_id": "V05", "length_m": 36.14, "row_structure": "disrupted", "gap_count": 1, "max_gap_m": 5.51, "vine_count": 22, "canopy_count": 22, "canopy_area_m2": 9.3, "tile_count": 2, "tiles": ["siret3_r012_c003.tif", "siret3_r012_c004.tif"]}, "geometry": {"type": "LineString", "coordinates": [[629181.898, 5220591.533], [629213.8, 5220574.555]]}}, {"type": "Feature", "properties": {"row_id": "V05-R11", "vineyard_id": "V05", "length_m": 37.0, "row_structure": "regular", "gap_count": 0, "max_gap_m": 4.34, "vine_count": 18, "canopy_count": 18, "canopy_area_m2": 9.1, "tile_count": 2, "tiles": ["siret3_r012_c003.tif", "siret3_r012_c004.tif"]}, "geometry": {"type": "LineString", "coordinates": [[629181.391, 5220589.2], [629214.146, 5220571.998]]}}, {"type": "Feature", "properties": {"row_id": "V05-R10", "vineyard_id": "V05", "length_m": 37.7, "row_structure": "disrupted", "gap_count": 2, "max_gap_m": 6.01, "vine_count": 18, "canopy_count": 18, "canopy_area_m2": 6.95, "tile_count": 2, "tiles": ["siret3_r012_c003.tif", "siret3_r012_c004.tif"]}, "geometry": {"type": "LineString", "coordinates": [[629179.252, 5220587.758], [629212.465, 5220569.929]]}}, {"type": "Feature", "properties": {"row_id": "V05-R09", "vineyard_id": "V05", "length_m": 55.2, "row_structure": "disrupted", "gap_count": 2, "max_gap_m": 14.95, "vine_count": 19, "canopy_count": 19, "canopy_area_m2": 10.98, "tile_count": 2, "tiles": ["siret3_r012_c003.tif", "siret3_r012_c004.tif"]}, "geometry": {"type": "LineString", "coordinates": [[629179.027, 5220585.329], [629227.744, 5220559.377]]}}, {"type": "Feature", "properties": {"row_id": "V05-R08", "vineyard_id": "V05", "length_m": 54.97, "row_structure": "disrupted", "gap_count": 2, "max_gap_m": 10.53, "vine_count": 25, "canopy_count": 25, "canopy_area_m2": 16.8, "tile_count": 2, "tiles": ["siret3_r012_c003.tif", "siret3_r012_c004.tif"]}, "geometry": {"type": "LineString", "coordinates": [[629160.125, 5220592.646], [629208.828, 5220567.154]]}}, {"type": "Feature", "properties": {"row_id": "V05-R07", "vineyard_id": "V05", "length_m": 61.61, "row_structure": "disrupted", "gap_count": 1, "max_gap_m": 19.74, "vine_count": 25, "canopy_count": 25, "canopy_area_m2": 12.35, "tile_count": 2, "tiles": ["siret3_r012_c003.tif", "siret3_r012_c004.tif"]}, "geometry": {"type": "LineString", "coordinates": [[629159.372, 5220590.074], [629173.025, 5220582.948], [629186.781, 5220576.02], [629214.008, 5220561.615]]}}, {"type": "Feature", "properties": {"row_id": "V05-R06", "vineyard_id": "V05", "length_m": 38.33, "row_structure": "disrupted", "gap_count": 3, "max_gap_m": 11.39, "vine_count": 14, "canopy_count": 15, "canopy_area_m2": 10.01, "tile_count": 2, "tiles": ["siret3_r012_c003.tif", "siret3_r012_c004.tif"]}, "geometry": {"type": "LineString", "coordinates": [[629183.485, 5220575.618], [629216.989, 5220557.006]]}}, {"type": "Feature", "properties": {"row_id": "V05-R05", "vineyard_id": "V05", "length_m": 47.4, "row_structure": "disrupted", "gap_count": 3, "max_gap_m": 16.13, "vine_count": 14, "canopy_count": 14, "canopy_area_m2": 9.26, "tile_count": 3, "tiles": ["siret3_r012_c003.tif", "siret3_r012_c004.tif", "siret3_r013_c004.tif"]}, "geometry": {"type": "LineString", "coordinates": [[629176.262, 5220576.76], [629190.13, 5220569.19], [629204.053, 5220561.722], [629218.033, 5220554.361]]}}, {"type": "Feature", "properties": {"row_id": "V05-R04", "vineyard_id": "V05", "length_m": 45.04, "row_structure": "disrupted", "gap_count": 2, "max_gap_m": 8.51, "vine_count": 17, "canopy_count": 18, "canopy_area_m2": 11.78, "tile_count": 3, "tiles": ["siret3_r012_c003.tif", "siret3_r012_c004.tif", "siret3_r013_c004.tif"]}, "geometry": {"type": "LineString", "coordinates": [[629174.961, 5220574.766], [629201.409, 5220560.548], [629214.711, 5220553.585]]}}, {"type": "Feature", "properties": {"row_id": "V05-R03", "vineyard_id": "V05", "length_m": 40.78, "row_structure": "regular", "gap_count": 0, "max_gap_m": 4.03, "vine_count": 18, "canopy_count": 19, "canopy_area_m2": 12.89, "tile_count": 3, "tiles": ["siret3_r012_c003.tif", "siret3_r012_c004.tif", "siret3_r013_c004.tif"]}, "geometry": {"type": "LineString", "coordinates": [[629179.202, 5220569.929], [629191.148, 5220563.444], [629203.144, 5220557.055], [629215.224, 5220550.822]]}}, {"type": "Feature", "properties": {"row_id": "V05-R02", "vineyard_id": "V05", "length_m": 46.77, "row_structure": "disrupted", "gap_count": 2, "max_gap_m": 7.27, "vine_count": 16, "canopy_count": 16, "canopy_area_m2": 14.95, "tile_count": 2, "tiles": ["siret3_r012_c003.tif", "siret3_r013_c004.tif"]}, "geometry": {"type": "LineString", "coordinates": [[629172.905, 5220570.831], [629213.959, 5220548.418]]}}, {"type": "Feature", "properties": {"row_id": "V05-R01", "vineyard_id": "V05", "length_m": 44.84, "row_structure": "disrupted", "gap_count": 2, "max_gap_m": 35.76, "vine_count": 4, "canopy_count": 4, "canopy_area_m2": 4.96, "tile_count": 2, "tiles": ["siret3_r012_c003.tif", "siret3_r013_c004.tif"]}, "geometry": {"type": "LineString", "coordinates": [[629160.093, 5220574.654], [629199.704, 5220553.637]]}}, {"type": "Feature", "properties": {"row_id": "V06-R21", "vineyard_id": "V06", "length_m": 31.02, "row_structure": "disrupted", "gap_count": 1, "max_gap_m": 30.02, "vine_count": 2, "canopy_count": 2, "canopy_area_m2": 5.81, "tile_count": 1, "tiles": ["siret3_r013_c003.tif"]}, "geometry": {"type": "LineString", "coordinates": [[629159.81, 5220554.64], [629187.218, 5220540.12]]}}, {"type": "Feature", "properties": {"row_id": "V06-R20", "vineyard_id": "V06", "length_m": 33.35, "row_structure": "disrupted", "gap_count": 2, "max_gap_m": 21.25, "vine_count": 5, "canopy_count": 5, "canopy_area_m2": 7.81, "tile_count": 1, "tiles": ["siret3_r013_c003.tif"]}, "geometry": {"type": "LineString", "coordinates": [[629193.936, 5220530.684], [629164.55, 5220546.448]]}}, {"type": "Feature", "properties": {"row_id": "V06-R19", "vineyard_id": "V06", "length_m": 63.7, "row_structure": "disrupted", "gap_count": 3, "max_gap_m": 13.01, "vine_count": 22, "canopy_count": 23, "canopy_area_m2": 11.06, "tile_count": 2, "tiles": ["siret3_r013_c003.tif", "siret3_r013_c004.tif"]}, "geometry": {"type": "LineString", "coordinates": [[629165.426, 5220543.679], [629221.377, 5220513.222]]}}, {"type": "Feature", "properties": {"row_id": "V06-R18", "vineyard_id": "V06", "length_m": 82.74, "row_structure": "disrupted", "gap_count": 3, "max_gap_m": 6.71, "vine_count": 41, "canopy_count": 41, "canopy_area_m2": 20.92, "tile_count": 2, "tiles": ["siret3_r013_c003.tif", "siret3_r013_c004.tif"]}, "geometry": {"type": "LineString", "coordinates": [[629156.209, 5220546.102], [629228.853, 5220506.485]]}}, {"type": "Feature", "properties": {"row_id": "V06-R17", "vineyard_id": "V06", "length_m": 82.94, "row_structure": "disrupted", "gap_count": 3, "max_gap_m": 6.54, "vine_count": 40, "canopy_count": 40, "canopy_area_m2": 18.68, "tile_count": 3, "tiles": ["siret3_r013_c003.tif", "siret3_r013_c004.tif", "siret3_r014_c004.tif"]}, "geometry": {"type": "LineString", "coordinates": [[629227.78, 5220504.663], [629154.869, 5220544.2]]}}, {"type": "Feature", "properties": {"row_id": "V06-R16", "vineyard_id": "V06", "length_m": 83.61, "row_structure": "disrupted", "gap_count": 3, "max_gap_m": 8.8, "vine_count": 43, "canopy_count": 43, "canopy_area_m2": 20.54, "tile_count": 3, "tiles": ["siret3_r013_c003.tif", "siret3_r013_c004.tif", "siret3_r014_c004.tif"]}, "geometry": {"type": "LineString", "coordinates": [[629154.986, 5220541.524], [629228.516, 5220501.72]]}}, {"type": "Feature", "properties": {"row_id": "V06-R15", "vineyard_id": "V06", "length_m": 84.62, "row_structure": "disrupted", "gap_count": 2, "max_gap_m": 7.15, "vine_count": 46, "canopy_count": 46, "canopy_area_m2": 25.25, "tile_count": 3, "tiles": ["siret3_r013_c003.tif", "siret3_r013_c004.tif", "siret3_r014_c004.tif"]}, "geometry": {"type": "LineString", "coordinates": [[629156.29, 5220538.013], [629230.654, 5220497.637]]}}, {"type": "Feature", "properties": {"row_id": "V06-R14", "vineyard_id": "V06", "length_m": 87.45, "row_structure": "disrupted", "gap_count": 2, "max_gap_m": 8.06, "vine_count": 39, "canopy_count": 39, "canopy_area_m2": 24.95, "tile_count": 3, "tiles": ["siret3_r013_c003.tif", "siret3_r013_c004.tif", "siret3_r014_c004.tif"]}, "geometry": {"type": "LineString", "coordinates": [[629158.666, 5220534.256], [629189.382, 5220517.515], [629220.171, 5220500.91], [629235.633, 5220492.732]]}}, {"type": "Feature", "properties": {"row_id": "V06-R13", "vineyard_id": "V06", "length_m": 27.22, "row_structure": "disrupted", "gap_count": 2, "max_gap_m": 13.09, "vine_count": 5, "canopy_count": 5, "canopy_area_m2": 6.46, "tile_count": 3, "tiles": ["siret3_r013_c003.tif", "siret3_r013_c004.tif", "siret3_r014_c004.tif"]}, "geometry": {"type": "LineString", "coordinates": [[629195.266, 5220510.826], [629219.469, 5220498.375]]}}, {"type": "Feature", "properties": {"row_id": "V06-R11", "vineyard_id": "V06", "length_m": 13.17, "row_structure": "disrupted", "gap_count": 1, "max_gap_m": 9.73, "vine_count": 3, "canopy_count": 3, "canopy_area_m2": 2.54, "tile_count": 1, "tiles": ["siret3_r013_c003.tif"]}, "geometry": {"type": "LineString", "coordinates": [[629175.163, 5220514.665], [629186.799, 5220508.502]]}}, {"type": "Feature", "properties": {"row_id": "V06-R10", "vineyard_id": "V06", "length_m": 72.77, "row_structure": "disrupted", "gap_count": 2, "max_gap_m": 38.89, "vine_count": 7, "canopy_count": 12, "canopy_area_m2": 9.43, "tile_count": 2, "tiles": ["siret3_r013_c003.tif", "siret3_r014_c004.tif"]}, "geometry": {"type": "LineString", "coordinates": [[629177.025, 5220511.088], [629242.573, 5220479.488]]}}, {"type": "Feature", "properties": {"row_id": "V34-R22", "vineyard_id": "V34", "length_m": 3.06, "row_structure": "regular", "gap_count": 0, "max_gap_m": 2.06, "vine_count": 2, "canopy_count": 2, "canopy_area_m2": 2.29, "tile_count": 1, "tiles": ["siret3_r013_c009.tif"]}, "geometry": {"type": "LineString", "coordinates": [[629497.33, 5220554.648], [629498.355, 5220551.764]]}}, {"type": "Feature", "properties": {"row_id": "V34-R21", "vineyard_id": "V34", "length_m": 29.1, "row_structure": "disrupted", "gap_count": 2, "max_gap_m": 17.87, "vine_count": 4, "canopy_count": 5, "canopy_area_m2": 3.99, "tile_count": 1, "tiles": ["siret3_r013_c009.tif"]}, "geometry": {"type": "LineString", "coordinates": [[629503.377, 5220525.916], [629495.311, 5220553.88]]}}, {"type": "Feature", "properties": {"row_id": "V34-R19", "vineyard_id": "V34", "length_m": 35.26, "row_structure": "disrupted", "gap_count": 2, "max_gap_m": 16.98, "vine_count": 6, "canopy_count": 9, "canopy_area_m2": 6.49, "tile_count": 1, "tiles": ["siret3_r013_c009.tif"]}, "geometry": {"type": "LineString", "coordinates": [[629492.772, 5220555.192], [629503.104, 5220521.477]]}}, {"type": "Feature", "properties": {"row_id": "V34-R18", "vineyard_id": "V34", "length_m": 5.19, "row_structure": "regular", "gap_count": 0, "max_gap_m": 4.18, "vine_count": 2, "canopy_count": 2, "canopy_area_m2": 1.23, "tile_count": 1, "tiles": ["siret3_r013_c009.tif"]}, "geometry": {"type": "LineString", "coordinates": [[629490.943, 5220554.817], [629491.902, 5220549.721]]}}, {"type": "Feature", "properties": {"row_id": "V34-R17", "vineyard_id": "V34", "length_m": 45.64, "row_structure": "disrupted", "gap_count": 1, "max_gap_m": 30.66, "vine_count": 8, "canopy_count": 9, "canopy_area_m2": 5.85, "tile_count": 1, "tiles": ["siret3_r013_c009.tif"]}, "geometry": {"type": "LineString", "coordinates": [[629500.9, 5220510.611], [629497.796, 5220525.505], [629491.893, 5220539.562], [629488.326, 5220554.317]]}}, {"type": "Feature", "properties": {"row_id": "V34-R16", "vineyard_id": "V34", "length_m": 26.13, "row_structure": "disrupted", "gap_count": 1, "max_gap_m": 13.0, "vine_count": 6, "canopy_count": 7, "canopy_area_m2": 5.62, "tile_count": 1, "tiles": ["siret3_r013_c009.tif"]}, "geometry": {"type": "LineString", "coordinates": [[629484.864, 5220557.02], [629493.329, 5220532.302]]}}, {"type": "Feature", "properties": {"row_id": "V34-R15", "vineyard_id": "V34", "length_m": 37.31, "row_structure": "disrupted", "gap_count": 1, "max_gap_m": 21.96, "vine_count": 6, "canopy_count": 5, "canopy_area_m2": 3.75, "tile_count": 1, "tiles": ["siret3_r013_c009.tif"]}, "geometry": {"type": "LineString", "coordinates": [[629487.018, 5220547.169], [629497.739, 5220511.437]]}}, {"type": "Feature", "properties": {"row_id": "V34-R14", "vineyard_id": "V34", "length_m": 47.64, "row_structure": "disrupted", "gap_count": 1, "max_gap_m": 34.37, "vine_count": 7, "canopy_count": 8, "canopy_area_m2": 3.97, "tile_count": 1, "tiles": ["siret3_r013_c009.tif"]}, "geometry": {"type": "LineString", "coordinates": [[629481.521, 5220554.558], [629495.784, 5220509.099]]}}, {"type": "Feature", "properties": {"row_id": "V34-R12", "vineyard_id": "V34", "length_m": 2.83, "row_structure": "regular", "gap_count": 0, "max_gap_m": 1.83, "vine_count": 2, "canopy_count": 2, "canopy_area_m2": 3.3, "tile_count": 1, "tiles": ["siret3_r013_c009.tif"]}, "geometry": {"type": "LineString", "coordinates": [[629480.274, 5220552.102], [629481.003, 5220549.365]]}}, {"type": "Feature", "properties": {"row_id": "V34-R11", "vineyard_id": "V34", "length_m": 49.24, "row_structure": "disrupted", "gap_count": 3, "max_gap_m": 26.1, "vine_count": 5, "canopy_count": 5, "canopy_area_m2": 2.83, "tile_count": 1, "tiles": ["siret3_r013_c009.tif"]}, "geometry": {"type": "LineString", "coordinates": [[629492.071, 5220508.078], [629477.089, 5220554.979]]}}, {"type": "Feature", "properties": {"row_id": "V34-R08", "vineyard_id": "V34", "length_m": 43.82, "row_structure": "disrupted", "gap_count": 4, "max_gap_m": 11.39, "vine_count": 7, "canopy_count": 9, "canopy_area_m2": 4.45, "tile_count": 1, "tiles": ["siret3_r013_c009.tif"]}, "geometry": {"type": "LineString", "coordinates": [[629475.205, 5220552.833], [629488.053, 5220510.933]]}}, {"type": "Feature", "properties": {"row_id": "V34-R07", "vineyard_id": "V34", "length_m": 49.31, "row_structure": "disrupted", "gap_count": 3, "max_gap_m": 24.21, "vine_count": 7, "canopy_count": 8, "canopy_area_m2": 5.68, "tile_count": 1, "tiles": ["siret3_r013_c009.tif"]}, "geometry": {"type": "LineString", "coordinates": [[629470.83, 5220553.476], [629486.794, 5220506.818]]}}, {"type": "Feature", "properties": {"row_id": "V34-R05", "vineyard_id": "V34", "length_m": 10.74, "row_structure": "disrupted", "gap_count": 1, "max_gap_m": 6.6, "vine_count": 4, "canopy_count": 4, "canopy_area_m2": 2.99, "tile_count": 1, "tiles": ["siret3_r013_c009.tif"]}, "geometry": {"type": "LineString", "coordinates": [[629470.81, 5220546.509], [629467.882, 5220556.842]]}}, {"type": "Feature", "properties": {"row_id": "V34-R03", "vineyard_id": "V34", "length_m": 51.49, "row_structure": "disrupted", "gap_count": 3, "max_gap_m": 18.8, "vine_count": 10, "canopy_count": 12, "canopy_area_m2": 5.94, "tile_count": 1, "tiles": ["siret3_r013_c009.tif"]}, "geometry": {"type": "LineString", "coordinates": [[629465.923, 5220554.609], [629470.543, 5220538.081], [629475.455, 5220521.64], [629480.771, 5220505.318]]}}, {"type": "Feature", "properties": {"row_id": "V34-R02", "vineyard_id": "V34", "length_m": 43.69, "row_structure": "disrupted", "gap_count": 2, "max_gap_m": 30.8, "vine_count": 7, "canopy_count": 8, "canopy_area_m2": 4.45, "tile_count": 1, "tiles": ["siret3_r013_c009.tif"]}, "geometry": {"type": "LineString", "coordinates": [[629475.364, 5220509.614], [629462.162, 5220551.258]]}}, {"type": "Feature", "properties": {"row_id": "V34-R01", "vineyard_id": "V34", "length_m": 21.55, "row_structure": "disrupted", "gap_count": 2, "max_gap_m": 9.59, "vine_count": 6, "canopy_count": 6, "canopy_area_m2": 5.05, "tile_count": 1, "tiles": ["siret3_r013_c009.tif"]}, "geometry": {"type": "LineString", "coordinates": [[629466.015, 5220529.902], [629458.928, 5220550.251]]}}, {"type": "Feature", "properties": {"row_id": "V34-R10", "vineyard_id": "V34", "length_m": 23.58, "row_structure": "regular", "gap_count": 0, "max_gap_m": 3.95, "vine_count": 11, "canopy_count": 12, "canopy_area_m2": 5.0, "tile_count": 1, "tiles": ["siret3_r013_c009.tif"]}, "geometry": {"type": "LineString", "coordinates": [[629478.056, 5220510.771], [629500.745, 5220517.179]]}}, {"type": "Feature", "properties": {"row_id": "V34-R13", "vineyard_id": "V34", "length_m": 19.37, "row_structure": "disrupted", "gap_count": 1, "max_gap_m": 7.66, "vine_count": 8, "canopy_count": 8, "canopy_area_m2": 3.31, "tile_count": 1, "tiles": ["siret3_r013_c009.tif"]}, "geometry": {"type": "LineString", "coordinates": [[629482.363, 5220514.14], [629501.015, 5220519.358]]}}, {"type": "Feature", "properties": {"row_id": "V34-R09", "vineyard_id": "V34", "length_m": 38.11, "row_structure": "disrupted", "gap_count": 1, "max_gap_m": 30.75, "vine_count": 4, "canopy_count": 4, "canopy_area_m2": 4.17, "tile_count": 1, "tiles": ["siret3_r013_c009.tif"]}, "geometry": {"type": "LineString", "coordinates": [[629502.43, 5220534.945], [629466.124, 5220523.346]]}}, {"type": "Feature", "properties": {"row_id": "V34-R20", "vineyard_id": "V34", "length_m": 3.8, "row_structure": "regular", "gap_count": 0, "max_gap_m": 1.34, "vine_count": 5, "canopy_count": 5, "canopy_area_m2": 2.54, "tile_count": 1, "tiles": ["siret3_r013_c009.tif"]}, "geometry": {"type": "LineString", "coordinates": [[629502.128, 5220537.175], [629498.551, 5220535.902]]}}, {"type": "Feature", "properties": {"row_id": "V48-R04", "vineyard_id": "V48", "length_m": 43.92, "row_structure": "disrupted", "gap_count": 1, "max_gap_m": 20.53, "vine_count": 13, "canopy_count": 14, "canopy_area_m2": 10.13, "tile_count": 1, "tiles": ["siret3_r013_c009.tif"]}, "geometry": {"type": "LineString", "coordinates": [[629503.897, 5220544.429], [629489.566, 5220541.294], [629475.728, 5220536.573], [629461.942, 5220531.686]]}}, {"type": "Feature", "properties": {"row_id": "V48-R03", "vineyard_id": "V48", "length_m": 21.37, "row_structure": "disrupted", "gap_count": 1, "max_gap_m": 11.95, "vine_count": 5, "canopy_count": 9, "canopy_area_m2": 6.81, "tile_count": 1, "tiles": ["siret3_r013_c009.tif"]}, "geometry": {"type": "LineString", "coordinates": [[629476.772, 5220540.724], [629497.085, 5220547.369]]}}, {"type": "Feature", "properties": {"row_id": "V48-R02", "vineyard_id": "V48", "length_m": 37.04, "row_structure": "disrupted", "gap_count": 2, "max_gap_m": 9.85, "vine_count": 10, "canopy_count": 11, "canopy_area_m2": 7.26, "tile_count": 1, "tiles": ["siret3_r013_c009.tif"]}, "geometry": {"type": "LineString", "coordinates": [[629496.776, 5220549.487], [629460.809, 5220540.619]]}}, {"type": "Feature", "properties": {"row_id": "V48-R01", "vineyard_id": "V48", "length_m": 9.93, "row_structure": "disrupted", "gap_count": 1, "max_gap_m": 6.07, "vine_count": 4, "canopy_count": 5, "canopy_area_m2": 2.43, "tile_count": 1, "tiles": ["siret3_r013_c009.tif"]}, "geometry": {"type": "LineString", "coordinates": [[629467.843, 5220544.183], [629458.135, 5220542.077]]}}, {"type": "Feature", "properties": {"row_id": "V34-R04", "vineyard_id": "V34", "length_m": 13.59, "row_structure": "regular", "gap_count": 0, "max_gap_m": 3.8, "vine_count": 6, "canopy_count": 6, "canopy_area_m2": 3.1, "tile_count": 1, "tiles": ["siret3_r013_c009.tif"]}, "geometry": {"type": "LineString", "coordinates": [[629473.966, 5220551.778], [629460.824, 5220548.316]]}}, {"type": "Feature", "properties": {"row_id": "V34-R06", "vineyard_id": "V34", "length_m": 4.37, "row_structure": "regular", "gap_count": 0, "max_gap_m": 2.81, "vine_count": 3, "canopy_count": 5, "canopy_area_m2": 3.16, "tile_count": 1, "tiles": ["siret3_r013_c009.tif"]}, "geometry": {"type": "LineString", "coordinates": [[629470.562, 5220555.35], [629466.627, 5220553.445]]}}, {"type": "Feature", "properties": {"row_id": "V06-R12", "vineyard_id": "V06", "length_m": 17.24, "row_structure": "disrupted", "gap_count": 1, "max_gap_m": 11.92, "vine_count": 4, "canopy_count": 5, "canopy_area_m2": 4.39, "tile_count": 1, "tiles": ["siret3_r014_c004.tif"]}, "geometry": {"type": "LineString", "coordinates": [[629203.186, 5220504.152], [629218.978, 5220497.226]]}}, {"type": "Feature", "properties": {"row_id": "V06-R09", "vineyard_id": "V06", "length_m": 28.85, "row_structure": "disrupted", "gap_count": 1, "max_gap_m": 15.26, "vine_count": 7, "canopy_count": 8, "canopy_area_m2": 5.49, "tile_count": 1, "tiles": ["siret3_r014_c004.tif"]}, "geometry": {"type": "LineString", "coordinates": [[629226.748, 5220484.337], [629200.32, 5220495.906]]}}, {"type": "Feature", "properties": {"row_id": "V06-R08", "vineyard_id": "V06", "length_m": 14.22, "row_structure": "disrupted", "gap_count": 1, "max_gap_m": 9.75, "vine_count": 4, "canopy_count": 4, "canopy_area_m2": 2.22, "tile_count": 1, "tiles": ["siret3_r014_c004.tif"]}, "geometry": {"type": "LineString", "coordinates": [[629210.466, 5220490.059], [629223.036, 5220483.403]]}}, {"type": "Feature", "properties": {"row_id": "V06-R07", "vineyard_id": "V06", "length_m": 10.2, "row_structure": "regular", "gap_count": 0, "max_gap_m": 3.1, "vine_count": 6, "canopy_count": 6, "canopy_area_m2": 3.86, "tile_count": 1, "tiles": ["siret3_r014_c004.tif"]}, "geometry": {"type": "LineString", "coordinates": [[629223.27, 5220480.88], [629232.152, 5220475.861]]}}, {"type": "Feature", "properties": {"row_id": "V06-R06", "vineyard_id": "V06", "length_m": 36.97, "row_structure": "disrupted", "gap_count": 3, "max_gap_m": 10.71, "vine_count": 12, "canopy_count": 13, "canopy_area_m2": 5.26, "tile_count": 1, "tiles": ["siret3_r014_c004.tif"]}, "geometry": {"type": "LineString", "coordinates": [[629230.217, 5220474.096], [629197.717, 5220491.714]]}}, {"type": "Feature", "properties": {"row_id": "V06-R05", "vineyard_id": "V06", "length_m": 6.64, "row_structure": "disrupted", "gap_count": 1, "max_gap_m": 5.64, "vine_count": 2, "canopy_count": 2, "canopy_area_m2": 3.19, "tile_count": 1, "tiles": ["siret3_r014_c004.tif"]}, "geometry": {"type": "LineString", "coordinates": [[629202.592, 5220486.861], [629208.393, 5220483.625]]}}, {"type": "Feature", "properties": {"row_id": "V06-R04", "vineyard_id": "V06", "length_m": 50.08, "row_structure": "disrupted", "gap_count": 1, "max_gap_m": 39.73, "vine_count": 8, "canopy_count": 12, "canopy_area_m2": 7.94, "tile_count": 1, "tiles": ["siret3_r014_c004.tif"]}, "geometry": {"type": "LineString", "coordinates": [[629196.828, 5220487.399], [629240.174, 5220462.323]]}}, {"type": "Feature", "properties": {"row_id": "V06-R03", "vineyard_id": "V06", "length_m": 20.87, "row_structure": "disrupted", "gap_count": 1, "max_gap_m": 7.81, "vine_count": 9, "canopy_count": 9, "canopy_area_m2": 6.06, "tile_count": 1, "tiles": ["siret3_r014_c004.tif"]}, "geometry": {"type": "LineString", "coordinates": [[629207.929, 5220476.097], [629226.14, 5220465.894]]}}, {"type": "Feature", "properties": {"row_id": "V06-R02", "vineyard_id": "V06", "length_m": 8.44, "row_structure": "disrupted", "gap_count": 1, "max_gap_m": 7.44, "vine_count": 2, "canopy_count": 2, "canopy_area_m2": 1.37, "tile_count": 1, "tiles": ["siret3_r014_c004.tif"]}, "geometry": {"type": "LineString", "coordinates": [[629212.074, 5220470.971], [629219.553, 5220467.066]]}}, {"type": "Feature", "properties": {"row_id": "V06-R01", "vineyard_id": "V06", "length_m": 29.24, "row_structure": "disrupted", "gap_count": 1, "max_gap_m": 21.64, "vine_count": 8, "canopy_count": 8, "canopy_area_m2": 3.56, "tile_count": 1, "tiles": ["siret3_r014_c004.tif"]}, "geometry": {"type": "LineString", "coordinates": [[629209.073, 5220469.786], [629235.385, 5220457.033]]}}, {"type": "Feature", "properties": {"row_id": "V08-R22", "vineyard_id": "V08", "length_m": 96.88, "row_structure": "regular", "gap_count": 0, "max_gap_m": 3.68, "vine_count": 62, "canopy_count": 63, "canopy_area_m2": 30.84, "tile_count": 5, "tiles": ["siret3_r018_c010.tif", "siret3_r018_c011.tif", "siret3_r019_c011.tif", "siret3_r020_c011.tif", "siret3_r020_c012.tif"]}, "geometry": {"type": "LineString", "coordinates": [[629552.343, 5220262.33], [629563.743, 5220246.659], [629598.807, 5220200.299], [629610.569, 5220184.901]]}}, {"type": "Feature", "properties": {"row_id": "V09-R19", "vineyard_id": "V09", "length_m": 104.38, "row_structure": "disrupted", "gap_count": 1, "max_gap_m": 7.64, "vine_count": 63, "canopy_count": 63, "canopy_area_m2": 32.17, "tile_count": 3, "tiles": ["siret3_r020_c012.tif", "siret3_r021_c012.tif", "siret3_r021_c013.tif"]}, "geometry": {"type": "LineString", "coordinates": [[629614.702, 5220179.187], [629678.237, 5220096.37]]}}, {"type": "Feature", "properties": {"row_id": "V08-R21", "vineyard_id": "V08", "length_m": 98.59, "row_structure": "disrupted", "gap_count": 2, "max_gap_m": 7.03, "vine_count": 68, "canopy_count": 68, "canopy_area_m2": 30.0, "tile_count": 5, "tiles": ["siret3_r018_c010.tif", "siret3_r018_c011.tif", "siret3_r019_c011.tif", "siret3_r020_c011.tif", "siret3_r020_c012.tif"]}, "geometry": {"type": "LineString", "coordinates": [[629548.905, 5220262.007], [629608.176, 5220183.217]]}}, {"type": "Feature", "properties": {"row_id": "V09-R18", "vineyard_id": "V09", "length_m": 104.0, "row_structure": "regular", "gap_count": 0, "max_gap_m": 3.79, "vine_count": 70, "canopy_count": 70, "canopy_area_m2": 31.75, "tile_count": 3, "tiles": ["siret3_r020_c012.tif", "siret3_r021_c012.tif", "siret3_r021_c013.tif"]}, "geometry": {"type": "LineString", "coordinates": [[629611.624, 5220178.516], [629674.99, 5220096.049]]}}, {"type": "Feature", "properties": {"row_id": "V08-R20", "vineyard_id": "V08", "length_m": 96.53, "row_structure": "regular", "gap_count": 0, "max_gap_m": 3.94, "vine_count": 69, "canopy_count": 69, "canopy_area_m2": 32.29, "tile_count": 4, "tiles": ["siret3_r018_c010.tif", "siret3_r019_c010.tif", "siret3_r019_c011.tif", "siret3_r020_c011.tif"]}, "geometry": {"type": "LineString", "coordinates": [[629546.261, 5220260.32], [629604.599, 5220183.411]]}}, {"type": "Feature", "properties": {"row_id": "V08-R19", "vineyard_id": "V08", "length_m": 18.79, "row_structure": "regular", "gap_count": 0, "max_gap_m": 3.66, "vine_count": 14, "canopy_count": 16, "canopy_area_m2": 6.82, "tile_count": 2, "tiles": ["siret3_r018_c010.tif", "siret3_r019_c010.tif"]}, "geometry": {"type": "LineString", "coordinates": [[629543.164, 5220259.64], [629554.793, 5220244.878]]}}, {"type": "Feature", "properties": {"row_id": "V08-R16", "vineyard_id": "V08", "length_m": 97.45, "row_structure": "disrupted", "gap_count": 3, "max_gap_m": 13.34, "vine_count": 48, "canopy_count": 98, "canopy_area_m2": 40.92, "tile_count": 4, "tiles": ["siret3_r018_c010.tif", "siret3_r019_c010.tif", "siret3_r019_c011.tif", "siret3_r020_c011.tif"]}, "geometry": {"type": "LineString", "coordinates": [[629539.205, 5220258.937], [629562.924, 5220228.008], [629574.284, 5220212.172], [629585.767, 5220196.428], [629597.952, 5220181.206]]}}, {"type": "Feature", "properties": {"row_id": "V09-R14", "vineyard_id": "V09", "length_m": 98.51, "row_structure": "disrupted", "gap_count": 1, "max_gap_m": 5.53, "vine_count": 54, "canopy_count": 91, "canopy_area_m2": 38.91, "tile_count": 4, "tiles": ["siret3_r020_c011.tif", "siret3_r020_c012.tif", "siret3_r021_c012.tif", "siret3_r021_c013.tif"]}, "geometry": {"type": "LineString", "coordinates": [[629602.436, 5220175.068], [629614.328, 5220159.36], [629626.094, 5220143.558], [629637.684, 5220127.625], [629649.5, 5220111.86], [629661.51, 5220096.24]]}}, {"type": "Feature", "properties": {"row_id": "V08-R15", "vineyard_id": "V08", "length_m": 96.8, "row_structure": "regular", "gap_count": 0, "max_gap_m": 3.17, "vine_count": 66, "canopy_count": 67, "canopy_area_m2": 33.86, "tile_count": 4, "tiles": ["siret3_r018_c010.tif", "siret3_r019_c010.tif", "siret3_r019_c011.tif", "siret3_r020_c011.tif"]}, "geometry": {"type": "LineString", "coordinates": [[629536.671, 5220256.528], [629594.81, 5220179.132]]}}, {"type": "Feature", "properties": {"row_id": "V09-R13", "vineyard_id": "V09", "length_m": 103.97, "row_structure": "disrupted", "gap_count": 2, "max_gap_m": 6.84, "vine_count": 58, "canopy_count": 58, "canopy_area_m2": 30.94, "tile_count": 5, "tiles": ["siret3_r020_c011.tif", "siret3_r020_c012.tif", "siret3_r021_c012.tif", "siret3_r021_c013.tif", "siret3_r022_c013.tif"]}, "geometry": {"type": "LineString", "coordinates": [[629598.485, 5220174.486], [629608.868, 5220160.611], [629619.341, 5220146.805], [629661.543, 5220091.818]]}}, {"type": "Feature", "properties": {"row_id": "V12-R19", "vineyard_id": "V12", "length_m": 53.01, "row_structure": "disrupted", "gap_count": 1, "max_gap_m": 7.04, "vine_count": 36, "canopy_count": 36, "canopy_area_m2": 16.64, "tile_count": 1, "tiles": ["siret3_r022_c013.tif"]}, "geometry": {"type": "LineString", "coordinates": [[629664.819, 5220087.427], [629697.042, 5220045.331]]}}, {"type": "Feature", "properties": {"row_id": "V08-R13", "vineyard_id": "V08", "length_m": 97.75, "row_structure": "disrupted", "gap_count": 1, "max_gap_m": 6.34, "vine_count": 63, "canopy_count": 63, "canopy_area_m2": 27.83, "tile_count": 4, "tiles": ["siret3_r018_c010.tif", "siret3_r019_c010.tif", "siret3_r019_c011.tif", "siret3_r020_c011.tif"]}, "geometry": {"type": "LineString", "coordinates": [[629530.139, 5220255.851], [629553.713, 5220224.655], [629589.179, 5220177.941]]}}, {"type": "Feature", "properties": {"row_id": "V09-R11", "vineyard_id": "V09", "length_m": 102.42, "row_structure": "disrupted", "gap_count": 1, "max_gap_m": 7.88, "vine_count": 67, "canopy_count": 67, "canopy_area_m2": 27.06, "tile_count": 4, "tiles": ["siret3_r020_c011.tif", "siret3_r020_c012.tif", "siret3_r021_c012.tif", "siret3_r022_c012.tif"]}, "geometry": {"type": "LineString", "coordinates": [[629592.999, 5220172.919], [629655.145, 5220091.504]]}}, {"type": "Feature", "properties": {"row_id": "V08-R11", "vineyard_id": "V08", "length_m": 98.5, "row_structure": "disrupted", "gap_count": 2, "max_gap_m": 6.16, "vine_count": 63, "canopy_count": 63, "canopy_area_m2": 26.89, "tile_count": 4, "tiles": ["siret3_r018_c010.tif", "siret3_r019_c010.tif", "siret3_r019_c011.tif", "siret3_r020_c011.tif"]}, "geometry": {"type": "LineString", "coordinates": [[629524.809, 5220254.055], [629584.197, 5220175.471]]}}, {"type": "Feature", "properties": {"row_id": "V09-R09", "vineyard_id": "V09", "length_m": 104.12, "row_structure": "regular", "gap_count": 0, "max_gap_m": 3.47, "vine_count": 77, "canopy_count": 77, "canopy_area_m2": 32.7, "tile_count": 4, "tiles": ["siret3_r020_c011.tif", "siret3_r021_c011.tif", "siret3_r021_c012.tif", "siret3_r022_c012.tif"]}, "geometry": {"type": "LineString", "coordinates": [[629587.729, 5220170.828], [629650.926, 5220088.081]]}}, {"type": "Feature", "properties": {"row_id": "V12-R15", "vineyard_id": "V12", "length_m": 44.0, "row_structure": "regular", "gap_count": 0, "max_gap_m": 2.48, "vine_count": 37, "canopy_count": 37, "canopy_area_m2": 15.5, "tile_count": 2, "tiles": ["siret3_r022_c012.tif", "siret3_r022_c013.tif"]}, "geometry": {"type": "LineString", "coordinates": [[629654.65, 5220082.949], [629681.321, 5220047.96]]}}, {"type": "Feature", "properties": {"row_id": "V08-R10", "vineyard_id": "V08", "length_m": 98.41, "row_structure": "regular", "gap_count": 0, "max_gap_m": 4.18, "vine_count": 61, "canopy_count": 61, "canopy_area_m2": 26.12, "tile_count": 4, "tiles": ["siret3_r018_c010.tif", "siret3_r019_c010.tif", "siret3_r019_c011.tif", "siret3_r020_c011.tif"]}, "geometry": {"type": "LineString", "coordinates": [[629522.018, 5220253.257], [629581.193, 5220174.627]]}}, {"type": "Feature", "properties": {"row_id": "V09-R08", "vineyard_id": "V09", "length_m": 104.06, "row_structure": "regular", "gap_count": 0, "max_gap_m": 4.98, "vine_count": 69, "canopy_count": 70, "canopy_area_m2": 29.1, "tile_count": 4, "tiles": ["siret3_r020_c011.tif", "siret3_r021_c011.tif", "siret3_r021_c012.tif", "siret3_r022_c012.tif"]}, "geometry": {"type": "LineString", "coordinates": [[629584.363, 5220170.704], [629594.883, 5220156.916], [629626.62, 5220115.685], [629647.36, 5220087.879]]}}, {"type": "Feature", "properties": {"row_id": "V12-R14", "vineyard_id": "V12", "length_m": 44.96, "row_structure": "disrupted", "gap_count": 2, "max_gap_m": 6.42, "vine_count": 26, "canopy_count": 26, "canopy_area_m2": 13.23, "tile_count": 2, "tiles": ["siret3_r022_c012.tif", "siret3_r022_c013.tif"]}, "geometry": {"type": "LineString", "coordinates": [[629651.226, 5220082.908], [629678.57, 5220047.216]]}}, {"type": "Feature", "properties": {"row_id": "V08-R09", "vineyard_id": "V08", "length_m": 95.62, "row_structure": "disrupted", "gap_count": 1, "max_gap_m": 9.21, "vine_count": 63, "canopy_count": 63, "canopy_area_m2": 27.25, "tile_count": 4, "tiles": ["siret3_r018_c010.tif", "siret3_r019_c010.tif", "siret3_r019_c011.tif", "siret3_r020_c011.tif"]}, "geometry": {"type": "LineString", "coordinates": [[629520.283, 5220250.613], [629577.972, 5220174.354]]}}, {"type": "Feature", "properties": {"row_id": "V09-R07", "vineyard_id": "V09", "length_m": 105.04, "row_structure": "regular", "gap_count": 0, "max_gap_m": 4.21, "vine_count": 77, "canopy_count": 77, "canopy_area_m2": 31.41, "tile_count": 4, "tiles": ["siret3_r020_c011.tif", "siret3_r021_c011.tif", "siret3_r021_c012.tif", "siret3_r022_c012.tif"]}, "geometry": {"type": "LineString", "coordinates": [[629581.694, 5220169.412], [629603.136, 5220141.733], [629624.458, 5220113.963], [629634.966, 5220099.96], [629645.384, 5220085.889]]}}, {"type": "Feature", "properties": {"row_id": "V12-R13", "vineyard_id": "V12", "length_m": 43.33, "row_structure": "regular", "gap_count": 0, "max_gap_m": 2.58, "vine_count": 30, "canopy_count": 30, "canopy_area_m2": 12.94, "tile_count": 2, "tiles": ["siret3_r022_c012.tif", "siret3_r022_c013.tif"]}, "geometry": {"type": "LineString", "coordinates": [[629648.332, 5220081.986], [629674.67, 5220047.58]]}}, {"type": "Feature", "properties": {"row_id": "V08-R08", "vineyard_id": "V08", "length_m": 98.38, "row_structure": "regular", "gap_count": 0, "max_gap_m": 3.76, "vine_count": 61, "canopy_count": 61, "canopy_area_m2": 27.28, "tile_count": 4, "tiles": ["siret3_r018_c010.tif", "siret3_r019_c010.tif", "siret3_r019_c011.tif", "siret3_r020_c011.tif"]}, "geometry": {"type": "LineString", "coordinates": [[629516.328, 5220251.44], [629575.669, 5220172.972]]}}, {"type": "Feature", "properties": {"row_id": "V09-R06", "vineyard_id": "V09", "length_m": 104.05, "row_structure": "regular", "gap_count": 0, "max_gap_m": 4.37, "vine_count": 66, "canopy_count": 67, "canopy_area_m2": 29.59, "tile_count": 4, "tiles": ["siret3_r020_c011.tif", "siret3_r021_c011.tif", "siret3_r021_c012.tif", "siret3_r022_c012.tif"]}, "geometry": {"type": "LineString", "coordinates": [[629578.836, 5220168.7], [629641.949, 5220085.972]]}}, {"type": "Feature", "properties": {"row_id": "V12-R12", "vineyard_id": "V12", "length_m": 45.07, "row_structure": "disrupted", "gap_count": 2, "max_gap_m": 8.91, "vine_count": 23, "canopy_count": 23, "canopy_area_m2": 10.88, "tile_count": 2, "tiles": ["siret3_r022_c012.tif", "siret3_r022_c013.tif"]}, "geometry": {"type": "LineString", "coordinates": [[629645.746, 5220080.63], [629673.176, 5220044.863]]}}, {"type": "Feature", "properties": {"row_id": "V08-R41", "vineyard_id": "V08", "length_m": 99.24, "row_structure": "disrupted", "gap_count": 2, "max_gap_m": 7.43, "vine_count": 60, "canopy_count": 60, "canopy_area_m2": 32.14, "tile_count": 4, "tiles": ["siret3_r018_c011.tif", "siret3_r018_c012.tif", "siret3_r019_c012.tif", "siret3_r019_c013.tif"]}, "geometry": {"type": "LineString", "coordinates": [[629604.122, 5220280.491], [629664.528, 5220201.75]]}}, {"type": "Feature", "properties": {"row_id": "V09-R39", "vineyard_id": "V09", "length_m": 77.51, "row_structure": "regular", "gap_count": 0, "max_gap_m": 4.19, "vine_count": 48, "canopy_count": 48, "canopy_area_m2": 19.81, "tile_count": 3, "tiles": ["siret3_r020_c013.tif", "siret3_r021_c013.tif", "siret3_r021_c014.tif"]}, "geometry": {"type": "LineString", "coordinates": [[629684.36, 5220175.118], [629696.051, 5220159.665], [629719.647, 5220128.924], [629731.371, 5220113.497]]}}, {"type": "Feature", "properties": {"row_id": "V08-R40", "vineyard_id": "V08", "length_m": 100.61, "row_structure": "disrupted", "gap_count": 1, "max_gap_m": 5.38, "vine_count": 62, "canopy_count": 62, "canopy_area_m2": 40.18, "tile_count": 4, "tiles": ["siret3_r018_c011.tif", "siret3_r018_c012.tif", "siret3_r019_c012.tif", "siret3_r019_c013.tif"]}, "geometry": {"type": "LineString", "coordinates": [[629602.141, 5220278.149], [629663.448, 5220198.379]]}}, {"type": "Feature", "properties": {"row_id": "V08-R39", "vineyard_id": "V08", "length_m": 96.67, "row_structure": "disrupted", "gap_count": 2, "max_gap_m": 7.25, "vine_count": 52, "canopy_count": 53, "canopy_area_m2": 27.54, "tile_count": 4, "tiles": ["siret3_r018_c011.tif", "siret3_r018_c012.tif", "siret3_r019_c012.tif", "siret3_r019_c013.tif"]}, "geometry": {"type": "LineString", "coordinates": [[629599.962, 5220276.961], [629611.628, 5220261.541], [629658.946, 5220200.369]]}}, {"type": "Feature", "properties": {"row_id": "V09-R37", "vineyard_id": "V09", "length_m": 76.03, "row_structure": "regular", "gap_count": 0, "max_gap_m": 3.67, "vine_count": 55, "canopy_count": 56, "canopy_area_m2": 21.24, "tile_count": 3, "tiles": ["siret3_r020_c013.tif", "siret3_r021_c013.tif", "siret3_r021_c014.tif"]}, "geometry": {"type": "LineString", "coordinates": [[629680.407, 5220172.335], [629726.61, 5220111.949]]}}, {"type": "Feature", "properties": {"row_id": "V08-R38", "vineyard_id": "V08", "length_m": 91.08, "row_structure": "disrupted", "gap_count": 3, "max_gap_m": 11.43, "vine_count": 50, "canopy_count": 50, "canopy_area_m2": 23.96, "tile_count": 3, "tiles": ["siret3_r018_c011.tif", "siret3_r018_c012.tif", "siret3_r019_c012.tif"]}, "geometry": {"type": "LineString", "coordinates": [[629597.149, 5220276.104], [629652.679, 5220203.908]]}}, {"type": "Feature", "properties": {"row_id": "V08-R37", "vineyard_id": "V08", "length_m": 94.82, "row_structure": "disrupted", "gap_count": 1, "max_gap_m": 6.62, "vine_count": 64, "canopy_count": 64, "canopy_area_m2": 29.07, "tile_count": 3, "tiles": ["siret3_r018_c011.tif", "siret3_r018_c012.tif", "siret3_r019_c012.tif"]}, "geometry": {"type": "LineString", "coordinates": [[629595.281, 5220274.213], [629652.825, 5220198.846]]}}, {"type": "Feature", "properties": {"row_id": "V08-R36", "vineyard_id": "V08", "length_m": 95.82, "row_structure": "regular", "gap_count": 0, "max_gap_m": 3.63, "vine_count": 67, "canopy_count": 67, "canopy_area_m2": 31.72, "tile_count": 3, "tiles": ["siret3_r018_c011.tif", "siret3_r018_c012.tif", "siret3_r019_c012.tif"]}, "geometry": {"type": "LineString", "coordinates": [[629591.621, 5220273.969], [629649.909, 5220197.914]]}}, {"type": "Feature", "properties": {"row_id": "V09-R33", "vineyard_id": "V09", "length_m": 104.21, "row_structure": "regular", "gap_count": 0, "max_gap_m": 3.86, "vine_count": 67, "canopy_count": 67, "canopy_area_m2": 28.13, "tile_count": 4, "tiles": ["siret3_r020_c012.tif", "siret3_r020_c013.tif", "siret3_r021_c013.tif", "siret3_r021_c014.tif"]}, "geometry": {"type": "LineString", "coordinates": [[629653.999, 5220192.404], [629717.638, 5220109.886]]}}, {"type": "Feature", "properties": {"row_id": "V08-R35", "vineyard_id": "V08", "length_m": 96.98, "row_structure": "disrupted", "gap_count": 2, "max_gap_m": 5.72, "vine_count": 62, "canopy_count": 62, "canopy_area_m2": 28.16, "tile_count": 3, "tiles": ["siret3_r018_c011.tif", "siret3_r019_c012.tif", "siret3_r020_c012.tif"]}, "geometry": {"type": "LineString", "coordinates": [[629588.16, 5220274.198], [629646.948, 5220197.066]]}}, {"type": "Feature", "properties": {"row_id": "V09-R32", "vineyard_id": "V09", "length_m": 104.6, "row_structure": "regular", "gap_count": 0, "max_gap_m": 3.34, "vine_count": 69, "canopy_count": 69, "canopy_area_m2": 28.34, "tile_count": 4, "tiles": ["siret3_r020_c012.tif", "siret3_r020_c013.tif", "siret3_r021_c013.tif", "siret3_r021_c014.tif"]}, "geometry": {"type": "LineString", "coordinates": [[629651.12, 5220191.631], [629714.968, 5220108.773]]}}, {"type": "Feature", "properties": {"row_id": "V12-R39", "vineyard_id": "V12", "length_m": 96.7, "row_structure": "disrupted", "gap_count": 2, "max_gap_m": 7.14, "vine_count": 62, "canopy_count": 63, "canopy_area_m2": 32.34, "tile_count": 4, "tiles": ["siret3_r021_c014.tif", "siret3_r022_c014.tif", "siret3_r022_c015.tif", "siret3_r023_c015.tif"]}, "geometry": {"type": "LineString", "coordinates": [[629720.089, 5220101.765], [629778.735, 5220024.881]]}}, {"type": "Feature", "properties": {"row_id": "V08-R34", "vineyard_id": "V08", "length_m": 98.12, "row_structure": "disrupted", "gap_count": 1, "max_gap_m": 9.37, "vine_count": 63, "canopy_count": 63, "canopy_area_m2": 27.48, "tile_count": 4, "tiles": ["siret3_r018_c011.tif", "siret3_r019_c011.tif", "siret3_r019_c012.tif", "siret3_r020_c012.tif"]}, "geometry": {"type": "LineString", "coordinates": [[629585.448, 5220272.846], [629645.18, 5220195.0]]}}, {"type": "Feature", "properties": {"row_id": "V09-R31", "vineyard_id": "V09", "length_m": 105.2, "row_structure": "regular", "gap_count": 0, "max_gap_m": 4.3, "vine_count": 66, "canopy_count": 66, "canopy_area_m2": 31.82, "tile_count": 4, "tiles": ["siret3_r020_c012.tif", "siret3_r020_c013.tif", "siret3_r021_c013.tif", "siret3_r021_c014.tif"]}, "geometry": {"type": "LineString", "coordinates": [[629648.223, 5220190.807], [629712.397, 5220107.449]]}}, {"type": "Feature", "properties": {"row_id": "V12-R37", "vineyard_id": "V12", "length_m": 96.73, "row_structure": "disrupted", "gap_count": 1, "max_gap_m": 6.77, "vine_count": 60, "canopy_count": 61, "canopy_area_m2": 32.48, "tile_count": 3, "tiles": ["siret3_r021_c014.tif", "siret3_r022_c014.tif", "siret3_r023_c015.tif"]}, "geometry": {"type": "LineString", "coordinates": [[629717.409, 5220101.035], [629776.023, 5220024.092]]}}, {"type": "Feature", "properties": {"row_id": "V08-R33", "vineyard_id": "V08", "length_m": 96.78, "row_structure": "disrupted", "gap_count": 4, "max_gap_m": 8.32, "vine_count": 53, "canopy_count": 53, "canopy_area_m2": 27.4, "tile_count": 4, "tiles": ["siret3_r018_c011.tif", "siret3_r019_c011.tif", "siret3_r019_c012.tif", "siret3_r020_c012.tif"]}, "geometry": {"type": "LineString", "coordinates": [[629582.915, 5220271.662], [629641.711, 5220194.791]]}}, {"type": "Feature", "properties": {"row_id": "V09-R30", "vineyard_id": "V09", "length_m": 104.03, "row_structure": "disrupted", "gap_count": 1, "max_gap_m": 8.73, "vine_count": 66, "canopy_count": 66, "canopy_area_m2": 26.94, "tile_count": 3, "tiles": ["siret3_r020_c012.tif", "siret3_r020_c013.tif", "siret3_r021_c013.tif"]}, "geometry": {"type": "LineString", "coordinates": [[629645.411, 5220189.893], [629708.825, 5220107.427]]}}, {"type": "Feature", "properties": {"row_id": "V08-R32", "vineyard_id": "V08", "length_m": 97.03, "row_structure": "regular", "gap_count": 0, "max_gap_m": 3.84, "vine_count": 68, "canopy_count": 68, "canopy_area_m2": 32.04, "tile_count": 4, "tiles": ["siret3_r018_c011.tif", "siret3_r019_c011.tif", "siret3_r019_c012.tif", "siret3_r020_c012.tif"]}, "geometry": {"type": "LineString", "coordinates": [[629579.789, 5220270.883], [629638.723, 5220193.8]]}}, {"type": "Feature", "properties": {"row_id": "V09-R29", "vineyard_id": "V09", "length_m": 105.28, "row_structure": "disrupted", "gap_count": 1, "max_gap_m": 5.15, "vine_count": 68, "canopy_count": 68, "canopy_area_m2": 29.24, "tile_count": 3, "tiles": ["siret3_r020_c012.tif", "siret3_r020_c013.tif", "siret3_r021_c013.tif"]}, "geometry": {"type": "LineString", "coordinates": [[629642.425, 5220189.374], [629706.384, 5220105.754]]}}, {"type": "Feature", "properties": {"row_id": "V12-R34", "vineyard_id": "V12", "length_m": 98.41, "row_structure": "disrupted", "gap_count": 1, "max_gap_m": 10.32, "vine_count": 68, "canopy_count": 68, "canopy_area_m2": 32.47, "tile_count": 4, "tiles": ["siret3_r021_c014.tif", "siret3_r022_c014.tif", "siret3_r023_c014.tif", "siret3_r023_c015.tif"]}, "geometry": {"type": "LineString", "coordinates": [[629711.049, 5220099.701], [629770.694, 5220021.429]]}}, {"type": "Feature", "properties": {"row_id": "V08-R31", "vineyard_id": "V08", "length_m": 96.95, "row_structure": "disrupted", "gap_count": 1, "max_gap_m": 7.29, "vine_count": 67, "canopy_count": 67, "canopy_area_m2": 31.5, "tile_count": 4, "tiles": ["siret3_r018_c011.tif", "siret3_r019_c011.tif", "siret3_r019_c012.tif", "siret3_r020_c012.tif"]}, "geometry": {"type": "LineString", "coordinates": [[629577.368, 5220270.013], [629636.117, 5220192.886]]}}, {"type": "Feature", "properties": {"row_id": "V09-R28", "vineyard_id": "V09", "length_m": 105.39, "row_structure": "regular", "gap_count": 0, "max_gap_m": 3.96, "vine_count": 67, "canopy_count": 67, "canopy_area_m2": 31.05, "tile_count": 3, "tiles": ["siret3_r020_c012.tif", "siret3_r020_c013.tif", "siret3_r021_c013.tif"]}, "geometry": {"type": "LineString", "coordinates": [[629639.51, 5220188.321], [629703.647, 5220104.689]]}}, {"type": "Feature", "properties": {"row_id": "V12-R33", "vineyard_id": "V12", "length_m": 97.72, "row_structure": "regular", "gap_count": 0, "max_gap_m": 4.79, "vine_count": 66, "canopy_count": 67, "canopy_area_m2": 34.79, "tile_count": 5, "tiles": ["siret3_r021_c013.tif", "siret3_r021_c014.tif", "siret3_r022_c014.tif", "siret3_r023_c014.tif", "siret3_r023_c015.tif"]}, "geometry": {"type": "LineString", "coordinates": [[629707.784, 5220099.221], [629731.713, 5220068.313], [629743.545, 5220052.759], [629755.258, 5220037.115], [629766.833, 5220021.365]]}}, {"type": "Feature", "properties": {"row_id": "V08-R30", "vineyard_id": "V08", "length_m": 89.93, "row_structure": "regular", "gap_count": 0, "max_gap_m": 4.09, "vine_count": 67, "canopy_count": 67, "canopy_area_m2": 29.71, "tile_count": 4, "tiles": ["siret3_r018_c011.tif", "siret3_r019_c011.tif", "siret3_r019_c012.tif", "siret3_r020_c012.tif"]}, "geometry": {"type": "LineString", "coordinates": [[629579.21, 5220263.228], [629600.768, 5220234.431], [629611.664, 5220220.121], [629633.625, 5220191.629]]}}, {"type": "Feature", "properties": {"row_id": "V09-R27", "vineyard_id": "V09", "length_m": 104.61, "row_structure": "regular", "gap_count": 0, "max_gap_m": 4.34, "vine_count": 79, "canopy_count": 79, "canopy_area_m2": 34.58, "tile_count": 3, "tiles": ["siret3_r020_c012.tif", "siret3_r020_c013.tif", "siret3_r021_c013.tif"]}, "geometry": {"type": "LineString", "coordinates": [[629637.282, 5220186.932], [629700.845, 5220103.846]]}}, {"type": "Feature", "properties": {"row_id": "V12-R32", "vineyard_id": "V12", "length_m": 98.43, "row_structure": "regular", "gap_count": 0, "max_gap_m": 3.14, "vine_count": 75, "canopy_count": 75, "canopy_area_m2": 36.57, "tile_count": 5, "tiles": ["siret3_r021_c013.tif", "siret3_r022_c013.tif", "siret3_r022_c014.tif", "siret3_r023_c014.tif", "siret3_r023_c015.tif"]}, "geometry": {"type": "LineString", "coordinates": [[629705.467, 5220097.658], [629764.964, 5220019.245]]}}, {"type": "Feature", "properties": {"row_id": "V08-R29", "vineyard_id": "V08", "length_m": 96.35, "row_structure": "disrupted", "gap_count": 1, "max_gap_m": 5.34, "vine_count": 61, "canopy_count": 61, "canopy_area_m2": 27.85, "tile_count": 4, "tiles": ["siret3_r018_c011.tif", "siret3_r019_c011.tif", "siret3_r019_c012.tif", "siret3_r020_c012.tif"]}, "geometry": {"type": "LineString", "coordinates": [[629571.84, 5220268.196], [629630.141, 5220191.483]]}}, {"type": "Feature", "properties": {"row_id": "V09-R26", "vineyard_id": "V09", "length_m": 103.75, "row_structure": "regular", "gap_count": 0, "max_gap_m": 4.9, "vine_count": 69, "canopy_count": 70, "canopy_area_m2": 32.49, "tile_count": 3, "tiles": ["siret3_r020_c012.tif", "siret3_r020_c013.tif", "siret3_r021_c013.tif"]}, "geometry": {"type": "LineString", "coordinates": [[629634.649, 5220185.285], [629697.842, 5220103.006]]}}, {"type": "Feature", "properties": {"row_id": "V12-R31", "vineyard_id": "V12", "length_m": 99.15, "row_structure": "regular", "gap_count": 0, "max_gap_m": 3.23, "vine_count": 79, "canopy_count": 79, "canopy_area_m2": 39.86, "tile_count": 5, "tiles": ["siret3_r021_c013.tif", "siret3_r022_c013.tif", "siret3_r022_c014.tif", "siret3_r023_c014.tif", "siret3_r023_c015.tif"]}, "geometry": {"type": "LineString", "coordinates": [[629701.457, 5220098.038], [629713.636, 5220082.387], [629725.711, 5220066.658], [629749.588, 5220034.992], [629761.421, 5220019.079]]}}, {"type": "Feature", "properties": {"row_id": "V08-R28", "vineyard_id": "V08", "length_m": 92.09, "row_structure": "regular", "gap_count": 0, "max_gap_m": 4.83, "vine_count": 66, "canopy_count": 66, "canopy_area_m2": 31.84, "tile_count": 4, "tiles": ["siret3_r018_c011.tif", "siret3_r019_c011.tif", "siret3_r019_c012.tif", "siret3_r020_c012.tif"]}, "geometry": {"type": "LineString", "coordinates": [[629568.97, 5220267.293], [629624.599, 5220193.9]]}}, {"type": "Feature", "properties": {"row_id": "V09-R25", "vineyard_id": "V09", "length_m": 93.91, "row_structure": "disrupted", "gap_count": 1, "max_gap_m": 7.15, "vine_count": 68, "canopy_count": 68, "canopy_area_m2": 35.13, "tile_count": 3, "tiles": ["siret3_r020_c012.tif", "siret3_r020_c013.tif", "siret3_r021_c013.tif"]}, "geometry": {"type": "LineString", "coordinates": [[629637.196, 5220177.244], [629694.699, 5220102.996]]}}, {"type": "Feature", "properties": {"row_id": "V12-R30", "vineyard_id": "V12", "length_m": 100.49, "row_structure": "disrupted", "gap_count": 1, "max_gap_m": 6.35, "vine_count": 73, "canopy_count": 76, "canopy_area_m2": 31.97, "tile_count": 4, "tiles": ["siret3_r021_c013.tif", "siret3_r022_c013.tif", "siret3_r022_c014.tif", "siret3_r023_c014.tif"]}, "geometry": {"type": "LineString", "coordinates": [[629698.59, 5220097.535], [629759.495, 5220017.605]]}}, {"type": "Feature", "properties": {"row_id": "V08-R27", "vineyard_id": "V08", "length_m": 85.24, "row_structure": "regular", "gap_count": 0, "max_gap_m": 4.05, "vine_count": 56, "canopy_count": 56, "canopy_area_m2": 23.92, "tile_count": 4, "tiles": ["siret3_r018_c011.tif", "siret3_r019_c011.tif", "siret3_r019_c012.tif", "siret3_r020_c012.tif"]}, "geometry": {"type": "LineString", "coordinates": [[629573.082, 5220257.019], [629624.878, 5220189.322]]}}, {"type": "Feature", "properties": {"row_id": "V09-R24", "vineyard_id": "V09", "length_m": 105.3, "row_structure": "disrupted", "gap_count": 4, "max_gap_m": 8.88, "vine_count": 63, "canopy_count": 64, "canopy_area_m2": 27.0, "tile_count": 2, "tiles": ["siret3_r020_c012.tif", "siret3_r021_c013.tif"]}, "geometry": {"type": "LineString", "coordinates": [[629628.378, 5220184.39], [629692.628, 5220100.962]]}}, {"type": "Feature", "properties": {"row_id": "V12-R29", "vineyard_id": "V12", "length_m": 100.56, "row_structure": "disrupted", "gap_count": 4, "max_gap_m": 12.77, "vine_count": 48, "canopy_count": 49, "canopy_area_m2": 21.8, "tile_count": 3, "tiles": ["siret3_r022_c013.tif", "siret3_r022_c014.tif", "siret3_r023_c014.tif"]}, "geometry": {"type": "LineString", "coordinates": [[629695.835, 5220096.783], [629716.309, 5220070.242], [629726.434, 5220056.888], [629756.645, 5220016.697]]}}, {"type": "Feature", "properties": {"row_id": "V08-R26", "vineyard_id": "V08", "length_m": 96.7, "row_structure": "disrupted", "gap_count": 1, "max_gap_m": 7.54, "vine_count": 58, "canopy_count": 58, "canopy_area_m2": 29.18, "tile_count": 4, "tiles": ["siret3_r018_c011.tif", "siret3_r019_c011.tif", "siret3_r019_c012.tif", "siret3_r020_c012.tif"]}, "geometry": {"type": "LineString", "coordinates": [[629563.353, 5220265.766], [629621.742, 5220188.681]]}}, {"type": "Feature", "properties": {"row_id": "V09-R23", "vineyard_id": "V09", "length_m": 103.47, "row_structure": "disrupted", "gap_count": 5, "max_gap_m": 11.03, "vine_count": 52, "canopy_count": 52, "canopy_area_m2": 24.47, "tile_count": 3, "tiles": ["siret3_r020_c012.tif", "siret3_r021_c012.tif", "siret3_r021_c013.tif"]}, "geometry": {"type": "LineString", "coordinates": [[629626.231, 5220183.019], [629689.122, 5220100.856]]}}, {"type": "Feature", "properties": {"row_id": "V08-R25", "vineyard_id": "V08", "length_m": 88.42, "row_structure": "disrupted", "gap_count": 1, "max_gap_m": 9.38, "vine_count": 57, "canopy_count": 59, "canopy_area_m2": 24.89, "tile_count": 4, "tiles": ["siret3_r018_c011.tif", "siret3_r019_c011.tif", "siret3_r019_c012.tif", "siret3_r020_c012.tif"]}, "geometry": {"type": "LineString", "coordinates": [[629562.521, 5220262.327], [629615.731, 5220191.714]]}}, {"type": "Feature", "properties": {"row_id": "V09-R22", "vineyard_id": "V09", "length_m": 104.12, "row_structure": "disrupted", "gap_count": 2, "max_gap_m": 6.06, "vine_count": 67, "canopy_count": 67, "canopy_area_m2": 27.78, "tile_count": 3, "tiles": ["siret3_r020_c012.tif", "siret3_r021_c012.tif", "siret3_r021_c013.tif"]}, "geometry": {"type": "LineString", "coordinates": [[629622.676, 5220182.937], [629685.922, 5220100.226]]}}, {"type": "Feature", "properties": {"row_id": "V08-R24", "vineyard_id": "V08", "length_m": 98.27, "row_structure": "disrupted", "gap_count": 1, "max_gap_m": 6.84, "vine_count": 66, "canopy_count": 66, "canopy_area_m2": 27.62, "tile_count": 4, "tiles": ["siret3_r018_c011.tif", "siret3_r019_c011.tif", "siret3_r019_c012.tif", "siret3_r020_c012.tif"]}, "geometry": {"type": "LineString", "coordinates": [[629557.342, 5220264.572], [629616.431, 5220186.052]]}}, {"type": "Feature", "properties": {"row_id": "V09-R21", "vineyard_id": "V09", "length_m": 102.97, "row_structure": "regular", "gap_count": 0, "max_gap_m": 3.73, "vine_count": 70, "canopy_count": 70, "canopy_area_m2": 33.4, "tile_count": 3, "tiles": ["siret3_r020_c012.tif", "siret3_r021_c012.tif", "siret3_r021_c013.tif"]}, "geometry": {"type": "LineString", "coordinates": [[629620.927, 5220180.692], [629683.608, 5220098.994]]}}, {"type": "Feature", "properties": {"row_id": "V08-R23", "vineyard_id": "V08", "length_m": 97.62, "row_structure": "disrupted", "gap_count": 1, "max_gap_m": 5.99, "vine_count": 62, "canopy_count": 62, "canopy_area_m2": 27.69, "tile_count": 4, "tiles": ["siret3_r018_c011.tif", "siret3_r019_c011.tif", "siret3_r020_c011.tif", "siret3_r020_c012.tif"]}, "geometry": {"type": "LineString", "coordinates": [[629554.997, 5220262.944], [629613.938, 5220185.123]]}}, {"type": "Feature", "properties": {"row_id": "V09-R20", "vineyard_id": "V09", "length_m": 105.09, "row_structure": "regular", "gap_count": 0, "max_gap_m": 4.24, "vine_count": 73, "canopy_count": 73, "canopy_area_m2": 32.72, "tile_count": 3, "tiles": ["siret3_r020_c012.tif", "siret3_r021_c012.tif", "siret3_r021_c013.tif"]}, "geometry": {"type": "LineString", "coordinates": [[629617.149, 5220180.704], [629681.114, 5220097.325]]}}, {"type": "Feature", "properties": {"row_id": "V08-R54", "vineyard_id": "V08", "length_m": 55.35, "row_structure": "disrupted", "gap_count": 3, "max_gap_m": 14.53, "vine_count": 14, "canopy_count": 14, "canopy_area_m2": 17.5, "tile_count": 3, "tiles": ["siret3_r018_c012.tif", "siret3_r018_c013.tif", "siret3_r019_c013.tif"]}, "geometry": {"type": "LineString", "coordinates": [[629641.839, 5220290.177], [629652.994, 5220275.478], [629664.351, 5220260.938], [629675.854, 5220246.511]]}}, {"type": "Feature", "properties": {"row_id": "V08-R53", "vineyard_id": "V08", "length_m": 95.08, "row_structure": "disrupted", "gap_count": 2, "max_gap_m": 7.26, "vine_count": 61, "canopy_count": 61, "canopy_area_m2": 27.94, "tile_count": 3, "tiles": ["siret3_r018_c012.tif", "siret3_r018_c013.tif", "siret3_r019_c013.tif"]}, "geometry": {"type": "LineString", "coordinates": [[629639.221, 5220288.612], [629697.413, 5220213.417]]}}, {"type": "Feature", "properties": {"row_id": "V09-R51", "vineyard_id": "V09", "length_m": 136.21, "row_structure": "disrupted", "gap_count": 4, "max_gap_m": 10.32, "vine_count": 72, "canopy_count": 77, "canopy_area_m2": 51.02, "tile_count": 4, "tiles": ["siret3_r019_c013.tif", "siret3_r020_c014.tif", "siret3_r021_c014.tif", "siret3_r021_c015.tif"]}, "geometry": {"type": "LineString", "coordinates": [[629701.955, 5220207.615], [629784.645, 5220099.383]]}}, {"type": "Feature", "properties": {"row_id": "V08-R52", "vineyard_id": "V08", "length_m": 91.93, "row_structure": "disrupted", "gap_count": 1, "max_gap_m": 9.2, "vine_count": 62, "canopy_count": 62, "canopy_area_m2": 31.87, "tile_count": 3, "tiles": ["siret3_r018_c012.tif", "siret3_r018_c013.tif", "siret3_r019_c013.tif"]}, "geometry": {"type": "LineString", "coordinates": [[629635.65, 5220288.539], [629692.059, 5220215.951]]}}, {"type": "Feature", "properties": {"row_id": "V09-R50", "vineyard_id": "V09", "length_m": 115.19, "row_structure": "disrupted", "gap_count": 1, "max_gap_m": 9.67, "vine_count": 78, "canopy_count": 78, "canopy_area_m2": 32.35, "tile_count": 5, "tiles": ["siret3_r019_c013.tif", "siret3_r020_c013.tif", "siret3_r020_c014.tif", "siret3_r021_c014.tif", "siret3_r021_c015.tif"]}, "geometry": {"type": "LineString", "coordinates": [[629699.291, 5220206.877], [629710.886, 5220191.575], [629745.95, 5220145.881], [629769.159, 5220115.291]]}}, {"type": "Feature", "properties": {"row_id": "V08-R51", "vineyard_id": "V08", "length_m": 91.53, "row_structure": "disrupted", "gap_count": 2, "max_gap_m": 15.19, "vine_count": 48, "canopy_count": 48, "canopy_area_m2": 21.3, "tile_count": 3, "tiles": ["siret3_r018_c012.tif", "siret3_r018_c013.tif", "siret3_r019_c013.tif"]}, "geometry": {"type": "LineString", "coordinates": [[629633.573, 5220287.512], [629689.368, 5220214.949]]}}, {"type": "Feature", "properties": {"row_id": "V09-R49", "vineyard_id": "V09", "length_m": 104.42, "row_structure": "disrupted", "gap_count": 1, "max_gap_m": 6.84, "vine_count": 65, "canopy_count": 65, "canopy_area_m2": 33.45, "tile_count": 4, "tiles": ["siret3_r019_c013.tif", "siret3_r020_c013.tif", "siret3_r020_c014.tif", "siret3_r021_c014.tif"]}, "geometry": {"type": "LineString", "coordinates": [[629696.181, 5220205.917], [629759.912, 5220123.201]]}}, {"type": "Feature", "properties": {"row_id": "V08-R50", "vineyard_id": "V08", "length_m": 95.78, "row_structure": "disrupted", "gap_count": 4, "max_gap_m": 9.57, "vine_count": 52, "canopy_count": 52, "canopy_area_m2": 23.62, "tile_count": 3, "tiles": ["siret3_r018_c012.tif", "siret3_r018_c013.tif", "siret3_r019_c013.tif"]}, "geometry": {"type": "LineString", "coordinates": [[629630.166, 5220287.191], [629688.61, 5220211.308]]}}, {"type": "Feature", "properties": {"row_id": "V09-R48", "vineyard_id": "V09", "length_m": 102.7, "row_structure": "disrupted", "gap_count": 1, "max_gap_m": 6.55, "vine_count": 66, "canopy_count": 66, "canopy_area_m2": 27.8, "tile_count": 4, "tiles": ["siret3_r019_c013.tif", "siret3_r020_c013.tif", "siret3_r020_c014.tif", "siret3_r021_c014.tif"]}, "geometry": {"type": "LineString", "coordinates": [[629694.549, 5220203.946], [629757.024, 5220122.429]]}}, {"type": "Feature", "properties": {"row_id": "V08-R49", "vineyard_id": "V08", "length_m": 112.07, "row_structure": "disrupted", "gap_count": 4, "max_gap_m": 16.14, "vine_count": 52, "canopy_count": 52, "canopy_area_m2": 25.72, "tile_count": 3, "tiles": ["siret3_r018_c012.tif", "siret3_r019_c012.tif", "siret3_r019_c013.tif"]}, "geometry": {"type": "LineString", "coordinates": [[629618.037, 5220298.332], [629686.479, 5220209.584]]}}, {"type": "Feature", "properties": {"row_id": "V09-R47", "vineyard_id": "V09", "length_m": 104.18, "row_structure": "disrupted", "gap_count": 1, "max_gap_m": 5.44, "vine_count": 71, "canopy_count": 71, "canopy_area_m2": 32.65, "tile_count": 4, "tiles": ["siret3_r019_c013.tif", "siret3_r020_c013.tif", "siret3_r020_c014.tif", "siret3_r021_c014.tif"]}, "geometry": {"type": "LineString", "coordinates": [[629691.187, 5220203.412], [629754.751, 5220120.87]]}}, {"type": "Feature", "properties": {"row_id": "V08-R48", "vineyard_id": "V08", "length_m": 98.01, "row_structure": "disrupted", "gap_count": 1, "max_gap_m": 5.61, "vine_count": 75, "canopy_count": 75, "canopy_area_m2": 36.74, "tile_count": 3, "tiles": ["siret3_r018_c012.tif", "siret3_r019_c012.tif", "siret3_r019_c013.tif"]}, "geometry": {"type": "LineString", "coordinates": [[629624.519, 5220285.392], [629684.371, 5220207.777]]}}, {"type": "Feature", "properties": {"row_id": "V09-R46", "vineyard_id": "V09", "length_m": 104.43, "row_structure": "regular", "gap_count": 0, "max_gap_m": 4.23, "vine_count": 75, "canopy_count": 75, "canopy_area_m2": 33.13, "tile_count": 4, "tiles": ["siret3_r019_c013.tif", "siret3_r020_c013.tif", "siret3_r020_c014.tif", "siret3_r021_c014.tif"]}, "geometry": {"type": "LineString", "coordinates": [[629687.831, 5220203.655], [629751.338, 5220120.749]]}}, {"type": "Feature", "properties": {"row_id": "V08-R47", "vineyard_id": "V08", "length_m": 97.21, "row_structure": "disrupted", "gap_count": 1, "max_gap_m": 6.28, "vine_count": 60, "canopy_count": 60, "canopy_area_m2": 31.21, "tile_count": 3, "tiles": ["siret3_r018_c012.tif", "siret3_r019_c012.tif", "siret3_r019_c013.tif"]}, "geometry": {"type": "LineString", "coordinates": [[629622.238, 5220283.914], [629681.548, 5220206.892]]}}, {"type": "Feature", "properties": {"row_id": "V08-R46", "vineyard_id": "V08", "length_m": 98.04, "row_structure": "regular", "gap_count": 0, "max_gap_m": 4.11, "vine_count": 68, "canopy_count": 68, "canopy_area_m2": 35.28, "tile_count": 3, "tiles": ["siret3_r018_c012.tif", "siret3_r019_c012.tif", "siret3_r019_c013.tif"]}, "geometry": {"type": "LineString", "coordinates": [[629618.752, 5220283.908], [629678.524, 5220206.202]]}}, {"type": "Feature", "properties": {"row_id": "V09-R44", "vineyard_id": "V09", "length_m": 103.78, "row_structure": "regular", "gap_count": 0, "max_gap_m": 4.12, "vine_count": 73, "canopy_count": 73, "canopy_area_m2": 30.17, "tile_count": 4, "tiles": ["siret3_r019_c013.tif", "siret3_r020_c013.tif", "siret3_r020_c014.tif", "siret3_r021_c014.tif"]}, "geometry": {"type": "LineString", "coordinates": [[629682.988, 5220200.509], [629746.115, 5220118.133]]}}, {"type": "Feature", "properties": {"row_id": "V10-R02", "vineyard_id": "V10", "length_m": 18.76, "row_structure": "regular", "gap_count": 0, "max_gap_m": 2.13, "vine_count": 12, "canopy_count": 12, "canopy_area_m2": 4.89, "tile_count": 3, "tiles": ["siret3_r021_c014.tif", "siret3_r021_c015.tif", "siret3_r022_c015.tif"]}, "geometry": {"type": "LineString", "coordinates": [[629751.692, 5220110.023], [629763.079, 5220095.108]]}}, {"type": "Feature", "properties": {"row_id": "V08-R45", "vineyard_id": "V08", "length_m": 95.28, "row_structure": "disrupted", "gap_count": 1, "max_gap_m": 8.88, "vine_count": 62, "canopy_count": 62, "canopy_area_m2": 30.84, "tile_count": 3, "tiles": ["siret3_r018_c012.tif", "siret3_r019_c012.tif", "siret3_r019_c013.tif"]}, "geometry": {"type": "LineString", "coordinates": [[629616.744, 5220281.984], [629674.842, 5220206.465]]}}, {"type": "Feature", "properties": {"row_id": "V09-R43", "vineyard_id": "V09", "length_m": 105.02, "row_structure": "regular", "gap_count": 0, "max_gap_m": 4.07, "vine_count": 79, "canopy_count": 79, "canopy_area_m2": 34.29, "tile_count": 4, "tiles": ["siret3_r019_c013.tif", "siret3_r020_c013.tif", "siret3_r020_c014.tif", "siret3_r021_c014.tif"]}, "geometry": {"type": "LineString", "coordinates": [[629679.566, 5220200.629], [629743.262, 5220117.132]]}}, {"type": "Feature", "properties": {"row_id": "V10-R01", "vineyard_id": "V10", "length_m": 9.26, "row_structure": "disrupted", "gap_count": 1, "max_gap_m": 8.26, "vine_count": 2, "canopy_count": 2, "canopy_area_m2": 4.34, "tile_count": 1, "tiles": ["siret3_r021_c014.tif"]}, "geometry": {"type": "LineString", "coordinates": [[629753.833, 5220104.022], [629759.282, 5220096.529]]}}, {"type": "Feature", "properties": {"row_id": "V08-R44", "vineyard_id": "V08", "length_m": 96.1, "row_structure": "disrupted", "gap_count": 2, "max_gap_m": 6.73, "vine_count": 70, "canopy_count": 71, "canopy_area_m2": 32.44, "tile_count": 3, "tiles": ["siret3_r018_c012.tif", "siret3_r019_c012.tif", "siret3_r019_c013.tif"]}, "geometry": {"type": "LineString", "coordinates": [[629613.86, 5220281.024], [629672.475, 5220204.869]]}}, {"type": "Feature", "properties": {"row_id": "V09-R42", "vineyard_id": "V09", "length_m": 104.63, "row_structure": "regular", "gap_count": 0, "max_gap_m": 3.9, "vine_count": 76, "canopy_count": 76, "canopy_area_m2": 37.3, "tile_count": 4, "tiles": ["siret3_r019_c013.tif", "siret3_r020_c013.tif", "siret3_r020_c014.tif", "siret3_r021_c014.tif"]}, "geometry": {"type": "LineString", "coordinates": [[629676.095, 5220199.977], [629739.809, 5220116.98]]}}, {"type": "Feature", "properties": {"row_id": "V08-R43", "vineyard_id": "V08", "length_m": 97.83, "row_structure": "regular", "gap_count": 0, "max_gap_m": 3.96, "vine_count": 71, "canopy_count": 71, "canopy_area_m2": 34.64, "tile_count": 3, "tiles": ["siret3_r018_c012.tif", "siret3_r019_c012.tif", "siret3_r019_c013.tif"]}, "geometry": {"type": "LineString", "coordinates": [[629610.422, 5220281.074], [629670.163, 5220203.598]]}}, {"type": "Feature", "properties": {"row_id": "V09-R41", "vineyard_id": "V09", "length_m": 105.83, "row_structure": "regular", "gap_count": 0, "max_gap_m": 4.47, "vine_count": 72, "canopy_count": 72, "canopy_area_m2": 32.17, "tile_count": 3, "tiles": ["siret3_r020_c013.tif", "siret3_r020_c014.tif", "siret3_r021_c014.tif"]}, "geometry": {"type": "LineString", "coordinates": [[629673.519, 5220199.18], [629737.806, 5220115.109]]}}, {"type": "Feature", "properties": {"row_id": "V08-R42", "vineyard_id": "V08", "length_m": 97.53, "row_structure": "disrupted", "gap_count": 2, "max_gap_m": 8.84, "vine_count": 61, "canopy_count": 61, "canopy_area_m2": 32.07, "tile_count": 3, "tiles": ["siret3_r018_c012.tif", "siret3_r019_c012.tif", "siret3_r019_c013.tif"]}, "geometry": {"type": "LineString", "coordinates": [[629607.983, 5220279.734], [629667.466, 5220202.449]]}}, {"type": "Feature", "properties": {"row_id": "V59-R03", "vineyard_id": "V59", "length_m": 6.79, "row_structure": "regular", "gap_count": 0, "max_gap_m": 3.02, "vine_count": 3, "canopy_count": 3, "canopy_area_m2": 1.12, "tile_count": 1, "tiles": ["siret3_r018_c013.tif"]}, "geometry": {"type": "LineString", "coordinates": [[629702.784, 5220294.337], [629707.369, 5220289.333]]}}, {"type": "Feature", "properties": {"row_id": "V59-R02", "vineyard_id": "V59", "length_m": 16.18, "row_structure": "disrupted", "gap_count": 1, "max_gap_m": 6.08, "vine_count": 6, "canopy_count": 6, "canopy_area_m2": 2.19, "tile_count": 1, "tiles": ["siret3_r018_c013.tif"]}, "geometry": {"type": "LineString", "coordinates": [[629705.241, 5220287.444], [629694.933, 5220299.917]]}}, {"type": "Feature", "properties": {"row_id": "V59-R01", "vineyard_id": "V59", "length_m": 9.92, "row_structure": "disrupted", "gap_count": 1, "max_gap_m": 5.84, "vine_count": 3, "canopy_count": 3, "canopy_area_m2": 0.94, "tile_count": 1, "tiles": ["siret3_r018_c013.tif"]}, "geometry": {"type": "LineString", "coordinates": [[629692.729, 5220297.831], [629698.879, 5220290.047]]}}, {"type": "Feature", "properties": {"row_id": "V08-R56", "vineyard_id": "V08", "length_m": 35.84, "row_structure": "disrupted", "gap_count": 1, "max_gap_m": 34.84, "vine_count": 2, "canopy_count": 2, "canopy_area_m2": 3.96, "tile_count": 1, "tiles": ["siret3_r018_c013.tif"]}, "geometry": {"type": "LineString", "coordinates": [[629661.546, 5220294.906], [629681.269, 5220264.976]]}}, {"type": "Feature", "properties": {"row_id": "V08-R55", "vineyard_id": "V08", "length_m": 37.05, "row_structure": "disrupted", "gap_count": 1, "max_gap_m": 36.05, "vine_count": 2, "canopy_count": 3, "canopy_area_m2": 2.93, "tile_count": 1, "tiles": ["siret3_r018_c013.tif"]}, "geometry": {"type": "LineString", "coordinates": [[629658.055, 5220295.86], [629678.147, 5220264.732]]}}, {"type": "Feature", "properties": {"row_id": "V08-R18", "vineyard_id": "V08", "length_m": 84.1, "row_structure": "disrupted", "gap_count": 1, "max_gap_m": 5.28, "vine_count": 53, "canopy_count": 75, "canopy_area_m2": 35.09, "tile_count": 3, "tiles": ["siret3_r019_c010.tif", "siret3_r019_c011.tif", "siret3_r020_c011.tif"]}, "geometry": {"type": "LineString", "coordinates": [[629549.942, 5220249.871], [629560.082, 5220236.452], [629580.596, 5220209.794], [629590.788, 5220196.415], [629600.771, 5220182.875]]}}, {"type": "Feature", "properties": {"row_id": "V09-R15", "vineyard_id": "V09", "length_m": 36.09, "row_structure": "regular", "gap_count": 0, "max_gap_m": 4.08, "vine_count": 24, "canopy_count": 38, "canopy_area_m2": 16.37, "tile_count": 2, "tiles": ["siret3_r020_c011.tif", "siret3_r020_c012.tif"]}, "geometry": {"type": "LineString", "coordinates": [[629605.591, 5220176.936], [629626.775, 5220147.715]]}}, {"type": "Feature", "properties": {"row_id": "V08-R17", "vineyard_id": "V08", "length_m": 3.34, "row_structure": "regular", "gap_count": 0, "max_gap_m": 1.32, "vine_count": 3, "canopy_count": 3, "canopy_area_m2": 1.03, "tile_count": 1, "tiles": ["siret3_r019_c010.tif"]}, "geometry": {"type": "LineString", "coordinates": [[629552.124, 5220244.611], [629554.265, 5220242.05]]}}, {"type": "Feature", "properties": {"row_id": "V08-R14", "vineyard_id": "V08", "length_m": 89.38, "row_structure": "disrupted", "gap_count": 1, "max_gap_m": 6.12, "vine_count": 58, "canopy_count": 58, "canopy_area_m2": 29.34, "tile_count": 3, "tiles": ["siret3_r019_c010.tif", "siret3_r019_c011.tif", "siret3_r020_c011.tif"]}, "geometry": {"type": "LineString", "coordinates": [[629538.115, 5220249.735], [629591.893, 5220178.341]]}}, {"type": "Feature", "properties": {"row_id": "V09-R12", "vineyard_id": "V09", "length_m": 105.21, "row_structure": "regular", "gap_count": 0, "max_gap_m": 4.57, "vine_count": 76, "canopy_count": 77, "canopy_area_m2": 35.13, "tile_count": 5, "tiles": ["siret3_r020_c011.tif", "siret3_r020_c012.tif", "siret3_r021_c012.tif", "siret3_r022_c012.tif", "siret3_r022_c013.tif"]}, "geometry": {"type": "LineString", "coordinates": [[629595.452, 5220173.579], [629606.208, 5220159.73], [629638.277, 5220118.032], [629648.948, 5220104.118], [629659.511, 5220090.121]]}}, {"type": "Feature", "properties": {"row_id": "V12-R18", "vineyard_id": "V12", "length_m": 52.81, "row_structure": "disrupted", "gap_count": 2, "max_gap_m": 7.21, "vine_count": 29, "canopy_count": 29, "canopy_area_m2": 12.13, "tile_count": 1, "tiles": ["siret3_r022_c013.tif"]}, "geometry": {"type": "LineString", "coordinates": [[629662.336, 5220086.607], [629694.518, 5220044.736]]}}, {"type": "Feature", "properties": {"row_id": "V08-R12", "vineyard_id": "V08", "length_m": 92.06, "row_structure": "disrupted", "gap_count": 1, "max_gap_m": 9.0, "vine_count": 54, "canopy_count": 55, "canopy_area_m2": 23.94, "tile_count": 3, "tiles": ["siret3_r019_c010.tif", "siret3_r019_c011.tif", "siret3_r020_c011.tif"]}, "geometry": {"type": "LineString", "coordinates": [[629531.726, 5220249.742], [629586.981, 5220176.114]]}}, {"type": "Feature", "properties": {"row_id": "V09-R10", "vineyard_id": "V09", "length_m": 104.4, "row_structure": "disrupted", "gap_count": 1, "max_gap_m": 6.71, "vine_count": 63, "canopy_count": 63, "canopy_area_m2": 29.79, "tile_count": 4, "tiles": ["siret3_r020_c011.tif", "siret3_r020_c012.tif", "siret3_r021_c012.tif", "siret3_r022_c012.tif"]}, "geometry": {"type": "LineString", "coordinates": [[629590.368, 5220171.992], [629653.562, 5220088.893]]}}, {"type": "Feature", "properties": {"row_id": "V12-R16", "vineyard_id": "V12", "length_m": 43.59, "row_structure": "disrupted", "gap_count": 1, "max_gap_m": 6.73, "vine_count": 19, "canopy_count": 19, "canopy_area_m2": 9.95, "tile_count": 2, "tiles": ["siret3_r022_c012.tif", "siret3_r022_c013.tif"]}, "geometry": {"type": "LineString", "coordinates": [[629656.905, 5220084.782], [629683.19, 5220050.011]]}}, {"type": "Feature", "properties": {"row_id": "V08-R07", "vineyard_id": "V08", "length_m": 93.68, "row_structure": "disrupted", "gap_count": 1, "max_gap_m": 6.6, "vine_count": 61, "canopy_count": 61, "canopy_area_m2": 26.45, "tile_count": 3, "tiles": ["siret3_r019_c010.tif", "siret3_r020_c010.tif", "siret3_r020_c011.tif"]}, "geometry": {"type": "LineString", "coordinates": [[629516.253, 5220247.226], [629572.648, 5220172.417]]}}, {"type": "Feature", "properties": {"row_id": "V09-R05", "vineyard_id": "V09", "length_m": 99.91, "row_structure": "disrupted", "gap_count": 1, "max_gap_m": 5.04, "vine_count": 66, "canopy_count": 66, "canopy_area_m2": 30.24, "tile_count": 4, "tiles": ["siret3_r020_c011.tif", "siret3_r021_c011.tif", "siret3_r021_c012.tif", "siret3_r022_c012.tif"]}, "geometry": {"type": "LineString", "coordinates": [[629576.271, 5220167.061], [629636.993, 5220087.715]]}}, {"type": "Feature", "properties": {"row_id": "V12-R11", "vineyard_id": "V12", "length_m": 42.81, "row_structure": "disrupted", "gap_count": 1, "max_gap_m": 5.65, "vine_count": 32, "canopy_count": 32, "canopy_area_m2": 13.7, "tile_count": 2, "tiles": ["siret3_r022_c012.tif", "siret3_r022_c013.tif"]}, "geometry": {"type": "LineString", "coordinates": [[629643.019, 5220079.783], [629668.896, 5220045.674]]}}, {"type": "Feature", "properties": {"row_id": "V08-R06", "vineyard_id": "V08", "length_m": 91.09, "row_structure": "regular", "gap_count": 0, "max_gap_m": 3.96, "vine_count": 60, "canopy_count": 60, "canopy_area_m2": 24.59, "tile_count": 3, "tiles": ["siret3_r019_c010.tif", "siret3_r020_c010.tif", "siret3_r020_c011.tif"]}, "geometry": {"type": "LineString", "coordinates": [[629515.022, 5220243.832], [629569.964, 5220171.172]]}}, {"type": "Feature", "properties": {"row_id": "V09-R04", "vineyard_id": "V09", "length_m": 103.8, "row_structure": "regular", "gap_count": 0, "max_gap_m": 4.08, "vine_count": 77, "canopy_count": 78, "canopy_area_m2": 34.51, "tile_count": 4, "tiles": ["siret3_r020_c011.tif", "siret3_r021_c011.tif", "siret3_r021_c012.tif", "siret3_r022_c012.tif"]}, "geometry": {"type": "LineString", "coordinates": [[629573.46, 5220166.328], [629636.357, 5220083.76]]}}, {"type": "Feature", "properties": {"row_id": "V12-R10", "vineyard_id": "V12", "length_m": 41.86, "row_structure": "regular", "gap_count": 0, "max_gap_m": 2.41, "vine_count": 30, "canopy_count": 30, "canopy_area_m2": 12.24, "tile_count": 2, "tiles": ["siret3_r022_c012.tif", "siret3_r022_c013.tif"]}, "geometry": {"type": "LineString", "coordinates": [[629640.491, 5220078.413], [629665.882, 5220045.127]]}}, {"type": "Feature", "properties": {"row_id": "V08-R05", "vineyard_id": "V08", "length_m": 87.74, "row_structure": "regular", "gap_count": 0, "max_gap_m": 3.77, "vine_count": 66, "canopy_count": 66, "canopy_area_m2": 25.32, "tile_count": 3, "tiles": ["siret3_r019_c010.tif", "siret3_r020_c010.tif", "siret3_r020_c011.tif"]}, "geometry": {"type": "LineString", "coordinates": [[629567.07, 5220170.447], [629514.236, 5220240.503]]}}, {"type": "Feature", "properties": {"row_id": "V09-R03", "vineyard_id": "V09", "length_m": 98.04, "row_structure": "disrupted", "gap_count": 3, "max_gap_m": 9.61, "vine_count": 54, "canopy_count": 54, "canopy_area_m2": 28.41, "tile_count": 4, "tiles": ["siret3_r020_c011.tif", "siret3_r021_c011.tif", "siret3_r021_c012.tif", "siret3_r022_c012.tif"]}, "geometry": {"type": "LineString", "coordinates": [[629573.293, 5220161.727], [629632.834, 5220083.832]]}}, {"type": "Feature", "properties": {"row_id": "V12-R08", "vineyard_id": "V12", "length_m": 39.6, "row_structure": "regular", "gap_count": 0, "max_gap_m": 4.26, "vine_count": 25, "canopy_count": 25, "canopy_area_m2": 11.58, "tile_count": 3, "tiles": ["siret3_r022_c012.tif", "siret3_r022_c013.tif", "siret3_r023_c013.tif"]}, "geometry": {"type": "LineString", "coordinates": [[629640.415, 5220074.185], [629664.256, 5220042.567]]}}, {"type": "Feature", "properties": {"row_id": "V08-R04", "vineyard_id": "V08", "length_m": 78.27, "row_structure": "disrupted", "gap_count": 1, "max_gap_m": 6.45, "vine_count": 39, "canopy_count": 39, "canopy_area_m2": 16.29, "tile_count": 3, "tiles": ["siret3_r019_c010.tif", "siret3_r020_c010.tif", "siret3_r020_c011.tif"]}, "geometry": {"type": "LineString", "coordinates": [[629515.603, 5220233.501], [629562.862, 5220171.111]]}}, {"type": "Feature", "properties": {"row_id": "V09-R02", "vineyard_id": "V09", "length_m": 101.52, "row_structure": "regular", "gap_count": 0, "max_gap_m": 4.97, "vine_count": 65, "canopy_count": 66, "canopy_area_m2": 32.65, "tile_count": 4, "tiles": ["siret3_r020_c011.tif", "siret3_r021_c011.tif", "siret3_r021_c012.tif", "siret3_r022_c012.tif"]}, "geometry": {"type": "LineString", "coordinates": [[629568.282, 5220164.041], [629629.831, 5220083.303]]}}, {"type": "Feature", "properties": {"row_id": "V12-R07", "vineyard_id": "V12", "length_m": 41.16, "row_structure": "regular", "gap_count": 0, "max_gap_m": 3.04, "vine_count": 31, "canopy_count": 31, "canopy_area_m2": 14.04, "tile_count": 3, "tiles": ["siret3_r022_c012.tif", "siret3_r022_c013.tif", "siret3_r023_c013.tif"]}, "geometry": {"type": "LineString", "coordinates": [[629636.048, 5220075.194], [629660.793, 5220042.308]]}}, {"type": "Feature", "properties": {"row_id": "V08-R03", "vineyard_id": "V08", "length_m": 78.31, "row_structure": "disrupted", "gap_count": 1, "max_gap_m": 5.65, "vine_count": 54, "canopy_count": 54, "canopy_area_m2": 20.48, "tile_count": 3, "tiles": ["siret3_r019_c010.tif", "siret3_r020_c010.tif", "siret3_r020_c011.tif"]}, "geometry": {"type": "LineString", "coordinates": [[629514.188, 5220231.152], [629561.293, 5220168.592]]}}, {"type": "Feature", "properties": {"row_id": "V09-R01", "vineyard_id": "V09", "length_m": 96.94, "row_structure": "disrupted", "gap_count": 1, "max_gap_m": 7.49, "vine_count": 63, "canopy_count": 64, "canopy_area_m2": 35.83, "tile_count": 4, "tiles": ["siret3_r020_c011.tif", "siret3_r021_c011.tif", "siret3_r021_c012.tif", "siret3_r022_c012.tif"]}, "geometry": {"type": "LineString", "coordinates": [[629568.292, 5220159.063], [629627.185, 5220082.058]]}}, {"type": "Feature", "properties": {"row_id": "V12-R06", "vineyard_id": "V12", "length_m": 44.68, "row_structure": "regular", "gap_count": 0, "max_gap_m": 3.89, "vine_count": 33, "canopy_count": 33, "canopy_area_m2": 16.44, "tile_count": 3, "tiles": ["siret3_r022_c012.tif", "siret3_r023_c012.tif", "siret3_r023_c013.tif"]}, "geometry": {"type": "LineString", "coordinates": [[629631.796, 5220076.124], [629658.784, 5220040.518]]}}, {"type": "Feature", "properties": {"row_id": "V08-R02", "vineyard_id": "V08", "length_m": 50.38, "row_structure": "disrupted", "gap_count": 1, "max_gap_m": 14.32, "vine_count": 21, "canopy_count": 21, "canopy_area_m2": 11.36, "tile_count": 1, "tiles": ["siret3_r019_c010.tif"]}, "geometry": {"type": "LineString", "coordinates": [[629504.148, 5220239.257], [629534.584, 5220199.111]]}}, {"type": "Feature", "properties": {"row_id": "V08-R01", "vineyard_id": "V08", "length_m": 73.21, "row_structure": "disrupted", "gap_count": 3, "max_gap_m": 11.01, "vine_count": 30, "canopy_count": 30, "canopy_area_m2": 13.58, "tile_count": 3, "tiles": ["siret3_r019_c010.tif", "siret3_r020_c010.tif", "siret3_r020_c011.tif"]}, "geometry": {"type": "LineString", "coordinates": [[629511.812, 5220225.079], [629555.953, 5220166.679]]}}, {"type": "Feature", "properties": {"row_id": "V12-R03", "vineyard_id": "V12", "length_m": 69.76, "row_structure": "disrupted", "gap_count": 1, "max_gap_m": 12.06, "vine_count": 38, "canopy_count": 38, "canopy_area_m2": 19.3, "tile_count": 2, "tiles": ["siret3_r020_c011.tif", "siret3_r021_c011.tif"]}, "geometry": {"type": "LineString", "coordinates": [[629562.23, 5220158.316], [629604.654, 5220102.934]]}}, {"type": "Feature", "properties": {"row_id": "V09-R52", "vineyard_id": "V09", "length_m": 102.51, "row_structure": "disrupted", "gap_count": 2, "max_gap_m": 7.87, "vine_count": 66, "canopy_count": 66, "canopy_area_m2": 34.48, "tile_count": 5, "tiles": ["siret3_r019_c013.tif", "siret3_r019_c014.tif", "siret3_r020_c014.tif", "siret3_r021_c014.tif", "siret3_r021_c015.tif"]}, "geometry": {"type": "LineString", "coordinates": [[629705.746, 5220207.186], [629768.061, 5220125.788]]}}, {"type": "Feature", "properties": {"row_id": "V10-R10", "vineyard_id": "V10", "length_m": 13.76, "row_structure": "disrupted", "gap_count": 1, "max_gap_m": 9.5, "vine_count": 4, "canopy_count": 5, "canopy_area_m2": 2.58, "tile_count": 1, "tiles": ["siret3_r021_c015.tif"]}, "geometry": {"type": "LineString", "coordinates": [[629788.199, 5220098.615], [629780.38, 5220109.937]]}}, {"type": "Feature", "properties": {"row_id": "V12-R05", "vineyard_id": "V12", "length_m": 146.56, "row_structure": "disrupted", "gap_count": 2, "max_gap_m": 6.99, "vine_count": 82, "canopy_count": 83, "canopy_area_m2": 40.83, "tile_count": 5, "tiles": ["siret3_r020_c010.tif", "siret3_r020_c011.tif", "siret3_r021_c011.tif", "siret3_r021_c012.tif", "siret3_r022_c012.tif"]}, "geometry": {"type": "LineString", "coordinates": [[629535.817, 5220197.64], [629557.835, 5220168.353], [629568.918, 5220153.765], [629613.53, 5220095.628], [629624.546, 5220080.989]]}}, {"type": "Feature", "properties": {"row_id": "V12-R04", "vineyard_id": "V12", "length_m": 45.73, "row_structure": "regular", "gap_count": 0, "max_gap_m": 4.27, "vine_count": 29, "canopy_count": 29, "canopy_area_m2": 13.49, "tile_count": 2, "tiles": ["siret3_r022_c012.tif", "siret3_r023_c012.tif"]}, "geometry": {"type": "LineString", "coordinates": [[629628.098, 5220076.176], [629656.259, 5220040.146]]}}, {"type": "Feature", "properties": {"row_id": "V09-R17", "vineyard_id": "V09", "length_m": 102.69, "row_structure": "disrupted", "gap_count": 1, "max_gap_m": 6.02, "vine_count": 68, "canopy_count": 68, "canopy_area_m2": 29.17, "tile_count": 3, "tiles": ["siret3_r020_c012.tif", "siret3_r021_c012.tif", "siret3_r021_c013.tif"]}, "geometry": {"type": "LineString", "coordinates": [[629608.665, 5220177.851], [629629.25, 5220150.5], [629639.651, 5220136.908], [629671.193, 5220096.393]]}}, {"type": "Feature", "properties": {"row_id": "V12-R22", "vineyard_id": "V12", "length_m": 99.95, "row_structure": "disrupted", "gap_count": 2, "max_gap_m": 8.23, "vine_count": 61, "canopy_count": 62, "canopy_area_m2": 31.14, "tile_count": 3, "tiles": ["siret3_r022_c013.tif", "siret3_r022_c014.tif", "siret3_r023_c014.tif"]}, "geometry": {"type": "LineString", "coordinates": [[629676.264, 5220090.117], [629736.573, 5220010.409]]}}, {"type": "Feature", "properties": {"row_id": "V09-R45", "vineyard_id": "V09", "length_m": 99.53, "row_structure": "regular", "gap_count": 0, "max_gap_m": 3.22, "vine_count": 70, "canopy_count": 70, "canopy_area_m2": 27.42, "tile_count": 3, "tiles": ["siret3_r020_c013.tif", "siret3_r020_c014.tif", "siret3_r021_c014.tif"]}, "geometry": {"type": "LineString", "coordinates": [[629687.961, 5220198.535], [629748.473, 5220119.515]]}}, {"type": "Feature", "properties": {"row_id": "V10-R03", "vineyard_id": "V10", "length_m": 8.41, "row_structure": "regular", "gap_count": 0, "max_gap_m": 1.48, "vine_count": 7, "canopy_count": 8, "canopy_area_m2": 6.44, "tile_count": 1, "tiles": ["siret3_r021_c014.tif"]}, "geometry": {"type": "LineString", "coordinates": [[629759.798, 5220103.34], [629754.694, 5220110.021]]}}, {"type": "Feature", "properties": {"row_id": "V09-R40", "vineyard_id": "V09", "length_m": 106.83, "row_structure": "disrupted", "gap_count": 4, "max_gap_m": 6.59, "vine_count": 62, "canopy_count": 85, "canopy_area_m2": 35.67, "tile_count": 3, "tiles": ["siret3_r020_c013.tif", "siret3_r020_c014.tif", "siret3_r021_c014.tif"]}, "geometry": {"type": "LineString", "coordinates": [[629736.73, 5220111.09], [629715.414, 5220139.616], [629704.592, 5220153.754], [629693.689, 5220167.83], [629682.896, 5220181.99], [629672.223, 5220196.241]]}}, {"type": "Feature", "properties": {"row_id": "V09-R38", "vineyard_id": "V09", "length_m": 82.91, "row_structure": "disrupted", "gap_count": 1, "max_gap_m": 5.84, "vine_count": 52, "canopy_count": 52, "canopy_area_m2": 21.74, "tile_count": 3, "tiles": ["siret3_r020_c013.tif", "siret3_r021_c013.tif", "siret3_r021_c014.tif"]}, "geometry": {"type": "LineString", "coordinates": [[629681.987, 5220173.895], [629702.135, 5220147.554], [629732.572, 5220108.208]]}}, {"type": "Feature", "properties": {"row_id": "V09-R36", "vineyard_id": "V09", "length_m": 104.34, "row_structure": "disrupted", "gap_count": 3, "max_gap_m": 23.55, "vine_count": 52, "canopy_count": 52, "canopy_area_m2": 23.97, "tile_count": 3, "tiles": ["siret3_r020_c013.tif", "siret3_r021_c013.tif", "siret3_r021_c014.tif"]}, "geometry": {"type": "LineString", "coordinates": [[629660.209, 5220194.89], [629723.348, 5220111.817]]}}, {"type": "Feature", "properties": {"row_id": "V09-R35", "vineyard_id": "V09", "length_m": 111.67, "row_structure": "disrupted", "gap_count": 2, "max_gap_m": 8.54, "vine_count": 52, "canopy_count": 73, "canopy_area_m2": 28.39, "tile_count": 3, "tiles": ["siret3_r020_c013.tif", "siret3_r021_c013.tif", "siret3_r021_c014.tif"]}, "geometry": {"type": "LineString", "coordinates": [[629657.696, 5220193.748], [629725.628, 5220105.116]]}}, {"type": "Feature", "properties": {"row_id": "V09-R16", "vineyard_id": "V09", "length_m": 65.84, "row_structure": "disrupted", "gap_count": 1, "max_gap_m": 7.75, "vine_count": 36, "canopy_count": 71, "canopy_area_m2": 30.33, "tile_count": 3, "tiles": ["siret3_r021_c012.tif", "siret3_r021_c013.tif", "siret3_r022_c013.tif"]}, "geometry": {"type": "LineString", "coordinates": [[629627.856, 5220146.42], [629637.972, 5220133.434], [629668.726, 5220094.798]]}}, {"type": "Feature", "properties": {"row_id": "V12-R21", "vineyard_id": "V12", "length_m": 100.92, "row_structure": "disrupted", "gap_count": 3, "max_gap_m": 8.11, "vine_count": 46, "canopy_count": 91, "canopy_area_m2": 43.46, "tile_count": 2, "tiles": ["siret3_r022_c013.tif", "siret3_r023_c014.tif"]}, "geometry": {"type": "LineString", "coordinates": [[629672.593, 5220089.746], [629682.695, 5220076.299], [629703.325, 5220049.731], [629713.579, 5220036.401], [629723.666, 5220022.943], [629733.528, 5220009.313]]}}, {"type": "Feature", "properties": {"row_id": "V12-R02", "vineyard_id": "V12", "length_m": 69.75, "row_structure": "regular", "gap_count": 0, "max_gap_m": 4.78, "vine_count": 47, "canopy_count": 47, "canopy_area_m2": 24.3, "tile_count": 2, "tiles": ["siret3_r021_c012.tif", "siret3_r022_c012.tif"]}, "geometry": {"type": "LineString", "coordinates": [[629606.824, 5220100.28], [629627.785, 5220072.409], [629638.393, 5220058.57], [629649.116, 5220044.819]]}}, {"type": "Feature", "properties": {"row_id": "V09-R34", "vineyard_id": "V09", "length_m": 45.45, "row_structure": "regular", "gap_count": 0, "max_gap_m": 4.8, "vine_count": 24, "canopy_count": 24, "canopy_area_m2": 10.85, "tile_count": 2, "tiles": ["siret3_r021_c013.tif", "siret3_r021_c014.tif"]}, "geometry": {"type": "LineString", "coordinates": [[629692.42, 5220147.281], [629719.805, 5220111.007]]}}, {"type": "Feature", "properties": {"row_id": "V12-R20", "vineyard_id": "V12", "length_m": 44.1, "row_structure": "regular", "gap_count": 0, "max_gap_m": 4.26, "vine_count": 19, "canopy_count": 45, "canopy_area_m2": 21.03, "tile_count": 1, "tiles": ["siret3_r022_c013.tif"]}, "geometry": {"type": "LineString", "coordinates": [[629668.638, 5220088.612], [629677.091, 5220076.584], [629685.887, 5220064.814], [629695.24, 5220053.463]]}}, {"type": "Feature", "properties": {"row_id": "V12-R35", "vineyard_id": "V12", "length_m": 99.72, "row_structure": "regular", "gap_count": 0, "max_gap_m": 4.7, "vine_count": 73, "canopy_count": 73, "canopy_area_m2": 32.48, "tile_count": 4, "tiles": ["siret3_r021_c014.tif", "siret3_r022_c014.tif", "siret3_r023_c014.tif", "siret3_r023_c015.tif"]}, "geometry": {"type": "LineString", "coordinates": [[629712.944, 5220102.121], [629773.26, 5220022.711]]}}, {"type": "Feature", "properties": {"row_id": "V10-R14", "vineyard_id": "V10", "length_m": 29.86, "row_structure": "disrupted", "gap_count": 2, "max_gap_m": 13.29, "vine_count": 7, "canopy_count": 9, "canopy_area_m2": 13.12, "tile_count": 2, "tiles": ["siret3_r021_c015.tif", "siret3_r022_c015.tif"]}, "geometry": {"type": "LineString", "coordinates": [[629793.648, 5220110.394], [629811.048, 5220086.124]]}}, {"type": "Feature", "properties": {"row_id": "V10-R13", "vineyard_id": "V10", "length_m": 14.13, "row_structure": "disrupted", "gap_count": 2, "max_gap_m": 6.77, "vine_count": 3, "canopy_count": 3, "canopy_area_m2": 2.48, "tile_count": 1, "tiles": ["siret3_r022_c015.tif"]}, "geometry": {"type": "LineString", "coordinates": [[629798.754, 5220096.64], [629807.907, 5220085.875]]}}, {"type": "Feature", "properties": {"row_id": "V10-R12", "vineyard_id": "V10", "length_m": 37.19, "row_structure": "disrupted", "gap_count": 2, "max_gap_m": 17.43, "vine_count": 4, "canopy_count": 6, "canopy_area_m2": 8.84, "tile_count": 2, "tiles": ["siret3_r021_c015.tif", "siret3_r022_c015.tif"]}, "geometry": {"type": "LineString", "coordinates": [[629783.007, 5220110.73], [629805.42, 5220081.048]]}}, {"type": "Feature", "properties": {"row_id": "V10-R08", "vineyard_id": "V10", "length_m": 58.01, "row_structure": "disrupted", "gap_count": 6, "max_gap_m": 10.76, "vine_count": 10, "canopy_count": 17, "canopy_area_m2": 21.02, "tile_count": 2, "tiles": ["siret3_r021_c015.tif", "siret3_r022_c015.tif"]}, "geometry": {"type": "LineString", "coordinates": [[629769.256, 5220111.281], [629793.036, 5220080.783], [629805.023, 5220065.61]]}}, {"type": "Feature", "properties": {"row_id": "V10-R07", "vineyard_id": "V10", "length_m": 3.52, "row_structure": "regular", "gap_count": 0, "max_gap_m": 0.89, "vine_count": 5, "canopy_count": 5, "canopy_area_m2": 2.78, "tile_count": 1, "tiles": ["siret3_r021_c015.tif"]}, "geometry": {"type": "LineString", "coordinates": [[629762.898, 5220116.695], [629764.657, 5220113.651]]}}, {"type": "Feature", "properties": {"row_id": "V10-R05", "vineyard_id": "V10", "length_m": 22.21, "row_structure": "disrupted", "gap_count": 3, "max_gap_m": 5.61, "vine_count": 6, "canopy_count": 6, "canopy_area_m2": 10.06, "tile_count": 1, "tiles": ["siret3_r021_c015.tif"]}, "geometry": {"type": "LineString", "coordinates": [[629761.174, 5220113.508], [629774.827, 5220095.984]]}}, {"type": "Feature", "properties": {"row_id": "V10-R04", "vineyard_id": "V10", "length_m": 60.06, "row_structure": "disrupted", "gap_count": 6, "max_gap_m": 8.39, "vine_count": 14, "canopy_count": 24, "canopy_area_m2": 26.25, "tile_count": 2, "tiles": ["siret3_r021_c015.tif", "siret3_r022_c015.tif"]}, "geometry": {"type": "LineString", "coordinates": [[629760.021, 5220107.68], [629768.954, 5220095.607], [629778.188, 5220083.771], [629787.526, 5220072.017], [629796.551, 5220060.017]]}}, {"type": "Feature", "properties": {"row_id": "V12-R01", "vineyard_id": "V12", "length_m": 17.22, "row_structure": "disrupted", "gap_count": 1, "max_gap_m": 14.19, "vine_count": 3, "canopy_count": 7, "canopy_area_m2": 4.95, "tile_count": 1, "tiles": ["siret3_r022_c012.tif"]}, "geometry": {"type": "LineString", "coordinates": [[629631.526, 5220059.262], [629640.638, 5220044.655]]}}, {"type": "Feature", "properties": {"row_id": "V12-R28", "vineyard_id": "V12", "length_m": 99.48, "row_structure": "disrupted", "gap_count": 3, "max_gap_m": 7.51, "vine_count": 65, "canopy_count": 65, "canopy_area_m2": 31.25, "tile_count": 3, "tiles": ["siret3_r022_c013.tif", "siret3_r022_c014.tif", "siret3_r023_c014.tif"]}, "geometry": {"type": "LineString", "coordinates": [[629693.886, 5220094.688], [629753.868, 5220015.321]]}}, {"type": "Feature", "properties": {"row_id": "V12-R27", "vineyard_id": "V12", "length_m": 93.3, "row_structure": "regular", "gap_count": 0, "max_gap_m": 4.15, "vine_count": 59, "canopy_count": 59, "canopy_area_m2": 25.62, "tile_count": 3, "tiles": ["siret3_r022_c013.tif", "siret3_r022_c014.tif", "siret3_r023_c014.tif"]}, "geometry": {"type": "LineString", "coordinates": [[629690.501, 5220094.612], [629746.962, 5220020.334]]}}, {"type": "Feature", "properties": {"row_id": "V12-R26", "vineyard_id": "V12", "length_m": 101.78, "row_structure": "disrupted", "gap_count": 1, "max_gap_m": 6.01, "vine_count": 72, "canopy_count": 72, "canopy_area_m2": 32.78, "tile_count": 3, "tiles": ["siret3_r022_c013.tif", "siret3_r022_c014.tif", "siret3_r023_c014.tif"]}, "geometry": {"type": "LineString", "coordinates": [[629686.782, 5220094.993], [629748.221, 5220013.848]]}}, {"type": "Feature", "properties": {"row_id": "V12-R25", "vineyard_id": "V12", "length_m": 99.68, "row_structure": "disrupted", "gap_count": 1, "max_gap_m": 6.38, "vine_count": 72, "canopy_count": 72, "canopy_area_m2": 30.75, "tile_count": 3, "tiles": ["siret3_r022_c013.tif", "siret3_r022_c014.tif", "siret3_r023_c014.tif"]}, "geometry": {"type": "LineString", "coordinates": [[629685.069, 5220092.699], [629745.214, 5220013.211]]}}, {"type": "Feature", "properties": {"row_id": "V12-R24", "vineyard_id": "V12", "length_m": 122.27, "row_structure": "disrupted", "gap_count": 1, "max_gap_m": 24.54, "vine_count": 59, "canopy_count": 61, "canopy_area_m2": 33.47, "tile_count": 3, "tiles": ["siret3_r022_c013.tif", "siret3_r022_c014.tif", "siret3_r023_c014.tif"]}, "geometry": {"type": "LineString", "coordinates": [[629683.013, 5220090.472], [629757.023, 5219993.144]]}}, {"type": "Feature", "properties": {"row_id": "V12-R23", "vineyard_id": "V12", "length_m": 100.22, "row_structure": "disrupted", "gap_count": 1, "max_gap_m": 7.29, "vine_count": 63, "canopy_count": 63, "canopy_area_m2": 31.93, "tile_count": 3, "tiles": ["siret3_r022_c013.tif", "siret3_r022_c014.tif", "siret3_r023_c014.tif"]}, "geometry": {"type": "LineString", "coordinates": [[629678.363, 5220091.985], [629738.757, 5220012.002]]}}, {"type": "Feature", "properties": {"row_id": "V12-R17", "vineyard_id": "V12", "length_m": 43.61, "row_structure": "regular", "gap_count": 0, "max_gap_m": 3.37, "vine_count": 32, "canopy_count": 32, "canopy_area_m2": 14.4, "tile_count": 1, "tiles": ["siret3_r022_c013.tif"]}, "geometry": {"type": "LineString", "coordinates": [[629660.17, 5220084.801], [629686.767, 5220050.239]]}}, {"type": "Feature", "properties": {"row_id": "V10-R11", "vineyard_id": "V10", "length_m": 33.49, "row_structure": "disrupted", "gap_count": 2, "max_gap_m": 24.37, "vine_count": 4, "canopy_count": 6, "canopy_area_m2": 5.42, "tile_count": 1, "tiles": ["siret3_r022_c015.tif"]}, "geometry": {"type": "LineString", "coordinates": [[629811.291, 5220068.965], [629791.299, 5220095.839]]}}, {"type": "Feature", "properties": {"row_id": "V10-R09", "vineyard_id": "V10", "length_m": 28.16, "row_structure": "disrupted", "gap_count": 3, "max_gap_m": 6.52, "vine_count": 11, "canopy_count": 11, "canopy_area_m2": 5.55, "tile_count": 1, "tiles": ["siret3_r022_c015.tif"]}, "geometry": {"type": "LineString", "coordinates": [[629808.228, 5220069.41], [629790.564, 5220091.339]]}}, {"type": "Feature", "properties": {"row_id": "V10-R06", "vineyard_id": "V10", "length_m": 54.45, "row_structure": "disrupted", "gap_count": 4, "max_gap_m": 12.67, "vine_count": 14, "canopy_count": 16, "canopy_area_m2": 13.32, "tile_count": 1, "tiles": ["siret3_r022_c015.tif"]}, "geometry": {"type": "LineString", "coordinates": [[629808.102, 5220051.56], [629786.558, 5220080.769], [629775.475, 5220095.146]]}}, {"type": "Feature", "properties": {"row_id": "V12-R60", "vineyard_id": "V12", "length_m": 6.98, "row_structure": "regular", "gap_count": 0, "max_gap_m": 1.77, "vine_count": 5, "canopy_count": 6, "canopy_area_m2": 2.67, "tile_count": 1, "tiles": ["siret3_r022_c015.tif"]}, "geometry": {"type": "LineString", "coordinates": [[629800.523, 5220050.635], [629804.669, 5220045.022]]}}, {"type": "Feature", "properties": {"row_id": "V12-R09", "vineyard_id": "V12", "length_m": 21.27, "row_structure": "disrupted", "gap_count": 2, "max_gap_m": 10.56, "vine_count": 4, "canopy_count": 4, "canopy_area_m2": 6.25, "tile_count": 1, "tiles": ["siret3_r023_c013.tif"]}, "geometry": {"type": "LineString", "coordinates": [[629691.342, 5220011.579], [629704.454, 5219994.831]]}}, {"type": "Feature", "properties": {"row_id": "V12-R61", "vineyard_id": "V12", "length_m": 118.11, "row_structure": "disrupted", "gap_count": 5, "max_gap_m": 24.4, "vine_count": 30, "canopy_count": 30, "canopy_area_m2": 19.34, "tile_count": 4, "tiles": ["siret3_r023_c015.tif", "siret3_r023_c016.tif", "siret3_r024_c016.tif", "siret3_r024_c017.tif"]}, "geometry": {"type": "LineString", "coordinates": [[629806.251, 5220043.226], [629830.456, 5220012.177], [629842.483, 5219996.593], [629866.369, 5219965.299], [629878.238, 5219949.595]]}}, {"type": "Feature", "properties": {"row_id": "V12-R59", "vineyard_id": "V12", "length_m": 84.23, "row_structure": "disrupted", "gap_count": 3, "max_gap_m": 31.28, "vine_count": 20, "canopy_count": 21, "canopy_area_m2": 14.24, "tile_count": 3, "tiles": ["siret3_r023_c015.tif", "siret3_r023_c016.tif", "siret3_r024_c016.tif"]}, "geometry": {"type": "LineString", "coordinates": [[629803.106, 5220044.381], [629822.946, 5220017.147], [629853.702, 5219977.046]]}}, {"type": "Feature", "properties": {"row_id": "V12-R50", "vineyard_id": "V12", "length_m": 91.41, "row_structure": "disrupted", "gap_count": 4, "max_gap_m": 29.61, "vine_count": 27, "canopy_count": 27, "canopy_area_m2": 22.48, "tile_count": 3, "tiles": ["siret3_r023_c015.tif", "siret3_r023_c016.tif", "siret3_r024_c016.tif"]}, "geometry": {"type": "LineString", "coordinates": [[629801.707, 5220020.796], [629857.079, 5219948.063]]}}, {"type": "Feature", "properties": {"row_id": "V12-R49", "vineyard_id": "V12", "length_m": 293.75, "row_structure": "disrupted", "gap_count": 10, "max_gap_m": 16.83, "vine_count": 145, "canopy_count": 149, "canopy_area_m2": 71.62, "tile_count": 8, "tiles": ["siret3_r024_c016.tif", "siret3_r025_c016.tif", "siret3_r025_c017.tif", "siret3_r026_c017.tif", "siret3_r026_c018.tif", "siret3_r027_c018.tif", "siret3_r027_c019.tif", "siret3_r028_c019.tif"]}, "geometry": {"type": "LineString", "coordinates": [[629818.563, 5219993.598], [629866.182, 5219931.397], [629878.2, 5219915.934], [629890.243, 5219900.492], [629914.455, 5219869.705], [629938.533, 5219838.814], [629962.732, 5219808.017], [629998.895, 5219761.716]]}}, {"type": "Feature", "properties": {"row_id": "V12-R48", "vineyard_id": "V12", "length_m": 323.28, "row_structure": "disrupted", "gap_count": 17, "max_gap_m": 26.75, "vine_count": 103, "canopy_count": 104, "canopy_area_m2": 54.19, "tile_count": 10, "tiles": ["siret3_r023_c015.tif", "siret3_r023_c016.tif", "siret3_r024_c016.tif", "siret3_r025_c016.tif", "siret3_r025_c017.tif", "siret3_r026_c017.tif", "siret3_r026_c018.tif", "siret3_r027_c018.tif", "siret3_r027_c019.tif", "siret3_r028_c019.tif"]}, "geometry": {"type": "LineString", "coordinates": [[629808.614, 5220001.932], [629820.04, 5219986.729], [629831.605, 5219971.633], [629877.944, 5219911.314], [629889.618, 5219896.303], [629913.082, 5219866.373], [629924.735, 5219851.346], [629948.309, 5219821.501], [629983.541, 5219776.633], [629995.123, 5219761.551], [630007.125, 5219746.796]]}}, {"type": "Feature", "properties": {"row_id": "V12-R46", "vineyard_id": "V12", "length_m": 30.41, "row_structure": "disrupted", "gap_count": 2, "max_gap_m": 11.36, "vine_count": 13, "canopy_count": 13, "canopy_area_m2": 5.05, "tile_count": 1, "tiles": ["siret3_r023_c015.tif"]}, "geometry": {"type": "LineString", "coordinates": [[629793.114, 5220018.17], [629810.948, 5219993.535]]}}, {"type": "Feature", "properties": {"row_id": "V12-R43", "vineyard_id": "V12", "length_m": 128.4, "row_structure": "disrupted", "gap_count": 3, "max_gap_m": 31.16, "vine_count": 58, "canopy_count": 60, "canopy_area_m2": 31.46, "tile_count": 3, "tiles": ["siret3_r023_c015.tif", "siret3_r024_c015.tif", "siret3_r024_c016.tif"]}, "geometry": {"type": "LineString", "coordinates": [[629768.685, 5220044.713], [629791.092, 5220015.666], [629813.023, 5219986.257], [629835.405, 5219957.191], [629846.514, 5219942.596]]}}, {"type": "Feature", "properties": {"row_id": "V12-R40", "vineyard_id": "V12", "length_m": 90.4, "row_structure": "disrupted", "gap_count": 6, "max_gap_m": 26.18, "vine_count": 13, "canopy_count": 14, "canopy_area_m2": 8.25, "tile_count": 2, "tiles": ["siret3_r023_c015.tif", "siret3_r024_c016.tif"]}, "geometry": {"type": "LineString", "coordinates": [[629787.951, 5220014.134], [629798.227, 5219999.234], [629810.01, 5219985.505], [629820.968, 5219971.135], [629843.281, 5219942.703]]}}, {"type": "Feature", "properties": {"row_id": "V12-R65", "vineyard_id": "V12", "length_m": 81.24, "row_structure": "disrupted", "gap_count": 3, "max_gap_m": 41.55, "vine_count": 4, "canopy_count": 10, "canopy_area_m2": 5.73, "tile_count": 2, "tiles": ["siret3_r023_c016.tif", "siret3_r024_c017.tif"]}, "geometry": {"type": "LineString", "coordinates": [[629827.416, 5220038.355], [629876.359, 5219973.514]]}}, {"type": "Feature", "properties": {"row_id": "V12-R64", "vineyard_id": "V12", "length_m": 61.96, "row_structure": "disrupted", "gap_count": 1, "max_gap_m": 60.96, "vine_count": 2, "canopy_count": 3, "canopy_area_m2": 1.6, "tile_count": 1, "tiles": ["siret3_r023_c016.tif"]}, "geometry": {"type": "LineString", "coordinates": [[629812.08, 5220044.6], [629850.571, 5219996.044]]}}, {"type": "Feature", "properties": {"row_id": "V12-R62", "vineyard_id": "V12", "length_m": 6.51, "row_structure": "regular", "gap_count": 0, "max_gap_m": 1.83, "vine_count": 5, "canopy_count": 5, "canopy_area_m2": 3.11, "tile_count": 1, "tiles": ["siret3_r023_c016.tif"]}, "geometry": {"type": "LineString", "coordinates": [[629812.767, 5220037.331], [629816.932, 5220032.322]]}}, {"type": "Feature", "properties": {"row_id": "V12-R58", "vineyard_id": "V12", "length_m": 94.81, "row_structure": "disrupted", "gap_count": 4, "max_gap_m": 26.09, "vine_count": 19, "canopy_count": 19, "canopy_area_m2": 21.03, "tile_count": 3, "tiles": ["siret3_r023_c016.tif", "siret3_r024_c016.tif", "siret3_r024_c017.tif"]}, "geometry": {"type": "LineString", "coordinates": [[629814.192, 5220024.104], [629871.543, 5219948.605]]}}, {"type": "Feature", "properties": {"row_id": "V12-R57", "vineyard_id": "V12", "length_m": 92.23, "row_structure": "disrupted", "gap_count": 5, "max_gap_m": 34.6, "vine_count": 19, "canopy_count": 19, "canopy_area_m2": 18.42, "tile_count": 3, "tiles": ["siret3_r023_c016.tif", "siret3_r024_c016.tif", "siret3_r024_c017.tif"]}, "geometry": {"type": "LineString", "coordinates": [[629811.97, 5220022.014], [629867.833, 5219948.633]]}}, {"type": "Feature", "properties": {"row_id": "V12-R54", "vineyard_id": "V12", "length_m": 155.85, "row_structure": "disrupted", "gap_count": 7, "max_gap_m": 28.64, "vine_count": 44, "canopy_count": 44, "canopy_area_m2": 42.65, "tile_count": 5, "tiles": ["siret3_r023_c016.tif", "siret3_r024_c016.tif", "siret3_r024_c017.tif", "siret3_r025_c017.tif", "siret3_r026_c017.tif"]}, "geometry": {"type": "LineString", "coordinates": [[629818.116, 5220008.98], [629829.763, 5219993.366], [629853.628, 5219962.577], [629865.418, 5219947.072], [629876.75, 5219931.215], [629889.167, 5219916.194], [629901.2, 5219900.876], [629912.993, 5219885.375]]}}, {"type": "Feature", "properties": {"row_id": "V12-R52", "vineyard_id": "V12", "length_m": 60.2, "row_structure": "disrupted", "gap_count": 2, "max_gap_m": 22.76, "vine_count": 25, "canopy_count": 25, "canopy_area_m2": 13.22, "tile_count": 2, "tiles": ["siret3_r023_c016.tif", "siret3_r024_c016.tif"]}, "geometry": {"type": "LineString", "coordinates": [[629811.066, 5220013.202], [629847.573, 5219965.335]]}}, {"type": "Feature", "properties": {"row_id": "V12-R63", "vineyard_id": "V12", "length_m": 20.12, "row_structure": "disrupted", "gap_count": 1, "max_gap_m": 16.44, "vine_count": 4, "canopy_count": 4, "canopy_area_m2": 5.77, "tile_count": 1, "tiles": ["siret3_r024_c016.tif"]}, "geometry": {"type": "LineString", "coordinates": [[629861.917, 5219976.362], [629849.689, 5219992.345]]}}, {"type": "Feature", "properties": {"row_id": "V12-R47", "vineyard_id": "V12", "length_m": 299.25, "row_structure": "disrupted", "gap_count": 9, "max_gap_m": 23.85, "vine_count": 148, "canopy_count": 149, "canopy_area_m2": 70.37, "tile_count": 8, "tiles": ["siret3_r024_c016.tif", "siret3_r025_c016.tif", "siret3_r025_c017.tif", "siret3_r026_c017.tif", "siret3_r026_c018.tif", "siret3_r027_c018.tif", "siret3_r027_c019.tif", "siret3_r028_c019.tif"]}, "geometry": {"type": "LineString", "coordinates": [[629811.897, 5219992.403], [629824.137, 5219976.649], [629848.446, 5219945.009], [629860.437, 5219929.061], [629921.797, 5219850.416], [629946.608, 5219819.166], [629995.754, 5219756.296]]}}, {"type": "Feature", "properties": {"row_id": "V12-R42", "vineyard_id": "V12", "length_m": 19.42, "row_structure": "disrupted", "gap_count": 1, "max_gap_m": 18.42, "vine_count": 2, "canopy_count": 2, "canopy_area_m2": 1.66, "tile_count": 1, "tiles": ["siret3_r025_c016.tif"]}, "geometry": {"type": "LineString", "coordinates": [[629847.633, 5219938.663], [629860.565, 5219924.176]]}}, {"type": "Feature", "properties": {"row_id": "V12-R38", "vineyard_id": "V12", "length_m": 7.64, "row_structure": "disrupted", "gap_count": 1, "max_gap_m": 5.53, "vine_count": 3, "canopy_count": 3, "canopy_area_m2": 1.56, "tile_count": 1, "tiles": ["siret3_r025_c016.tif"]}, "geometry": {"type": "LineString", "coordinates": [[629848.082, 5219933.335], [629852.319, 5219926.975]]}}, {"type": "Feature", "properties": {"row_id": "V12-R36", "vineyard_id": "V12", "length_m": 15.58, "row_structure": "disrupted", "gap_count": 1, "max_gap_m": 7.52, "vine_count": 4, "canopy_count": 4, "canopy_area_m2": 1.69, "tile_count": 1, "tiles": ["siret3_r025_c016.tif"]}, "geometry": {"type": "LineString", "coordinates": [[629854.312, 5219921.113], [629843.856, 5219932.667]]}}, {"type": "Feature", "properties": {"row_id": "V37-R06", "vineyard_id": "V37", "length_m": 1.95, "row_structure": "regular", "gap_count": 0, "max_gap_m": 0.94, "vine_count": 2, "canopy_count": 2, "canopy_area_m2": 0.69, "tile_count": 1, "tiles": ["siret3_r025_c016.tif"]}, "geometry": {"type": "LineString", "coordinates": [[629842.877, 5219929.307], [629841.476, 5219930.664]]}}, {"type": "Feature", "properties": {"row_id": "V37-R03", "vineyard_id": "V37", "length_m": 172.17, "row_structure": "disrupted", "gap_count": 10, "max_gap_m": 37.88, "vine_count": 13, "canopy_count": 22, "canopy_area_m2": 9.32, "tile_count": 4, "tiles": ["siret3_r025_c016.tif", "siret3_r025_c017.tif", "siret3_r026_c017.tif", "siret3_r027_c018.tif"]}, "geometry": {"type": "LineString", "coordinates": [[629826.96, 5219938.608], [629838.878, 5219923.651], [629862.983, 5219893.949], [629874.58, 5219878.738], [629910.156, 5219833.727], [629921.44, 5219818.268], [629934.191, 5219803.969]]}}, {"type": "Feature", "properties": {"row_id": "V37-R02", "vineyard_id": "V37", "length_m": 12.54, "row_structure": "disrupted", "gap_count": 1, "max_gap_m": 10.71, "vine_count": 3, "canopy_count": 3, "canopy_area_m2": 1.3, "tile_count": 1, "tiles": ["siret3_r025_c016.tif"]}, "geometry": {"type": "LineString", "coordinates": [[629847.405, 5219910.552], [629855.48, 5219900.951]]}}, {"type": "Feature", "properties": {"row_id": "V12-R53", "vineyard_id": "V12", "length_m": 186.33, "row_structure": "disrupted", "gap_count": 3, "max_gap_m": 11.77, "vine_count": 99, "canopy_count": 100, "canopy_area_m2": 44.46, "tile_count": 5, "tiles": ["siret3_r025_c017.tif", "siret3_r026_c017.tif", "siret3_r026_c018.tif", "siret3_r027_c018.tif", "siret3_r027_c019.tif"]}, "geometry": {"type": "LineString", "coordinates": [[629867.849, 5219938.529], [629982.783, 5219791.873]]}}, {"type": "Feature", "properties": {"row_id": "V12-R51", "vineyard_id": "V12", "length_m": 204.73, "row_structure": "disrupted", "gap_count": 7, "max_gap_m": 15.03, "vine_count": 95, "canopy_count": 95, "canopy_area_m2": 37.8, "tile_count": 6, "tiles": ["siret3_r025_c017.tif", "siret3_r026_c017.tif", "siret3_r026_c018.tif", "siret3_r027_c018.tif", "siret3_r027_c019.tif", "siret3_r028_c019.tif"]}, "geometry": {"type": "LineString", "coordinates": [[629876.758, 5219922.591], [630002.98, 5219761.399]]}}, {"type": "Feature", "properties": {"row_id": "V37-R04", "vineyard_id": "V37", "length_m": 70.38, "row_structure": "disrupted", "gap_count": 4, "max_gap_m": 16.56, "vine_count": 12, "canopy_count": 14, "canopy_area_m2": 7.18, "tile_count": 2, "tiles": ["siret3_r025_c017.tif", "siret3_r026_c017.tif"]}, "geometry": {"type": "LineString", "coordinates": [[629863.19, 5219896.295], [629873.842, 5219882.287], [629884.728, 5219868.466], [629895.905, 5219854.88], [629907.267, 5219841.441]]}}, {"type": "Feature", "properties": {"row_id": "V37-R07", "vineyard_id": "V37", "length_m": 50.79, "row_structure": "disrupted", "gap_count": 1, "max_gap_m": 46.91, "vine_count": 6, "canopy_count": 6, "canopy_area_m2": 1.98, "tile_count": 1, "tiles": ["siret3_r026_c017.tif"]}, "geometry": {"type": "LineString", "coordinates": [[629913.743, 5219845.439], [629881.094, 5219884.344]]}}, {"type": "Feature", "properties": {"row_id": "V37-R05", "vineyard_id": "V37", "length_m": 23.48, "row_structure": "disrupted", "gap_count": 1, "max_gap_m": 17.3, "vine_count": 4, "canopy_count": 4, "canopy_area_m2": 1.62, "tile_count": 1, "tiles": ["siret3_r026_c017.tif"]}, "geometry": {"type": "LineString", "coordinates": [[629873.703, 5219886.341], [629888.571, 5219868.171]]}}, {"type": "Feature", "properties": {"row_id": "V37-R01", "vineyard_id": "V37", "length_m": 16.11, "row_structure": "disrupted", "gap_count": 1, "max_gap_m": 14.38, "vine_count": 3, "canopy_count": 3, "canopy_area_m2": 1.21, "tile_count": 1, "tiles": ["siret3_r026_c017.tif"]}, "geometry": {"type": "LineString", "coordinates": [[629874.396, 5219875.31], [629864.786, 5219888.237]]}}, {"type": "Feature", "properties": {"row_id": "V49-R04", "vineyard_id": "V49", "length_m": 20.51, "row_structure": "disrupted", "gap_count": 1, "max_gap_m": 18.36, "vine_count": 4, "canopy_count": 4, "canopy_area_m2": 3.29, "tile_count": 1, "tiles": ["siret3_r026_c018.tif"]}, "geometry": {"type": "LineString", "coordinates": [[629937.631, 5219887.518], [629949.664, 5219870.905]]}}, {"type": "Feature", "properties": {"row_id": "V49-R03", "vineyard_id": "V49", "length_m": 44.61, "row_structure": "disrupted", "gap_count": 1, "max_gap_m": 38.25, "vine_count": 5, "canopy_count": 5, "canopy_area_m2": 6.51, "tile_count": 1, "tiles": ["siret3_r026_c018.tif"]}, "geometry": {"type": "LineString", "coordinates": [[629935.537, 5219882.965], [629964.36, 5219848.923]]}}, {"type": "Feature", "properties": {"row_id": "V49-R02", "vineyard_id": "V49", "length_m": 31.39, "row_structure": "disrupted", "gap_count": 2, "max_gap_m": 17.28, "vine_count": 5, "canopy_count": 8, "canopy_area_m2": 5.38, "tile_count": 1, "tiles": ["siret3_r026_c018.tif"]}, "geometry": {"type": "LineString", "coordinates": [[629948.212, 5219863.7], [629927.545, 5219887.333]]}}, {"type": "Feature", "properties": {"row_id": "V49-R01", "vineyard_id": "V49", "length_m": 13.64, "row_structure": "disrupted", "gap_count": 1, "max_gap_m": 11.96, "vine_count": 3, "canopy_count": 3, "canopy_area_m2": 2.15, "tile_count": 1, "tiles": ["siret3_r026_c018.tif"]}, "geometry": {"type": "LineString", "coordinates": [[629942.635, 5219865.514], [629933.607, 5219875.736]]}}, {"type": "Feature", "properties": {"row_id": "V12-R55", "vineyard_id": "V12", "length_m": 22.9, "row_structure": "disrupted", "gap_count": 1, "max_gap_m": 20.6, "vine_count": 3, "canopy_count": 3, "canopy_area_m2": 1.99, "tile_count": 1, "tiles": ["siret3_r026_c018.tif"]}, "geometry": {"type": "LineString", "coordinates": [[629934.118, 5219858.401], [629948.07, 5219840.247]]}}, {"type": "Feature", "properties": {"row_id": "V12-R56", "vineyard_id": "V12", "length_m": 14.78, "row_structure": "disrupted", "gap_count": 2, "max_gap_m": 6.22, "vine_count": 5, "canopy_count": 5, "canopy_area_m2": 3.75, "tile_count": 1, "tiles": ["siret3_r027_c018.tif"]}, "geometry": {"type": "LineString", "coordinates": [[629961.187, 5219823.835], [629952.561, 5219835.839]]}}, {"type": "Feature", "properties": {"row_id": "V12-R44", "vineyard_id": "V12", "length_m": 56.26, "row_structure": "disrupted", "gap_count": 3, "max_gap_m": 11.52, "vine_count": 26, "canopy_count": 26, "canopy_area_m2": 11.0, "tile_count": 1, "tiles": ["siret3_r027_c018.tif"]}, "geometry": {"type": "LineString", "coordinates": [[629961.183, 5219795.887], [629926.32, 5219840.047]]}}, {"type": "Feature", "properties": {"row_id": "V12-R41", "vineyard_id": "V12", "length_m": 56.03, "row_structure": "disrupted", "gap_count": 3, "max_gap_m": 15.1, "vine_count": 19, "canopy_count": 19, "canopy_area_m2": 10.54, "tile_count": 1, "tiles": ["siret3_r027_c018.tif"]}, "geometry": {"type": "LineString", "coordinates": [[629928.301, 5219832.962], [629962.781, 5219788.802]]}}, {"type": "Feature", "properties": {"row_id": "V52-R03", "vineyard_id": "V52", "length_m": 28.4, "row_structure": "disrupted", "gap_count": 1, "max_gap_m": 6.73, "vine_count": 9, "canopy_count": 10, "canopy_area_m2": 28.46, "tile_count": 1, "tiles": ["siret3_r027_c019.tif"]}, "geometry": {"type": "LineString", "coordinates": [[629996.264, 5219836.422], [630013.547, 5219813.882]]}}, {"type": "Feature", "properties": {"row_id": "V52-R02", "vineyard_id": "V52", "length_m": 31.06, "row_structure": "disrupted", "gap_count": 2, "max_gap_m": 20.36, "vine_count": 4, "canopy_count": 4, "canopy_area_m2": 2.98, "tile_count": 1, "tiles": ["siret3_r027_c019.tif"]}, "geometry": {"type": "LineString", "coordinates": [[629994.376, 5219833.718], [630013.992, 5219809.642]]}}, {"type": "Feature", "properties": {"row_id": "V52-R01", "vineyard_id": "V52", "length_m": 33.71, "row_structure": "disrupted", "gap_count": 1, "max_gap_m": 32.71, "vine_count": 2, "canopy_count": 2, "canopy_area_m2": 1.16, "tile_count": 1, "tiles": ["siret3_r027_c019.tif"]}, "geometry": {"type": "LineString", "coordinates": [[629987.179, 5219839.962], [630007.303, 5219812.921]]}}, {"type": "Feature", "properties": {"row_id": "V12-R45", "vineyard_id": "V12", "length_m": 44.33, "row_structure": "disrupted", "gap_count": 2, "max_gap_m": 18.22, "vine_count": 16, "canopy_count": 16, "canopy_area_m2": 10.09, "tile_count": 1, "tiles": ["siret3_r028_c019.tif"]}, "geometry": {"type": "LineString", "coordinates": [[629967.793, 5219787.322], [629995.069, 5219752.381]]}}, {"type": "Feature", "properties": {"row_id": "V42-R06", "vineyard_id": "V42", "length_m": 41.89, "row_structure": "disrupted", "gap_count": 2, "max_gap_m": 30.13, "vine_count": 7, "canopy_count": 7, "canopy_area_m2": 5.65, "tile_count": 1, "tiles": ["siret3_r028_c019.tif"]}, "geometry": {"type": "LineString", "coordinates": [[629990.765, 5219753.42], [629964.735, 5219786.237]]}}, {"type": "Feature", "properties": {"row_id": "V42-R05", "vineyard_id": "V42", "length_m": 40.1, "row_structure": "disrupted", "gap_count": 3, "max_gap_m": 19.18, "vine_count": 7, "canopy_count": 11, "canopy_area_m2": 4.56, "tile_count": 1, "tiles": ["siret3_r028_c019.tif"]}, "geometry": {"type": "LineString", "coordinates": [[629996.856, 5219742.068], [629971.581, 5219773.199]]}}, {"type": "Feature", "properties": {"row_id": "V42-R04", "vineyard_id": "V42", "length_m": 36.66, "row_structure": "disrupted", "gap_count": 3, "max_gap_m": 11.1, "vine_count": 10, "canopy_count": 12, "canopy_area_m2": 4.08, "tile_count": 1, "tiles": ["siret3_r028_c019.tif"]}, "geometry": {"type": "LineString", "coordinates": [[629995.095, 5219739.607], [629972.681, 5219768.617]]}}, {"type": "Feature", "properties": {"row_id": "V42-R03", "vineyard_id": "V42", "length_m": 13.89, "row_structure": "disrupted", "gap_count": 1, "max_gap_m": 12.7, "vine_count": 3, "canopy_count": 3, "canopy_area_m2": 0.8, "tile_count": 1, "tiles": ["siret3_r028_c019.tif"]}, "geometry": {"type": "LineString", "coordinates": [[629990.087, 5219741.374], [629981.661, 5219752.422]]}}, {"type": "Feature", "properties": {"row_id": "V42-R02", "vineyard_id": "V42", "length_m": 9.44, "row_structure": "regular", "gap_count": 0, "max_gap_m": 4.66, "vine_count": 5, "canopy_count": 5, "canopy_area_m2": 4.36, "tile_count": 1, "tiles": ["siret3_r028_c019.tif"]}, "geometry": {"type": "LineString", "coordinates": [[629988.175, 5219739.292], [629982.79, 5219747.048]]}}, {"type": "Feature", "properties": {"row_id": "V56-R04", "vineyard_id": "V56", "length_m": 3.76, "row_structure": "regular", "gap_count": 0, "max_gap_m": 2.76, "vine_count": 2, "canopy_count": 2, "canopy_area_m2": 2.08, "tile_count": 1, "tiles": ["siret3_r028_c020.tif"]}, "geometry": {"type": "LineString", "coordinates": [[630064.022, 5219761.707], [630066.16, 5219764.801]]}}, {"type": "Feature", "properties": {"row_id": "V56-R03", "vineyard_id": "V56", "length_m": 3.33, "row_structure": "regular", "gap_count": 0, "max_gap_m": 2.32, "vine_count": 2, "canopy_count": 2, "canopy_area_m2": 1.65, "tile_count": 1, "tiles": ["siret3_r028_c020.tif"]}, "geometry": {"type": "LineString", "coordinates": [[630063.304, 5219762.741], [630065.394, 5219765.327]]}}, {"type": "Feature", "properties": {"row_id": "V56-R02", "vineyard_id": "V56", "length_m": 44.38, "row_structure": "disrupted", "gap_count": 3, "max_gap_m": 7.23, "vine_count": 20, "canopy_count": 30, "canopy_area_m2": 14.9, "tile_count": 2, "tiles": ["siret3_r028_c020.tif", "siret3_r029_c020.tif"]}, "geometry": {"type": "LineString", "coordinates": [[630040.068, 5219728.825], [630064.316, 5219765.999]]}}, {"type": "Feature", "properties": {"row_id": "V56-R01", "vineyard_id": "V56", "length_m": 17.6, "row_structure": "regular", "gap_count": 0, "max_gap_m": 3.08, "vine_count": 12, "canopy_count": 12, "canopy_area_m2": 5.47, "tile_count": 2, "tiles": ["siret3_r028_c020.tif", "siret3_r029_c020.tif"]}, "geometry": {"type": "LineString", "coordinates": [[630048.45, 5219744.656], [630038.604, 5219730.071]]}}, {"type": "Feature", "properties": {"row_id": "V14-R10", "vineyard_id": "V14", "length_m": 42.58, "row_structure": "disrupted", "gap_count": 1, "max_gap_m": 33.05, "vine_count": 4, "canopy_count": 4, "canopy_area_m2": 11.06, "tile_count": 1, "tiles": ["siret3_r028_c020.tif"]}, "geometry": {"type": "LineString", "coordinates": [[630033.999, 5219739.457], [630054.476, 5219776.785]]}}, {"type": "Feature", "properties": {"row_id": "V14-R09", "vineyard_id": "V14", "length_m": 49.55, "row_structure": "disrupted", "gap_count": 2, "max_gap_m": 31.6, "vine_count": 7, "canopy_count": 8, "canopy_area_m2": 9.99, "tile_count": 1, "tiles": ["siret3_r028_c020.tif"]}, "geometry": {"type": "LineString", "coordinates": [[630028.296, 5219737.94], [630051.321, 5219781.821]]}}, {"type": "Feature", "properties": {"row_id": "V14-R08", "vineyard_id": "V14", "length_m": 35.54, "row_structure": "disrupted", "gap_count": 1, "max_gap_m": 14.31, "vine_count": 9, "canopy_count": 10, "canopy_area_m2": 13.06, "tile_count": 1, "tiles": ["siret3_r028_c020.tif"]}, "geometry": {"type": "LineString", "coordinates": [[630023.125, 5219737.43], [630041.109, 5219768.079]]}}, {"type": "Feature", "properties": {"row_id": "V14-R07", "vineyard_id": "V14", "length_m": 36.7, "row_structure": "disrupted", "gap_count": 1, "max_gap_m": 25.44, "vine_count": 10, "canopy_count": 10, "canopy_area_m2": 8.26, "tile_count": 1, "tiles": ["siret3_r028_c020.tif"]}, "geometry": {"type": "LineString", "coordinates": [[630039.751, 5219769.94], [630021.382, 5219738.162]]}}, {"type": "Feature", "properties": {"row_id": "V14-R06", "vineyard_id": "V14", "length_m": 31.92, "row_structure": "disrupted", "gap_count": 1, "max_gap_m": 12.26, "vine_count": 7, "canopy_count": 8, "canopy_area_m2": 15.41, "tile_count": 1, "tiles": ["siret3_r028_c020.tif"]}, "geometry": {"type": "LineString", "coordinates": [[630035.697, 5219767.273], [630019.495, 5219739.77]]}}, {"type": "Feature", "properties": {"row_id": "V14-R05", "vineyard_id": "V14", "length_m": 12.02, "row_structure": "disrupted", "gap_count": 1, "max_gap_m": 9.69, "vine_count": 3, "canopy_count": 3, "canopy_area_m2": 2.4, "tile_count": 1, "tiles": ["siret3_r028_c020.tif"]}, "geometry": {"type": "LineString", "coordinates": [[630030.558, 5219762.927], [630024.441, 5219752.577]]}}, {"type": "Feature", "properties": {"row_id": "V14-R04", "vineyard_id": "V14", "length_m": 32.0, "row_structure": "regular", "gap_count": 0, "max_gap_m": 4.66, "vine_count": 11, "canopy_count": 13, "canopy_area_m2": 16.98, "tile_count": 1, "tiles": ["siret3_r028_c020.tif"]}, "geometry": {"type": "LineString", "coordinates": [[630015.993, 5219741.798], [630031.803, 5219769.621]]}}, {"type": "Feature", "properties": {"row_id": "V14-R03", "vineyard_id": "V14", "length_m": 11.57, "row_structure": "regular", "gap_count": 0, "max_gap_m": 2.88, "vine_count": 7, "canopy_count": 7, "canopy_area_m2": 3.42, "tile_count": 1, "tiles": ["siret3_r028_c020.tif"]}, "geometry": {"type": "LineString", "coordinates": [[630025.721, 5219762.981], [630031.505, 5219773.003]]}}, {"type": "Feature", "properties": {"row_id": "V14-R02", "vineyard_id": "V14", "length_m": 27.34, "row_structure": "disrupted", "gap_count": 2, "max_gap_m": 10.69, "vine_count": 7, "canopy_count": 9, "canopy_area_m2": 8.45, "tile_count": 1, "tiles": ["siret3_r028_c020.tif"]}, "geometry": {"type": "LineString", "coordinates": [[630028.515, 5219775.626], [630016.36, 5219751.134]]}}, {"type": "Feature", "properties": {"row_id": "V14-R01", "vineyard_id": "V14", "length_m": 5.0, "row_structure": "regular", "gap_count": 0, "max_gap_m": 4.0, "vine_count": 2, "canopy_count": 2, "canopy_area_m2": 6.3, "tile_count": 1, "tiles": ["siret3_r028_c020.tif"]}, "geometry": {"type": "LineString", "coordinates": [[630017.056, 5219760.478], [630019.606, 5219764.779]]}}, {"type": "Feature", "properties": {"row_id": "V16-R05", "vineyard_id": "V16", "length_m": 90.74, "row_structure": "disrupted", "gap_count": 4, "max_gap_m": 21.82, "vine_count": 33, "canopy_count": 33, "canopy_area_m2": 22.83, "tile_count": 4, "tiles": ["siret3_r028_c023.tif", "siret3_r029_c023.tif", "siret3_r029_c024.tif", "siret3_r030_c024.tif"]}, "geometry": {"type": "LineString", "coordinates": [[630195.972, 5219740.148], [630240.224, 5219660.925]]}}, {"type": "Feature", "properties": {"row_id": "V16-R04", "vineyard_id": "V16", "length_m": 98.85, "row_structure": "disrupted", "gap_count": 3, "max_gap_m": 16.48, "vine_count": 52, "canopy_count": 52, "canopy_area_m2": 31.72, "tile_count": 4, "tiles": ["siret3_r028_c023.tif", "siret3_r029_c023.tif", "siret3_r029_c024.tif", "siret3_r030_c024.tif"]}, "geometry": {"type": "LineString", "coordinates": [[630190.814, 5219743.738], [630239.018, 5219657.443]]}}, {"type": "Feature", "properties": {"row_id": "V18-R06", "vineyard_id": "V18", "length_m": 74.9, "row_structure": "disrupted", "gap_count": 2, "max_gap_m": 8.68, "vine_count": 29, "canopy_count": 29, "canopy_area_m2": 9.94, "tile_count": 3, "tiles": ["siret3_r029_c019.tif", "siret3_r030_c018.tif", "siret3_r030_c019.tif"]}, "geometry": {"type": "LineString", "coordinates": [[629982.485, 5219696.17], [629927.868, 5219644.91]]}}, {"type": "Feature", "properties": {"row_id": "V18-R05", "vineyard_id": "V18", "length_m": 72.85, "row_structure": "disrupted", "gap_count": 1, "max_gap_m": 7.75, "vine_count": 30, "canopy_count": 30, "canopy_area_m2": 9.7, "tile_count": 3, "tiles": ["siret3_r029_c019.tif", "siret3_r030_c018.tif", "siret3_r030_c019.tif"]}, "geometry": {"type": "LineString", "coordinates": [[629978.813, 5219696.82], [629925.886, 5219646.755]]}}, {"type": "Feature", "properties": {"row_id": "V18-R04", "vineyard_id": "V18", "length_m": 75.78, "row_structure": "disrupted", "gap_count": 3, "max_gap_m": 12.0, "vine_count": 30, "canopy_count": 30, "canopy_area_m2": 13.47, "tile_count": 2, "tiles": ["siret3_r029_c019.tif", "siret3_r030_c018.tif"]}, "geometry": {"type": "LineString", "coordinates": [[629978.647, 5219700.262], [629923.518, 5219648.262]]}}, {"type": "Feature", "properties": {"row_id": "V18-R02", "vineyard_id": "V18", "length_m": 23.56, "row_structure": "disrupted", "gap_count": 1, "max_gap_m": 22.56, "vine_count": 2, "canopy_count": 2, "canopy_area_m2": 2.78, "tile_count": 1, "tiles": ["siret3_r029_c019.tif"]}, "geometry": {"type": "LineString", "coordinates": [[629970.956, 5219697.86], [629987.878, 5219714.251]]}}, {"type": "Feature", "properties": {"row_id": "V18-R01", "vineyard_id": "V18", "length_m": 4.14, "row_structure": "regular", "gap_count": 0, "max_gap_m": 1.11, "vine_count": 5, "canopy_count": 6, "canopy_area_m2": 2.76, "tile_count": 1, "tiles": ["siret3_r029_c019.tif"]}, "geometry": {"type": "LineString", "coordinates": [[629980.612, 5219717.641], [629983.036, 5219721.002]]}}, {"type": "Feature", "properties": {"row_id": "V42-R01", "vineyard_id": "V42", "length_m": 28.46, "row_structure": "disrupted", "gap_count": 1, "max_gap_m": 23.42, "vine_count": 5, "canopy_count": 6, "canopy_area_m2": 2.83, "tile_count": 1, "tiles": ["siret3_r029_c019.tif"]}, "geometry": {"type": "LineString", "coordinates": [[629975.794, 5219717.847], [629996.421, 5219737.458]]}}, {"type": "Feature", "properties": {"row_id": "V17-R07", "vineyard_id": "V17", "length_m": 95.66, "row_structure": "disrupted", "gap_count": 2, "max_gap_m": 11.81, "vine_count": 60, "canopy_count": 60, "canopy_area_m2": 34.09, "tile_count": 4, "tiles": ["siret3_r029_c020.tif", "siret3_r029_c021.tif", "siret3_r030_c021.tif", "siret3_r030_c022.tif"]}, "geometry": {"type": "LineString", "coordinates": [[630064.541, 5219713.481], [630119.877, 5219635.445]]}}, {"type": "Feature", "properties": {"row_id": "V17-R06", "vineyard_id": "V17", "length_m": 89.12, "row_structure": "disrupted", "gap_count": 3, "max_gap_m": 16.62, "vine_count": 31, "canopy_count": 31, "canopy_area_m2": 11.61, "tile_count": 3, "tiles": ["siret3_r029_c020.tif", "siret3_r029_c021.tif", "siret3_r030_c021.tif"]}, "geometry": {"type": "LineString", "coordinates": [[630062.287, 5219711.942], [630113.951, 5219639.327]]}}, {"type": "Feature", "properties": {"row_id": "V17-R05", "vineyard_id": "V17", "length_m": 97.09, "row_structure": "disrupted", "gap_count": 1, "max_gap_m": 17.05, "vine_count": 51, "canopy_count": 53, "canopy_area_m2": 22.05, "tile_count": 4, "tiles": ["siret3_r029_c020.tif", "siret3_r029_c021.tif", "siret3_r030_c021.tif", "siret3_r031_c021.tif"]}, "geometry": {"type": "LineString", "coordinates": [[630058.476, 5219712.187], [630114.69, 5219633.022]]}}, {"type": "Feature", "properties": {"row_id": "V17-R02", "vineyard_id": "V17", "length_m": 78.36, "row_structure": "disrupted", "gap_count": 5, "max_gap_m": 15.41, "vine_count": 22, "canopy_count": 22, "canopy_area_m2": 8.48, "tile_count": 2, "tiles": ["siret3_r029_c020.tif", "siret3_r030_c020.tif"]}, "geometry": {"type": "LineString", "coordinates": [[630066.873, 5219735.62], [630055.266, 5219719.836], [630043.893, 5219703.887], [630021.523, 5219671.722]]}}, {"type": "Feature", "properties": {"row_id": "V17-R01", "vineyard_id": "V17", "length_m": 31.93, "row_structure": "disrupted", "gap_count": 2, "max_gap_m": 13.26, "vine_count": 10, "canopy_count": 10, "canopy_area_m2": 5.56, "tile_count": 1, "tiles": ["siret3_r029_c020.tif"]}, "geometry": {"type": "LineString", "coordinates": [[630047.934, 5219714.555], [630029.773, 5219688.29]]}}, {"type": "Feature", "properties": {"row_id": "V16-R06", "vineyard_id": "V16", "length_m": 3.03, "row_structure": "regular", "gap_count": 0, "max_gap_m": 2.02, "vine_count": 2, "canopy_count": 2, "canopy_area_m2": 1.48, "tile_count": 1, "tiles": ["siret3_r029_c023.tif"]}, "geometry": {"type": "LineString", "coordinates": [[630203.229, 5219732.927], [630204.699, 5219730.283]]}}, {"type": "Feature", "properties": {"row_id": "V16-R03", "vineyard_id": "V16", "length_m": 71.2, "row_structure": "disrupted", "gap_count": 2, "max_gap_m": 18.55, "vine_count": 30, "canopy_count": 30, "canopy_area_m2": 20.45, "tile_count": 3, "tiles": ["siret3_r029_c023.tif", "siret3_r030_c023.tif", "siret3_r030_c024.tif"]}, "geometry": {"type": "LineString", "coordinates": [[630228.61, 5219669.963], [630193.989, 5219732.178]]}}, {"type": "Feature", "properties": {"row_id": "V16-R02", "vineyard_id": "V16", "length_m": 83.54, "row_structure": "disrupted", "gap_count": 4, "max_gap_m": 15.46, "vine_count": 34, "canopy_count": 34, "canopy_area_m2": 18.06, "tile_count": 3, "tiles": ["siret3_r029_c023.tif", "siret3_r030_c023.tif", "siret3_r030_c024.tif"]}, "geometry": {"type": "LineString", "coordinates": [[630231.525, 5219658.575], [630191.145, 5219731.71]]}}, {"type": "Feature", "properties": {"row_id": "V16-R01", "vineyard_id": "V16", "length_m": 49.09, "row_structure": "disrupted", "gap_count": 2, "max_gap_m": 17.8, "vine_count": 19, "canopy_count": 20, "canopy_area_m2": 10.17, "tile_count": 2, "tiles": ["siret3_r029_c023.tif", "siret3_r030_c023.tif"]}, "geometry": {"type": "LineString", "coordinates": [[630214.367, 5219684.578], [630190.503, 5219727.473]]}}, {"type": "Feature", "properties": {"row_id": "V16-R07", "vineyard_id": "V16", "length_m": 6.06, "row_structure": "regular", "gap_count": 0, "max_gap_m": 4.19, "vine_count": 3, "canopy_count": 3, "canopy_area_m2": 2.16, "tile_count": 1, "tiles": ["siret3_r029_c024.tif"]}, "geometry": {"type": "LineString", "coordinates": [[630222.339, 5219698.444], [630225.52, 5219693.291]]}}, {"type": "Feature", "properties": {"row_id": "V20-R04", "vineyard_id": "V20", "length_m": 34.77, "row_structure": "disrupted", "gap_count": 3, "max_gap_m": 7.79, "vine_count": 15, "canopy_count": 15, "canopy_area_m2": 6.02, "tile_count": 2, "tiles": ["siret3_r030_c016.tif", "siret3_r030_c017.tif"]}, "geometry": {"type": "LineString", "coordinates": [[629859.5, 5219635.271], [629882.614, 5219661.244]]}}, {"type": "Feature", "properties": {"row_id": "V19-R09", "vineyard_id": "V19", "length_m": 30.36, "row_structure": "disrupted", "gap_count": 1, "max_gap_m": 11.67, "vine_count": 16, "canopy_count": 16, "canopy_area_m2": 9.18, "tile_count": 2, "tiles": ["siret3_r030_c016.tif", "siret3_r030_c017.tif"]}, "geometry": {"type": "LineString", "coordinates": [[629849.028, 5219646.777], [629867.821, 5219670.625]]}}, {"type": "Feature", "properties": {"row_id": "V19-R08", "vineyard_id": "V19", "length_m": 30.36, "row_structure": "disrupted", "gap_count": 1, "max_gap_m": 5.66, "vine_count": 17, "canopy_count": 17, "canopy_area_m2": 9.46, "tile_count": 2, "tiles": ["siret3_r030_c016.tif", "siret3_r030_c017.tif"]}, "geometry": {"type": "LineString", "coordinates": [[629847.404, 5219648.673], [629866.163, 5219672.543]]}}, {"type": "Feature", "properties": {"row_id": "V19-R07", "vineyard_id": "V19", "length_m": 31.77, "row_structure": "disrupted", "gap_count": 1, "max_gap_m": 8.97, "vine_count": 14, "canopy_count": 14, "canopy_area_m2": 13.84, "tile_count": 2, "tiles": ["siret3_r030_c016.tif", "siret3_r030_c017.tif"]}, "geometry": {"type": "LineString", "coordinates": [[629864.124, 5219673.573], [629844.316, 5219648.737]]}}, {"type": "Feature", "properties": {"row_id": "V19-R06", "vineyard_id": "V19", "length_m": 27.51, "row_structure": "disrupted", "gap_count": 1, "max_gap_m": 8.64, "vine_count": 13, "canopy_count": 13, "canopy_area_m2": 9.78, "tile_count": 1, "tiles": ["siret3_r030_c016.tif"]}, "geometry": {"type": "LineString", "coordinates": [[629844.963, 5219653.775], [629862.137, 5219675.263]]}}, {"type": "Feature", "properties": {"row_id": "V19-R05", "vineyard_id": "V19", "length_m": 29.27, "row_structure": "regular", "gap_count": 0, "max_gap_m": 4.52, "vine_count": 18, "canopy_count": 18, "canopy_area_m2": 12.54, "tile_count": 1, "tiles": ["siret3_r030_c016.tif"]}, "geometry": {"type": "LineString", "coordinates": [[629859.233, 5219675.361], [629841.208, 5219652.298]]}}, {"type": "Feature", "properties": {"row_id": "V19-R04", "vineyard_id": "V19", "length_m": 29.87, "row_structure": "disrupted", "gap_count": 1, "max_gap_m": 9.28, "vine_count": 13, "canopy_count": 13, "canopy_area_m2": 12.38, "tile_count": 1, "tiles": ["siret3_r030_c016.tif"]}, "geometry": {"type": "LineString", "coordinates": [[629858.236, 5219678.9], [629840.151, 5219655.129]]}}, {"type": "Feature", "properties": {"row_id": "V19-R03", "vineyard_id": "V19", "length_m": 12.53, "row_structure": "regular", "gap_count": 0, "max_gap_m": 3.08, "vine_count": 8, "canopy_count": 8, "canopy_area_m2": 5.73, "tile_count": 1, "tiles": ["siret3_r030_c016.tif"]}, "geometry": {"type": "LineString", "coordinates": [[629848.32, 5219669.874], [629856.11, 5219679.693]]}}, {"type": "Feature", "properties": {"row_id": "V19-R02", "vineyard_id": "V19", "length_m": 29.84, "row_structure": "regular", "gap_count": 0, "max_gap_m": 4.2, "vine_count": 18, "canopy_count": 18, "canopy_area_m2": 13.62, "tile_count": 1, "tiles": ["siret3_r030_c016.tif"]}, "geometry": {"type": "LineString", "coordinates": [[629854.247, 5219681.824], [629836.037, 5219658.179]]}}, {"type": "Feature", "properties": {"row_id": "V19-R01", "vineyard_id": "V19", "length_m": 27.4, "row_structure": "disrupted", "gap_count": 2, "max_gap_m": 9.89, "vine_count": 10, "canopy_count": 10, "canopy_area_m2": 7.9, "tile_count": 1, "tiles": ["siret3_r030_c016.tif"]}, "geometry": {"type": "LineString", "coordinates": [[629835.07, 5219661.433], [629851.268, 5219683.529]]}}, {"type": "Feature", "properties": {"row_id": "V20-R08", "vineyard_id": "V20", "length_m": 37.5, "row_structure": "disrupted", "gap_count": 3, "max_gap_m": 10.66, "vine_count": 12, "canopy_count": 12, "canopy_area_m2": 4.83, "tile_count": 2, "tiles": ["siret3_r030_c017.tif", "siret3_r031_c017.tif"]}, "geometry": {"type": "LineString", "coordinates": [[629863.397, 5219626.764], [629889.048, 5219654.117]]}}, {"type": "Feature", "properties": {"row_id": "V20-R07", "vineyard_id": "V20", "length_m": 37.96, "row_structure": "disrupted", "gap_count": 1, "max_gap_m": 6.36, "vine_count": 23, "canopy_count": 23, "canopy_area_m2": 8.99, "tile_count": 2, "tiles": ["siret3_r030_c017.tif", "siret3_r031_c017.tif"]}, "geometry": {"type": "LineString", "coordinates": [[629888.382, 5219656.867], [629862.618, 5219628.988]]}}, {"type": "Feature", "properties": {"row_id": "V20-R06", "vineyard_id": "V20", "length_m": 28.12, "row_structure": "regular", "gap_count": 0, "max_gap_m": 4.76, "vine_count": 17, "canopy_count": 17, "canopy_area_m2": 5.88, "tile_count": 1, "tiles": ["siret3_r030_c017.tif"]}, "geometry": {"type": "LineString", "coordinates": [[629867.526, 5219637.983], [629886.734, 5219658.519]]}}, {"type": "Feature", "properties": {"row_id": "V20-R05", "vineyard_id": "V20", "length_m": 32.12, "row_structure": "disrupted", "gap_count": 1, "max_gap_m": 8.21, "vine_count": 15, "canopy_count": 16, "canopy_area_m2": 7.45, "tile_count": 1, "tiles": ["siret3_r030_c017.tif"]}, "geometry": {"type": "LineString", "coordinates": [[629884.46, 5219659.645], [629862.657, 5219636.057]]}}, {"type": "Feature", "properties": {"row_id": "V20-R03", "vineyard_id": "V20", "length_m": 48.21, "row_structure": "disrupted", "gap_count": 2, "max_gap_m": 32.06, "vine_count": 3, "canopy_count": 4, "canopy_area_m2": 5.56, "tile_count": 1, "tiles": ["siret3_r030_c017.tif"]}, "geometry": {"type": "LineString", "coordinates": [[629870.595, 5219651.299], [629903.597, 5219686.448]]}}, {"type": "Feature", "properties": {"row_id": "V20-R02", "vineyard_id": "V20", "length_m": 11.4, "row_structure": "disrupted", "gap_count": 1, "max_gap_m": 9.48, "vine_count": 3, "canopy_count": 3, "canopy_area_m2": 3.3, "tile_count": 1, "tiles": ["siret3_r030_c017.tif"]}, "geometry": {"type": "LineString", "coordinates": [[629870.555, 5219653.061], [629862.693, 5219644.809]]}}, {"type": "Feature", "properties": {"row_id": "V20-R01", "vineyard_id": "V20", "length_m": 22.74, "row_structure": "disrupted", "gap_count": 1, "max_gap_m": 21.74, "vine_count": 2, "canopy_count": 2, "canopy_area_m2": 2.98, "tile_count": 1, "tiles": ["siret3_r030_c017.tif"]}, "geometry": {"type": "LineString", "coordinates": [[629862.545, 5219646.658], [629877.976, 5219663.368]]}}, {"type": "Feature", "properties": {"row_id": "V18-R03", "vineyard_id": "V18", "length_m": 44.31, "row_structure": "disrupted", "gap_count": 3, "max_gap_m": 9.74, "vine_count": 14, "canopy_count": 14, "canopy_area_m2": 6.12, "tile_count": 1, "tiles": ["siret3_r030_c018.tif"]}, "geometry": {"type": "LineString", "coordinates": [[629927.398, 5219656.023], [629959.671, 5219686.385]]}}, {"type": "Feature", "properties": {"row_id": "V21-R06", "vineyard_id": "V21", "length_m": 58.77, "row_structure": "disrupted", "gap_count": 2, "max_gap_m": 12.19, "vine_count": 26, "canopy_count": 26, "canopy_area_m2": 11.79, "tile_count": 3, "tiles": ["siret3_r030_c019.tif", "siret3_r030_c020.tif", "siret3_r031_c019.tif"]}, "geometry": {"type": "LineString", "coordinates": [[630024.383, 5219650.569], [629986.383, 5219605.738]]}}, {"type": "Feature", "properties": {"row_id": "V21-R05", "vineyard_id": "V21", "length_m": 68.25, "row_structure": "disrupted", "gap_count": 3, "max_gap_m": 10.17, "vine_count": 23, "canopy_count": 23, "canopy_area_m2": 15.33, "tile_count": 3, "tiles": ["siret3_r030_c019.tif", "siret3_r030_c020.tif", "siret3_r031_c019.tif"]}, "geometry": {"type": "LineString", "coordinates": [[630027.474, 5219657.565], [630016.25, 5219644.714], [630005.109, 5219631.791], [629983.006, 5219605.793]]}}, {"type": "Feature", "properties": {"row_id": "V21-R03", "vineyard_id": "V21", "length_m": 21.77, "row_structure": "regular", "gap_count": 0, "max_gap_m": 2.53, "vine_count": 28, "canopy_count": 0, "canopy_area_m2": 0.0, "tile_count": 1, "tiles": ["siret3_r030_c019.tif"]}, "geometry": {"type": "LineString", "coordinates": [[629998.96, 5219634.815], [630015.698, 5219648.741]]}}, {"type": "Feature", "properties": {"row_id": "V21-R01", "vineyard_id": "V21", "length_m": 53.1, "row_structure": "disrupted", "gap_count": 3, "max_gap_m": 8.15, "vine_count": 20, "canopy_count": 20, "canopy_area_m2": 14.49, "tile_count": 2, "tiles": ["siret3_r030_c019.tif", "siret3_r031_c019.tif"]}, "geometry": {"type": "LineString", "coordinates": [[630014.925, 5219654.717], [629980.253, 5219614.503]]}}, {"type": "Feature", "properties": {"row_id": "V46-R02", "vineyard_id": "V46", "length_m": 52.51, "row_structure": "disrupted", "gap_count": 5, "max_gap_m": 13.38, "vine_count": 9, "canopy_count": 14, "canopy_area_m2": 6.85, "tile_count": 2, "tiles": ["siret3_r030_c020.tif", "siret3_r031_c020.tif"]}, "geometry": {"type": "LineString", "coordinates": [[630050.317, 5219647.274], [630039.452, 5219633.547], [630028.329, 5219620.034], [630017.062, 5219606.639]]}}, {"type": "Feature", "properties": {"row_id": "V21-R09", "vineyard_id": "V21", "length_m": 23.88, "row_structure": "disrupted", "gap_count": 1, "max_gap_m": 22.88, "vine_count": 2, "canopy_count": 2, "canopy_area_m2": 2.44, "tile_count": 1, "tiles": ["siret3_r030_c020.tif"]}, "geometry": {"type": "LineString", "coordinates": [[630022.864, 5219637.664], [630038.214, 5219655.961]]}}, {"type": "Feature", "properties": {"row_id": "V21-R08", "vineyard_id": "V21", "length_m": 76.39, "row_structure": "disrupted", "gap_count": 4, "max_gap_m": 44.77, "vine_count": 12, "canopy_count": 12, "canopy_area_m2": 9.02, "tile_count": 3, "tiles": ["siret3_r030_c020.tif", "siret3_r031_c019.tif", "siret3_r031_c020.tif"]}, "geometry": {"type": "LineString", "coordinates": [[630051.43, 5219676.798], [630039.407, 5219661.961], [630027.501, 5219647.03], [630003.3, 5219617.483]]}}, {"type": "Feature", "properties": {"row_id": "V21-R04", "vineyard_id": "V21", "length_m": 59.19, "row_structure": "disrupted", "gap_count": 2, "max_gap_m": 8.43, "vine_count": 24, "canopy_count": 24, "canopy_area_m2": 15.6, "tile_count": 3, "tiles": ["siret3_r030_c019.tif", "siret3_r030_c020.tif", "siret3_r031_c019.tif"]}, "geometry": {"type": "LineString", "coordinates": [[630020.202, 5219653.284], [629981.716, 5219608.32]]}}, {"type": "Feature", "properties": {"row_id": "V21-R02", "vineyard_id": "V21", "length_m": 63.05, "row_structure": "disrupted", "gap_count": 2, "max_gap_m": 6.44, "vine_count": 32, "canopy_count": 32, "canopy_area_m2": 25.04, "tile_count": 3, "tiles": ["siret3_r030_c019.tif", "siret3_r030_c020.tif", "siret3_r031_c019.tif"]}, "geometry": {"type": "LineString", "coordinates": [[630018.95, 5219655.788], [629988.176, 5219619.888], [629978.065, 5219607.794]]}}, {"type": "Feature", "properties": {"row_id": "V17-R04", "vineyard_id": "V17", "length_m": 15.11, "row_structure": "disrupted", "gap_count": 1, "max_gap_m": 11.28, "vine_count": 5, "canopy_count": 5, "canopy_area_m2": 1.93, "tile_count": 1, "tiles": ["siret3_r030_c021.tif"]}, "geometry": {"type": "LineString", "coordinates": [[630073.53, 5219686.381], [630082.995, 5219674.607]]}}, {"type": "Feature", "properties": {"row_id": "V17-R03", "vineyard_id": "V17", "length_m": 16.96, "row_structure": "disrupted", "gap_count": 1, "max_gap_m": 15.21, "vine_count": 3, "canopy_count": 3, "canopy_area_m2": 1.91, "tile_count": 1, "tiles": ["siret3_r030_c021.tif"]}, "geometry": {"type": "LineString", "coordinates": [[630081.078, 5219668.817], [630071.87, 5219683.057]]}}, {"type": "Feature", "properties": {"row_id": "V41-R05", "vineyard_id": "V41", "length_m": 30.77, "row_structure": "disrupted", "gap_count": 1, "max_gap_m": 28.83, "vine_count": 4, "canopy_count": 4, "canopy_area_m2": 3.55, "tile_count": 1, "tiles": ["siret3_r031_c017.tif"]}, "geometry": {"type": "LineString", "coordinates": [[629893.108, 5219597.875], [629913.13, 5219621.235]]}}, {"type": "Feature", "properties": {"row_id": "V41-R04", "vineyard_id": "V41", "length_m": 34.91, "row_structure": "disrupted", "gap_count": 2, "max_gap_m": 13.55, "vine_count": 10, "canopy_count": 10, "canopy_area_m2": 4.2, "tile_count": 1, "tiles": ["siret3_r031_c017.tif"]}, "geometry": {"type": "LineString", "coordinates": [[629913.2, 5219625.081], [629890.502, 5219598.563]]}}, {"type": "Feature", "properties": {"row_id": "V41-R03", "vineyard_id": "V41", "length_m": 48.27, "row_structure": "disrupted", "gap_count": 1, "max_gap_m": 6.32, "vine_count": 22, "canopy_count": 22, "canopy_area_m2": 9.42, "tile_count": 2, "tiles": ["siret3_r031_c017.tif", "siret3_r031_c018.tif"]}, "geometry": {"type": "LineString", "coordinates": [[629885.934, 5219597.115], [629917.352, 5219633.756]]}}, {"type": "Feature", "properties": {"row_id": "V41-R02", "vineyard_id": "V41", "length_m": 35.98, "row_structure": "disrupted", "gap_count": 2, "max_gap_m": 6.21, "vine_count": 15, "canopy_count": 15, "canopy_area_m2": 5.85, "tile_count": 1, "tiles": ["siret3_r031_c017.tif"]}, "geometry": {"type": "LineString", "coordinates": [[629887.491, 5219602.859], [629910.987, 5219630.103]]}}, {"type": "Feature", "properties": {"row_id": "V41-R01", "vineyard_id": "V41", "length_m": 46.14, "row_structure": "disrupted", "gap_count": 3, "max_gap_m": 16.89, "vine_count": 13, "canopy_count": 14, "canopy_area_m2": 6.8, "tile_count": 1, "tiles": ["siret3_r031_c017.tif"]}, "geometry": {"type": "LineString", "coordinates": [[629882.097, 5219600.113], [629912.094, 5219635.177]]}}, {"type": "Feature", "properties": {"row_id": "V22-R06", "vineyard_id": "V22", "length_m": 51.76, "row_structure": "regular", "gap_count": 0, "max_gap_m": 4.51, "vine_count": 27, "canopy_count": 27, "canopy_area_m2": 21.12, "tile_count": 2, "tiles": ["siret3_r031_c018.tif", "siret3_r032_c018.tif"]}, "geometry": {"type": "LineString", "coordinates": [[629959.951, 5219590.616], [629927.094, 5219550.623]]}}, {"type": "Feature", "properties": {"row_id": "V22-R05", "vineyard_id": "V22", "length_m": 56.07, "row_structure": "regular", "gap_count": 0, "max_gap_m": 4.67, "vine_count": 33, "canopy_count": 33, "canopy_area_m2": 15.4, "tile_count": 2, "tiles": ["siret3_r031_c018.tif", "siret3_r032_c018.tif"]}, "geometry": {"type": "LineString", "coordinates": [[629959.028, 5219593.851], [629923.626, 5219550.373]]}}, {"type": "Feature", "properties": {"row_id": "V22-R04", "vineyard_id": "V22", "length_m": 51.61, "row_structure": "disrupted", "gap_count": 3, "max_gap_m": 7.7, "vine_count": 22, "canopy_count": 22, "canopy_area_m2": 9.25, "tile_count": 2, "tiles": ["siret3_r031_c018.tif", "siret3_r032_c018.tif"]}, "geometry": {"type": "LineString", "coordinates": [[629957.982, 5219596.948], [629925.691, 5219556.682]]}}, {"type": "Feature", "properties": {"row_id": "V22-R03", "vineyard_id": "V22", "length_m": 54.28, "row_structure": "disrupted", "gap_count": 2, "max_gap_m": 6.11, "vine_count": 24, "canopy_count": 24, "canopy_area_m2": 13.64, "tile_count": 2, "tiles": ["siret3_r031_c018.tif", "siret3_r032_c018.tif"]}, "geometry": {"type": "LineString", "coordinates": [[629953.77, 5219595.794], [629919.985, 5219553.311]]}}, {"type": "Feature", "properties": {"row_id": "V21-R13", "vineyard_id": "V21", "length_m": 3.49, "row_structure": "regular", "gap_count": 0, "max_gap_m": 1.51, "vine_count": 4, "canopy_count": 4, "canopy_area_m2": 2.57, "tile_count": 1, "tiles": ["siret3_r031_c019.tif"]}, "geometry": {"type": "LineString", "coordinates": [[630000.194, 5219596.602], [629998.295, 5219593.673]]}}, {"type": "Feature", "properties": {"row_id": "V21-R12", "vineyard_id": "V21", "length_m": 49.91, "row_structure": "disrupted", "gap_count": 3, "max_gap_m": 18.19, "vine_count": 10, "canopy_count": 10, "canopy_area_m2": 10.25, "tile_count": 2, "tiles": ["siret3_r031_c019.tif", "siret3_r031_c020.tif"]}, "geometry": {"type": "LineString", "coordinates": [[630024.731, 5219632.402], [630014.241, 5219619.488], [629992.837, 5219594.013]]}}, {"type": "Feature", "properties": {"row_id": "V21-R11", "vineyard_id": "V21", "length_m": 36.97, "row_structure": "disrupted", "gap_count": 2, "max_gap_m": 19.48, "vine_count": 7, "canopy_count": 7, "canopy_area_m2": 7.48, "tile_count": 2, "tiles": ["siret3_r031_c019.tif", "siret3_r031_c020.tif"]}, "geometry": {"type": "LineString", "coordinates": [[630000.149, 5219605.027], [630023.398, 5219633.768]]}}, {"type": "Feature", "properties": {"row_id": "V21-R10", "vineyard_id": "V21", "length_m": 15.69, "row_structure": "disrupted", "gap_count": 1, "max_gap_m": 9.99, "vine_count": 4, "canopy_count": 6, "canopy_area_m2": 5.95, "tile_count": 1, "tiles": ["siret3_r031_c019.tif"]}, "geometry": {"type": "LineString", "coordinates": [[630001.016, 5219611.178], [630011.463, 5219622.883]]}}, {"type": "Feature", "properties": {"row_id": "V21-R07", "vineyard_id": "V21", "length_m": 13.62, "row_structure": "disrupted", "gap_count": 1, "max_gap_m": 5.43, "vine_count": 7, "canopy_count": 10, "canopy_area_m2": 8.23, "tile_count": 1, "tiles": ["siret3_r031_c019.tif"]}, "geometry": {"type": "LineString", "coordinates": [[629999.321, 5219616.221], [630007.654, 5219626.996]]}}, {"type": "Feature", "properties": {"row_id": "V39-R12", "vineyard_id": "V39", "length_m": 10.81, "row_structure": "disrupted", "gap_count": 1, "max_gap_m": 5.09, "vine_count": 3, "canopy_count": 3, "canopy_area_m2": 2.5, "tile_count": 2, "tiles": ["siret3_r031_c020.tif", "siret3_r032_c020.tif"]}, "geometry": {"type": "LineString", "coordinates": [[630058.697, 5219582.23], [630065.807, 5219590.373]]}}, {"type": "Feature", "properties": {"row_id": "V25-R04", "vineyard_id": "V25", "length_m": 17.11, "row_structure": "disrupted", "gap_count": 1, "max_gap_m": 15.19, "vine_count": 3, "canopy_count": 3, "canopy_area_m2": 3.92, "tile_count": 1, "tiles": ["siret3_r032_c020.tif"]}, "geometry": {"type": "LineString", "coordinates": [[630028.756, 5219546.846], [630017.937, 5219533.586]]}}, {"type": "Feature", "properties": {"row_id": "V39-R11", "vineyard_id": "V39", "length_m": 21.35, "row_structure": "disrupted", "gap_count": 1, "max_gap_m": 11.32, "vine_count": 6, "canopy_count": 6, "canopy_area_m2": 3.86, "tile_count": 2, "tiles": ["siret3_r031_c020.tif", "siret3_r032_c020.tif"]}, "geometry": {"type": "LineString", "coordinates": [[630062.624, 5219590.852], [630049.51, 5219574.008]]}}, {"type": "Feature", "properties": {"row_id": "V39-R08", "vineyard_id": "V39", "length_m": 18.15, "row_structure": "disrupted", "gap_count": 2, "max_gap_m": 8.3, "vine_count": 4, "canopy_count": 4, "canopy_area_m2": 2.48, "tile_count": 2, "tiles": ["siret3_r031_c020.tif", "siret3_r032_c020.tif"]}, "geometry": {"type": "LineString", "coordinates": [[630053.6, 5219590.34], [630042.303, 5219576.13]]}}, {"type": "Feature", "properties": {"row_id": "V39-R07", "vineyard_id": "V39", "length_m": 23.3, "row_structure": "disrupted", "gap_count": 1, "max_gap_m": 16.03, "vine_count": 6, "canopy_count": 7, "canopy_area_m2": 6.0, "tile_count": 1, "tiles": ["siret3_r031_c020.tif"]}, "geometry": {"type": "LineString", "coordinates": [[630052.09, 5219592.682], [630066.906, 5219610.668]]}}, {"type": "Feature", "properties": {"row_id": "V39-R06", "vineyard_id": "V39", "length_m": 23.59, "row_structure": "disrupted", "gap_count": 1, "max_gap_m": 15.85, "vine_count": 6, "canopy_count": 6, "canopy_area_m2": 2.52, "tile_count": 1, "tiles": ["siret3_r031_c020.tif"]}, "geometry": {"type": "LineString", "coordinates": [[630043.28, 5219584.94], [630057.586, 5219603.699]]}}, {"type": "Feature", "properties": {"row_id": "V39-R05", "vineyard_id": "V39", "length_m": 28.63, "row_structure": "disrupted", "gap_count": 2, "max_gap_m": 9.17, "vine_count": 11, "canopy_count": 12, "canopy_area_m2": 5.31, "tile_count": 1, "tiles": ["siret3_r031_c020.tif"]}, "geometry": {"type": "LineString", "coordinates": [[630040.045, 5219584.647], [630057.361, 5219607.45]]}}, {"type": "Feature", "properties": {"row_id": "V39-R04", "vineyard_id": "V39", "length_m": 24.24, "row_structure": "disrupted", "gap_count": 2, "max_gap_m": 14.31, "vine_count": 5, "canopy_count": 6, "canopy_area_m2": 3.16, "tile_count": 1, "tiles": ["siret3_r031_c020.tif"]}, "geometry": {"type": "LineString", "coordinates": [[630055.989, 5219609.314], [630041.66, 5219589.757]]}}, {"type": "Feature", "properties": {"row_id": "V39-R03", "vineyard_id": "V39", "length_m": 37.54, "row_structure": "disrupted", "gap_count": 2, "max_gap_m": 25.12, "vine_count": 5, "canopy_count": 5, "canopy_area_m2": 1.89, "tile_count": 1, "tiles": ["siret3_r031_c020.tif"]}, "geometry": {"type": "LineString", "coordinates": [[630061.161, 5219620.084], [630038.094, 5219590.47]]}}, {"type": "Feature", "properties": {"row_id": "V39-R02", "vineyard_id": "V39", "length_m": 46.91, "row_structure": "disrupted", "gap_count": 3, "max_gap_m": 27.62, "vine_count": 5, "canopy_count": 6, "canopy_area_m2": 5.31, "tile_count": 1, "tiles": ["siret3_r031_c020.tif"]}, "geometry": {"type": "LineString", "coordinates": [[630059.796, 5219621.686], [630031.157, 5219584.535]]}}, {"type": "Feature", "properties": {"row_id": "V39-R01", "vineyard_id": "V39", "length_m": 25.46, "row_structure": "disrupted", "gap_count": 3, "max_gap_m": 8.91, "vine_count": 7, "canopy_count": 7, "canopy_area_m2": 8.53, "tile_count": 1, "tiles": ["siret3_r031_c020.tif"]}, "geometry": {"type": "LineString", "coordinates": [[630035.684, 5219597.563], [630048.557, 5219619.526]]}}, {"type": "Feature", "properties": {"row_id": "V46-R05", "vineyard_id": "V46", "length_m": 7.6, "row_structure": "disrupted", "gap_count": 1, "max_gap_m": 6.6, "vine_count": 2, "canopy_count": 2, "canopy_area_m2": 1.89, "tile_count": 1, "tiles": ["siret3_r031_c020.tif"]}, "geometry": {"type": "LineString", "coordinates": [[630031.784, 5219611.344], [630036.447, 5219617.348]]}}, {"type": "Feature", "properties": {"row_id": "V46-R04", "vineyard_id": "V46", "length_m": 15.99, "row_structure": "disrupted", "gap_count": 1, "max_gap_m": 14.99, "vine_count": 2, "canopy_count": 2, "canopy_area_m2": 1.83, "tile_count": 1, "tiles": ["siret3_r031_c020.tif"]}, "geometry": {"type": "LineString", "coordinates": [[630033.473, 5219618.142], [630043.79, 5219630.361]]}}, {"type": "Feature", "properties": {"row_id": "V46-R03", "vineyard_id": "V46", "length_m": 45.65, "row_structure": "disrupted", "gap_count": 3, "max_gap_m": 27.11, "vine_count": 4, "canopy_count": 4, "canopy_area_m2": 2.29, "tile_count": 1, "tiles": ["siret3_r031_c020.tif"]}, "geometry": {"type": "LineString", "coordinates": [[630016.121, 5219597.967], [630044.217, 5219633.951]]}}, {"type": "Feature", "properties": {"row_id": "V46-R01", "vineyard_id": "V46", "length_m": 12.88, "row_structure": "disrupted", "gap_count": 1, "max_gap_m": 8.36, "vine_count": 4, "canopy_count": 4, "canopy_area_m2": 1.76, "tile_count": 1, "tiles": ["siret3_r031_c020.tif"]}, "geometry": {"type": "LineString", "coordinates": [[630018.53, 5219614.748], [630026.412, 5219624.935]]}}, {"type": "Feature", "properties": {"row_id": "V23-R01", "vineyard_id": "V23", "length_m": 41.91, "row_structure": "disrupted", "gap_count": 1, "max_gap_m": 14.74, "vine_count": 16, "canopy_count": 16, "canopy_area_m2": 6.97, "tile_count": 2, "tiles": ["siret3_r031_c021.tif", "siret3_r032_c021.tif"]}, "geometry": {"type": "LineString", "coordinates": [[630096.257, 5219587.885], [630070.645, 5219554.714]]}}, {"type": "Feature", "properties": {"row_id": "V22-R02", "vineyard_id": "V22", "length_m": 10.8, "row_structure": "regular", "gap_count": 0, "max_gap_m": 4.29, "vine_count": 5, "canopy_count": 5, "canopy_area_m2": 8.13, "tile_count": 1, "tiles": ["siret3_r032_c018.tif"]}, "geometry": {"type": "LineString", "coordinates": [[629933.791, 5219574.791], [629927.032, 5219566.369]]}}, {"type": "Feature", "properties": {"row_id": "V22-R01", "vineyard_id": "V22", "length_m": 18.53, "row_structure": "disrupted", "gap_count": 1, "max_gap_m": 14.74, "vine_count": 3, "canopy_count": 3, "canopy_area_m2": 6.88, "tile_count": 1, "tiles": ["siret3_r032_c018.tif"]}, "geometry": {"type": "LineString", "coordinates": [[629930.541, 5219575.017], [629918.897, 5219560.605]]}}, {"type": "Feature", "properties": {"row_id": "V39-R09", "vineyard_id": "V39", "length_m": 11.19, "row_structure": "disrupted", "gap_count": 1, "max_gap_m": 10.19, "vine_count": 2, "canopy_count": 2, "canopy_area_m2": 0.65, "tile_count": 1, "tiles": ["siret3_r032_c020.tif"]}, "geometry": {"type": "LineString", "coordinates": [[630049.219, 5219580.852], [630042.592, 5219571.839]]}}, {"type": "Feature", "properties": {"row_id": "V25-R02", "vineyard_id": "V25", "length_m": 72.74, "row_structure": "disrupted", "gap_count": 1, "max_gap_m": 9.47, "vine_count": 46, "canopy_count": 47, "canopy_area_m2": 37.09, "tile_count": 3, "tiles": ["siret3_r032_c019.tif", "siret3_r032_c020.tif", "siret3_r033_c019.tif"]}, "geometry": {"type": "LineString", "coordinates": [[630022.848, 5219548.944], [630011.457, 5219534.765], [629999.821, 5219520.792], [629976.406, 5219492.964]]}}, {"type": "Feature", "properties": {"row_id": "V25-R01", "vineyard_id": "V25", "length_m": 69.76, "row_structure": "disrupted", "gap_count": 2, "max_gap_m": 8.83, "vine_count": 38, "canopy_count": 38, "canopy_area_m2": 34.09, "tile_count": 3, "tiles": ["siret3_r032_c019.tif", "siret3_r032_c020.tif", "siret3_r033_c019.tif"]}, "geometry": {"type": "LineString", "coordinates": [[630017.479, 5219548.753], [629995.279, 5219521.85], [629984.358, 5219508.252], [629973.622, 5219494.503]]}}, {"type": "Feature", "properties": {"row_id": "V58-R03", "vineyard_id": "V58", "length_m": 5.05, "row_structure": "regular", "gap_count": 0, "max_gap_m": 1.14, "vine_count": 6, "canopy_count": 6, "canopy_area_m2": 2.33, "tile_count": 2, "tiles": ["siret3_r032_c020.tif", "siret3_r033_c020.tif"]}, "geometry": {"type": "LineString", "coordinates": [[630034.736, 5219534.855], [630032.289, 5219530.433]]}}, {"type": "Feature", "properties": {"row_id": "V58-R02", "vineyard_id": "V58", "length_m": 33.91, "row_structure": "disrupted", "gap_count": 1, "max_gap_m": 17.97, "vine_count": 13, "canopy_count": 13, "canopy_area_m2": 7.45, "tile_count": 3, "tiles": ["siret3_r032_c020.tif", "siret3_r033_c019.tif", "siret3_r033_c020.tif"]}, "geometry": {"type": "LineString", "coordinates": [[630034.453, 5219538.231], [630013.167, 5219511.83]]}}, {"type": "Feature", "properties": {"row_id": "V39-R10", "vineyard_id": "V39", "length_m": 3.32, "row_structure": "regular", "gap_count": 0, "max_gap_m": 2.32, "vine_count": 2, "canopy_count": 2, "canopy_area_m2": 0.76, "tile_count": 1, "tiles": ["siret3_r032_c020.tif"]}, "geometry": {"type": "LineString", "coordinates": [[630052.884, 5219581.533], [630051.023, 5219578.782]]}}, {"type": "Feature", "properties": {"row_id": "V25-R03", "vineyard_id": "V25", "length_m": 78.28, "row_structure": "disrupted", "gap_count": 4, "max_gap_m": 14.29, "vine_count": 32, "canopy_count": 32, "canopy_area_m2": 23.92, "tile_count": 3, "tiles": ["siret3_r032_c019.tif", "siret3_r032_c020.tif", "siret3_r033_c019.tif"]}, "geometry": {"type": "LineString", "coordinates": [[630028.355, 5219551.42], [630016.111, 5219536.152], [629978.68, 5219490.925]]}}, {"type": "Feature", "properties": {"row_id": "V24-R11", "vineyard_id": "V24", "length_m": 48.77, "row_structure": "disrupted", "gap_count": 2, "max_gap_m": 18.9, "vine_count": 15, "canopy_count": 15, "canopy_area_m2": 6.81, "tile_count": 3, "tiles": ["siret3_r032_c021.tif", "siret3_r032_c022.tif", "siret3_r033_c021.tif"]}, "geometry": {"type": "LineString", "coordinates": [[630134.302, 5219557.132], [630124.275, 5219544.336], [630114.164, 5219531.608], [630104.291, 5219518.691]]}}, {"type": "Feature", "properties": {"row_id": "V24-R10", "vineyard_id": "V24", "length_m": 51.88, "row_structure": "disrupted", "gap_count": 1, "max_gap_m": 12.11, "vine_count": 23, "canopy_count": 23, "canopy_area_m2": 11.92, "tile_count": 3, "tiles": ["siret3_r032_c021.tif", "siret3_r032_c022.tif", "siret3_r033_c021.tif"]}, "geometry": {"type": "LineString", "coordinates": [[630132.07, 5219558.991], [630099.949, 5219518.251]]}}, {"type": "Feature", "properties": {"row_id": "V24-R09", "vineyard_id": "V24", "length_m": 53.99, "row_structure": "disrupted", "gap_count": 1, "max_gap_m": 6.57, "vine_count": 25, "canopy_count": 25, "canopy_area_m2": 14.28, "tile_count": 3, "tiles": ["siret3_r032_c021.tif", "siret3_r032_c022.tif", "siret3_r033_c021.tif"]}, "geometry": {"type": "LineString", "coordinates": [[630129.676, 5219560.902], [630096.387, 5219518.4]]}}, {"type": "Feature", "properties": {"row_id": "V24-R08", "vineyard_id": "V24", "length_m": 39.16, "row_structure": "disrupted", "gap_count": 3, "max_gap_m": 10.04, "vine_count": 11, "canopy_count": 11, "canopy_area_m2": 5.53, "tile_count": 2, "tiles": ["siret3_r032_c021.tif", "siret3_r033_c021.tif"]}, "geometry": {"type": "LineString", "coordinates": [[630118.134, 5219550.973], [630093.948, 5219520.172]]}}, {"type": "Feature", "properties": {"row_id": "V24-R07", "vineyard_id": "V24", "length_m": 36.9, "row_structure": "disrupted", "gap_count": 1, "max_gap_m": 9.39, "vine_count": 13, "canopy_count": 13, "canopy_area_m2": 12.6, "tile_count": 2, "tiles": ["siret3_r032_c021.tif", "siret3_r033_c021.tif"]}, "geometry": {"type": "LineString", "coordinates": [[630115.255, 5219550.347], [630092.462, 5219521.328]]}}, {"type": "Feature", "properties": {"row_id": "V24-R06", "vineyard_id": "V24", "length_m": 4.64, "row_structure": "regular", "gap_count": 0, "max_gap_m": 3.3, "vine_count": 3, "canopy_count": 3, "canopy_area_m2": 2.94, "tile_count": 1, "tiles": ["siret3_r032_c021.tif"]}, "geometry": {"type": "LineString", "coordinates": [[630112.223, 5219549.666], [630114.934, 5219553.437]]}}, {"type": "Feature", "properties": {"row_id": "V24-R05", "vineyard_id": "V24", "length_m": 37.68, "row_structure": "disrupted", "gap_count": 3, "max_gap_m": 10.34, "vine_count": 9, "canopy_count": 10, "canopy_area_m2": 8.29, "tile_count": 2, "tiles": ["siret3_r032_c021.tif", "siret3_r033_c021.tif"]}, "geometry": {"type": "LineString", "coordinates": [[630116.264, 5219559.276], [630093.513, 5219529.244]]}}, {"type": "Feature", "properties": {"row_id": "V24-R04", "vineyard_id": "V24", "length_m": 41.5, "row_structure": "disrupted", "gap_count": 2, "max_gap_m": 23.97, "vine_count": 8, "canopy_count": 11, "canopy_area_m2": 7.74, "tile_count": 1, "tiles": ["siret3_r032_c021.tif"]}, "geometry": {"type": "LineString", "coordinates": [[630117.315, 5219564.863], [630109.023, 5219553.792], [630100.436, 5219542.951], [630091.581, 5219532.32]]}}, {"type": "Feature", "properties": {"row_id": "V24-R03", "vineyard_id": "V24", "length_m": 31.43, "row_structure": "disrupted", "gap_count": 1, "max_gap_m": 7.21, "vine_count": 10, "canopy_count": 13, "canopy_area_m2": 9.09, "tile_count": 1, "tiles": ["siret3_r032_c021.tif"]}, "geometry": {"type": "LineString", "coordinates": [[630113.361, 5219563.423], [630094.11, 5219538.58]]}}, {"type": "Feature", "properties": {"row_id": "V24-R02", "vineyard_id": "V24", "length_m": 37.48, "row_structure": "disrupted", "gap_count": 1, "max_gap_m": 36.48, "vine_count": 2, "canopy_count": 2, "canopy_area_m2": 2.26, "tile_count": 1, "tiles": ["siret3_r032_c021.tif"]}, "geometry": {"type": "LineString", "coordinates": [[630087.776, 5219533.75], [630109.999, 5219563.927]]}}, {"type": "Feature", "properties": {"row_id": "V24-R01", "vineyard_id": "V24", "length_m": 9.43, "row_structure": "disrupted", "gap_count": 1, "max_gap_m": 8.42, "vine_count": 2, "canopy_count": 2, "canopy_area_m2": 2.51, "tile_count": 1, "tiles": ["siret3_r032_c021.tif"]}, "geometry": {"type": "LineString", "coordinates": [[630087.39, 5219540.441], [630093.537, 5219547.586]]}}, {"type": "Feature", "properties": {"row_id": "V23-R07", "vineyard_id": "V23", "length_m": 44.17, "row_structure": "disrupted", "gap_count": 2, "max_gap_m": 7.37, "vine_count": 24, "canopy_count": 24, "canopy_area_m2": 12.4, "tile_count": 1, "tiles": ["siret3_r032_c021.tif"]}, "geometry": {"type": "LineString", "coordinates": [[630077.149, 5219538.86], [630104.225, 5219573.757]]}}, {"type": "Feature", "properties": {"row_id": "V23-R06", "vineyard_id": "V23", "length_m": 51.08, "row_structure": "disrupted", "gap_count": 3, "max_gap_m": 7.35, "vine_count": 23, "canopy_count": 23, "canopy_area_m2": 13.87, "tile_count": 1, "tiles": ["siret3_r032_c021.tif"]}, "geometry": {"type": "LineString", "coordinates": [[630074.643, 5219539.642], [630106.051, 5219579.921]]}}, {"type": "Feature", "properties": {"row_id": "V23-R05", "vineyard_id": "V23", "length_m": 34.04, "row_structure": "disrupted", "gap_count": 2, "max_gap_m": 14.97, "vine_count": 15, "canopy_count": 15, "canopy_area_m2": 5.8, "tile_count": 1, "tiles": ["siret3_r032_c021.tif"]}, "geometry": {"type": "LineString", "coordinates": [[630100.801, 5219577.501], [630079.941, 5219550.603]]}}, {"type": "Feature", "properties": {"row_id": "V23-R04", "vineyard_id": "V23", "length_m": 37.79, "row_structure": "regular", "gap_count": 0, "max_gap_m": 3.9, "vine_count": 25, "canopy_count": 25, "canopy_area_m2": 13.92, "tile_count": 1, "tiles": ["siret3_r032_c021.tif"]}, "geometry": {"type": "LineString", "coordinates": [[630094.249, 5219573.168], [630071.013, 5219543.363]]}}, {"type": "Feature", "properties": {"row_id": "V23-R03", "vineyard_id": "V23", "length_m": 40.09, "row_structure": "disrupted", "gap_count": 1, "max_gap_m": 6.28, "vine_count": 19, "canopy_count": 19, "canopy_area_m2": 12.28, "tile_count": 1, "tiles": ["siret3_r032_c021.tif"]}, "geometry": {"type": "LineString", "coordinates": [[630070.09, 5219546.426], [630094.853, 5219577.955]]}}, {"type": "Feature", "properties": {"row_id": "V23-R02", "vineyard_id": "V23", "length_m": 47.13, "row_structure": "disrupted", "gap_count": 3, "max_gap_m": 14.93, "vine_count": 15, "canopy_count": 15, "canopy_area_m2": 8.91, "tile_count": 1, "tiles": ["siret3_r032_c021.tif"]}, "geometry": {"type": "LineString", "coordinates": [[630095.936, 5219583.572], [630067.148, 5219546.251]]}}, {"type": "Feature", "properties": {"row_id": "V24-R19", "vineyard_id": "V24", "length_m": 25.16, "row_structure": "disrupted", "gap_count": 1, "max_gap_m": 22.06, "vine_count": 3, "canopy_count": 3, "canopy_area_m2": 1.2, "tile_count": 1, "tiles": ["siret3_r032_c022.tif"]}, "geometry": {"type": "LineString", "coordinates": [[630147.643, 5219532.822], [630163.505, 5219552.349]]}}, {"type": "Feature", "properties": {"row_id": "V24-R18", "vineyard_id": "V24", "length_m": 53.71, "row_structure": "disrupted", "gap_count": 3, "max_gap_m": 32.8, "vine_count": 8, "canopy_count": 18, "canopy_area_m2": 12.0, "tile_count": 2, "tiles": ["siret3_r032_c022.tif", "siret3_r033_c022.tif"]}, "geometry": {"type": "LineString", "coordinates": [[630150.0, 5219542.889], [630138.846, 5219528.857], [630128.877, 5219513.998], [630118.779, 5219499.228]]}}, {"type": "Feature", "properties": {"row_id": "V24-R17", "vineyard_id": "V24", "length_m": 71.61, "row_structure": "disrupted", "gap_count": 2, "max_gap_m": 27.83, "vine_count": 21, "canopy_count": 21, "canopy_area_m2": 10.77, "tile_count": 3, "tiles": ["siret3_r032_c022.tif", "siret3_r033_c021.tif", "siret3_r033_c022.tif"]}, "geometry": {"type": "LineString", "coordinates": [[630158.52, 5219558.895], [630113.903, 5219502.885]]}}, {"type": "Feature", "properties": {"row_id": "V24-R16", "vineyard_id": "V24", "length_m": 49.72, "row_structure": "regular", "gap_count": 0, "max_gap_m": 4.35, "vine_count": 26, "canopy_count": 26, "canopy_area_m2": 14.68, "tile_count": 3, "tiles": ["siret3_r032_c022.tif", "siret3_r033_c021.tif", "siret3_r033_c022.tif"]}, "geometry": {"type": "LineString", "coordinates": [[630142.821, 5219543.803], [630111.764, 5219504.977]]}}, {"type": "Feature", "properties": {"row_id": "V24-R15", "vineyard_id": "V24", "length_m": 51.65, "row_structure": "regular", "gap_count": 0, "max_gap_m": 4.53, "vine_count": 28, "canopy_count": 28, "canopy_area_m2": 15.14, "tile_count": 3, "tiles": ["siret3_r032_c022.tif", "siret3_r033_c021.tif", "siret3_r033_c022.tif"]}, "geometry": {"type": "LineString", "coordinates": [[630141.455, 5219547.007], [630109.234, 5219506.64]]}}, {"type": "Feature", "properties": {"row_id": "V24-R14", "vineyard_id": "V24", "length_m": 52.84, "row_structure": "regular", "gap_count": 0, "max_gap_m": 4.41, "vine_count": 23, "canopy_count": 23, "canopy_area_m2": 14.74, "tile_count": 3, "tiles": ["siret3_r032_c022.tif", "siret3_r033_c021.tif", "siret3_r033_c022.tif"]}, "geometry": {"type": "LineString", "coordinates": [[630143.191, 5219552.985], [630131.815, 5219539.536], [630120.633, 5219525.928], [630109.53, 5219512.255]]}}, {"type": "Feature", "properties": {"row_id": "V24-R13", "vineyard_id": "V24", "length_m": 53.09, "row_structure": "regular", "gap_count": 0, "max_gap_m": 3.93, "vine_count": 31, "canopy_count": 31, "canopy_area_m2": 18.08, "tile_count": 3, "tiles": ["siret3_r032_c022.tif", "siret3_r033_c021.tif", "siret3_r033_c022.tif"]}, "geometry": {"type": "LineString", "coordinates": [[630138.111, 5219552.312], [630104.679, 5219511.07]]}}, {"type": "Feature", "properties": {"row_id": "V24-R12", "vineyard_id": "V24", "length_m": 85.07, "row_structure": "disrupted", "gap_count": 2, "max_gap_m": 30.97, "vine_count": 23, "canopy_count": 23, "canopy_area_m2": 9.72, "tile_count": 2, "tiles": ["siret3_r032_c022.tif", "siret3_r033_c021.tif"]}, "geometry": {"type": "LineString", "coordinates": [[630156.005, 5219579.693], [630124.445, 5219539.576], [630103.478, 5219512.773]]}}, {"type": "Feature", "properties": {"row_id": "V58-R01", "vineyard_id": "V58", "length_m": 5.73, "row_structure": "regular", "gap_count": 0, "max_gap_m": 1.69, "vine_count": 5, "canopy_count": 5, "canopy_area_m2": 2.78, "tile_count": 1, "tiles": ["siret3_r033_c020.tif"]}, "geometry": {"type": "LineString", "coordinates": [[630027.461, 5219532.69], [630023.634, 5219528.42]]}}, {"type": "Feature", "properties": {"row_id": "V45-R04", "vineyard_id": "V45", "length_m": 7.45, "row_structure": "disrupted", "gap_count": 1, "max_gap_m": 5.37, "vine_count": 3, "canopy_count": 3, "canopy_area_m2": 6.07, "tile_count": 1, "tiles": ["siret3_r033_c022.tif"]}, "geometry": {"type": "LineString", "coordinates": [[630164.138, 5219485.601], [630169.002, 5219491.249]]}}, {"type": "Feature", "properties": {"row_id": "V45-R03", "vineyard_id": "V45", "length_m": 20.0, "row_structure": "disrupted", "gap_count": 2, "max_gap_m": 13.46, "vine_count": 3, "canopy_count": 4, "canopy_area_m2": 1.38, "tile_count": 2, "tiles": ["siret3_r033_c022.tif", "siret3_r034_c022.tif"]}, "geometry": {"type": "LineString", "coordinates": [[630166.785, 5219491.969], [630154.786, 5219475.964]]}}, {"type": "Feature", "properties": {"row_id": "V45-R02", "vineyard_id": "V45", "length_m": 61.82, "row_structure": "disrupted", "gap_count": 3, "max_gap_m": 34.68, "vine_count": 5, "canopy_count": 5, "canopy_area_m2": 2.7, "tile_count": 2, "tiles": ["siret3_r033_c022.tif", "siret3_r034_c022.tif"]}, "geometry": {"type": "LineString", "coordinates": [[630169.58, 5219504.142], [630135.357, 5219452.654]]}}, {"type": "Feature", "properties": {"row_id": "V45-R01", "vineyard_id": "V45", "length_m": 14.63, "row_structure": "disrupted", "gap_count": 1, "max_gap_m": 9.46, "vine_count": 3, "canopy_count": 3, "canopy_area_m2": 1.35, "tile_count": 1, "tiles": ["siret3_r033_c022.tif"]}, "geometry": {"type": "LineString", "coordinates": [[630159.648, 5219494.209], [630151.813, 5219481.853]]}}, {"type": "Feature", "properties": {"row_id": "V24-R26", "vineyard_id": "V24", "length_m": 19.82, "row_structure": "disrupted", "gap_count": 2, "max_gap_m": 9.5, "vine_count": 5, "canopy_count": 5, "canopy_area_m2": 3.59, "tile_count": 1, "tiles": ["siret3_r033_c022.tif"]}, "geometry": {"type": "LineString", "coordinates": [[630134.758, 5219485.18], [630147.849, 5219500.055]]}}, {"type": "Feature", "properties": {"row_id": "V24-R25", "vineyard_id": "V24", "length_m": 9.65, "row_structure": "regular", "gap_count": 0, "max_gap_m": 2.09, "vine_count": 7, "canopy_count": 8, "canopy_area_m2": 2.72, "tile_count": 1, "tiles": ["siret3_r033_c022.tif"]}, "geometry": {"type": "LineString", "coordinates": [[630132.707, 5219489.231], [630138.777, 5219496.733]]}}, {"type": "Feature", "properties": {"row_id": "V24-R24", "vineyard_id": "V24", "length_m": 33.68, "row_structure": "disrupted", "gap_count": 2, "max_gap_m": 17.71, "vine_count": 7, "canopy_count": 11, "canopy_area_m2": 10.14, "tile_count": 1, "tiles": ["siret3_r033_c022.tif"]}, "geometry": {"type": "LineString", "coordinates": [[630132.511, 5219492.122], [630152.356, 5219519.329]]}}, {"type": "Feature", "properties": {"row_id": "V24-R23", "vineyard_id": "V24", "length_m": 40.41, "row_structure": "disrupted", "gap_count": 1, "max_gap_m": 38.2, "vine_count": 3, "canopy_count": 3, "canopy_area_m2": 2.17, "tile_count": 1, "tiles": ["siret3_r033_c022.tif"]}, "geometry": {"type": "LineString", "coordinates": [[630124.068, 5219483.046], [630147.284, 5219516.118]]}}, {"type": "Feature", "properties": {"row_id": "V24-R22", "vineyard_id": "V24", "length_m": 50.37, "row_structure": "disrupted", "gap_count": 2, "max_gap_m": 17.86, "vine_count": 10, "canopy_count": 12, "canopy_area_m2": 12.07, "tile_count": 1, "tiles": ["siret3_r033_c022.tif"]}, "geometry": {"type": "LineString", "coordinates": [[630120.806, 5219482.29], [630130.845, 5219495.749], [630150.737, 5219522.804]]}}, {"type": "Feature", "properties": {"row_id": "V24-R21", "vineyard_id": "V24", "length_m": 41.11, "row_structure": "disrupted", "gap_count": 2, "max_gap_m": 10.67, "vine_count": 12, "canopy_count": 15, "canopy_area_m2": 11.32, "tile_count": 1, "tiles": ["siret3_r033_c022.tif"]}, "geometry": {"type": "LineString", "coordinates": [[630126.598, 5219496.016], [630152.147, 5219528.22]]}}, {"type": "Feature", "properties": {"row_id": "V24-R20", "vineyard_id": "V24", "length_m": 36.24, "row_structure": "disrupted", "gap_count": 1, "max_gap_m": 10.23, "vine_count": 15, "canopy_count": 15, "canopy_area_m2": 9.91, "tile_count": 1, "tiles": ["siret3_r033_c022.tif"]}, "geometry": {"type": "LineString", "coordinates": [[630145.61, 5219525.289], [630122.861, 5219497.074]]}}, {"type": "Feature", "properties": {"row_id": "V45-R05", "vineyard_id": "V45", "length_m": 31.18, "row_structure": "disrupted", "gap_count": 2, "max_gap_m": 20.03, "vine_count": 3, "canopy_count": 3, "canopy_area_m2": 2.91, "tile_count": 1, "tiles": ["siret3_r034_c022.tif"]}, "geometry": {"type": "LineString", "coordinates": [[630163.944, 5219479.822], [630148.656, 5219452.651]]}}, {"type": "Feature", "properties": {"row_id": "V55-R03", "vineyard_id": "V55", "length_m": 26.91, "row_structure": "disrupted", "gap_count": 1, "max_gap_m": 18.72, "vine_count": 7, "canopy_count": 8, "canopy_area_m2": 5.8, "tile_count": 1, "tiles": ["siret3_r034_c022.tif"]}, "geometry": {"type": "LineString", "coordinates": [[630120.074, 5219432.595], [630133.657, 5219455.825]]}}, {"type": "Feature", "properties": {"row_id": "V55-R02", "vineyard_id": "V55", "length_m": 21.94, "row_structure": "disrupted", "gap_count": 1, "max_gap_m": 14.11, "vine_count": 6, "canopy_count": 11, "canopy_area_m2": 9.8, "tile_count": 1, "tiles": ["siret3_r034_c022.tif"]}, "geometry": {"type": "LineString", "coordinates": [[630132.263, 5219458.589], [630121.829, 5219439.289]]}}, {"type": "Feature", "properties": {"row_id": "V55-R01", "vineyard_id": "V55", "length_m": 22.87, "row_structure": "disrupted", "gap_count": 1, "max_gap_m": 17.9, "vine_count": 5, "canopy_count": 5, "canopy_area_m2": 4.35, "tile_count": 1, "tiles": ["siret3_r034_c022.tif"]}, "geometry": {"type": "LineString", "coordinates": [[630129.666, 5219460.554], [630118.592, 5219440.547]]}}, {"type": "Feature", "properties": {"row_id": "V57-R05", "vineyard_id": "V57", "length_m": 21.42, "row_structure": "disrupted", "gap_count": 1, "max_gap_m": 20.42, "vine_count": 2, "canopy_count": 3, "canopy_area_m2": 3.58, "tile_count": 1, "tiles": ["siret3_r034_c023.tif"]}, "geometry": {"type": "LineString", "coordinates": [[630193.784, 5219463.702], [630205.175, 5219481.837]]}}, {"type": "Feature", "properties": {"row_id": "V57-R04", "vineyard_id": "V57", "length_m": 8.5, "row_structure": "disrupted", "gap_count": 1, "max_gap_m": 7.5, "vine_count": 2, "canopy_count": 2, "canopy_area_m2": 1.2, "tile_count": 1, "tiles": ["siret3_r034_c023.tif"]}, "geometry": {"type": "LineString", "coordinates": [[630188.228, 5219463.002], [630192.608, 5219470.29]]}}, {"type": "Feature", "properties": {"row_id": "V57-R03", "vineyard_id": "V57", "length_m": 14.25, "row_structure": "disrupted", "gap_count": 1, "max_gap_m": 11.23, "vine_count": 4, "canopy_count": 4, "canopy_area_m2": 3.08, "tile_count": 1, "tiles": ["siret3_r034_c023.tif"]}, "geometry": {"type": "LineString", "coordinates": [[630176.698, 5219462.584], [630183.982, 5219474.829]]}}, {"type": "Feature", "properties": {"row_id": "V57-R02", "vineyard_id": "V57", "length_m": 3.72, "row_structure": "regular", "gap_count": 0, "max_gap_m": 2.72, "vine_count": 2, "canopy_count": 2, "canopy_area_m2": 1.34, "tile_count": 1, "tiles": ["siret3_r034_c023.tif"]}, "geometry": {"type": "LineString", "coordinates": [[630179.974, 5219473.401], [630182.167, 5219476.412]]}}, {"type": "Feature", "properties": {"row_id": "V57-R01", "vineyard_id": "V57", "length_m": 12.73, "row_structure": "disrupted", "gap_count": 1, "max_gap_m": 11.73, "vine_count": 2, "canopy_count": 2, "canopy_area_m2": 1.84, "tile_count": 1, "tiles": ["siret3_r034_c023.tif"]}, "geometry": {"type": "LineString", "coordinates": [[630176.306, 5219470.989], [630183.549, 5219481.457]]}}, {"type": "Feature", "properties": {"row_id": "V40-R06", "vineyard_id": "V40", "length_m": 33.65, "row_structure": "disrupted", "gap_count": 1, "max_gap_m": 5.29, "vine_count": 15, "canopy_count": 15, "canopy_area_m2": 7.43, "tile_count": 2, "tiles": ["siret3_r034_c025.tif", "siret3_r034_c026.tif"]}, "geometry": {"type": "LineString", "coordinates": [[630321.346, 5219430.611], [630346.893, 5219452.516]]}}, {"type": "Feature", "properties": {"row_id": "V40-R04", "vineyard_id": "V40", "length_m": 41.05, "row_structure": "disrupted", "gap_count": 1, "max_gap_m": 5.71, "vine_count": 24, "canopy_count": 24, "canopy_area_m2": 10.3, "tile_count": 2, "tiles": ["siret3_r034_c025.tif", "siret3_r034_c026.tif"]}, "geometry": {"type": "LineString", "coordinates": [[630317.613, 5219434.434], [630349.282, 5219460.553]]}}, {"type": "Feature", "properties": {"row_id": "V40-R03", "vineyard_id": "V40", "length_m": 40.82, "row_structure": "regular", "gap_count": 0, "max_gap_m": 3.94, "vine_count": 22, "canopy_count": 22, "canopy_area_m2": 9.82, "tile_count": 2, "tiles": ["siret3_r034_c025.tif", "siret3_r034_c026.tif"]}, "geometry": {"type": "LineString", "coordinates": [[630314.506, 5219434.754], [630345.967, 5219460.77]]}}, {"type": "Feature", "properties": {"row_id": "V40-R02", "vineyard_id": "V40", "length_m": 43.66, "row_structure": "disrupted", "gap_count": 1, "max_gap_m": 9.0, "vine_count": 22, "canopy_count": 22, "canopy_area_m2": 13.09, "tile_count": 2, "tiles": ["siret3_r034_c025.tif", "siret3_r034_c026.tif"]}, "geometry": {"type": "LineString", "coordinates": [[630312.859, 5219436.518], [630346.298, 5219464.582]]}}, {"type": "Feature", "properties": {"row_id": "V40-R01", "vineyard_id": "V40", "length_m": 44.29, "row_structure": "disrupted", "gap_count": 2, "max_gap_m": 11.1, "vine_count": 18, "canopy_count": 18, "canopy_area_m2": 8.83, "tile_count": 2, "tiles": ["siret3_r034_c025.tif", "siret3_r034_c026.tif"]}, "geometry": {"type": "LineString", "coordinates": [[630311.179, 5219438.18], [630344.991, 5219466.79]]}}, {"type": "Feature", "properties": {"row_id": "V27-R12", "vineyard_id": "V27", "length_m": 30.61, "row_structure": "disrupted", "gap_count": 1, "max_gap_m": 29.61, "vine_count": 2, "canopy_count": 2, "canopy_area_m2": 0.69, "tile_count": 1, "tiles": ["siret3_r034_c026.tif"]}, "geometry": {"type": "LineString", "coordinates": [[630349.079, 5219431.041], [630373.155, 5219449.938]]}}, {"type": "Feature", "properties": {"row_id": "V27-R11", "vineyard_id": "V27", "length_m": 26.73, "row_structure": "disrupted", "gap_count": 1, "max_gap_m": 25.73, "vine_count": 2, "canopy_count": 3, "canopy_area_m2": 0.78, "tile_count": 1, "tiles": ["siret3_r034_c026.tif"]}, "geometry": {"type": "LineString", "coordinates": [[630345.067, 5219431.63], [630365.471, 5219448.898]]}}, {"type": "Feature", "properties": {"row_id": "V40-R07", "vineyard_id": "V40", "length_m": 22.59, "row_structure": "regular", "gap_count": 0, "max_gap_m": 3.49, "vine_count": 13, "canopy_count": 13, "canopy_area_m2": 4.88, "tile_count": 1, "tiles": ["siret3_r034_c026.tif"]}, "geometry": {"type": "LineString", "coordinates": [[630343.374, 5219446.556], [630326.463, 5219431.578]]}}, {"type": "Feature", "properties": {"row_id": "V40-R05", "vineyard_id": "V40", "length_m": 34.78, "row_structure": "regular", "gap_count": 0, "max_gap_m": 4.07, "vine_count": 22, "canopy_count": 22, "canopy_area_m2": 7.86, "tile_count": 1, "tiles": ["siret3_r034_c026.tif"]}, "geometry": {"type": "LineString", "coordinates": [[630349.933, 5219458.258], [630323.398, 5219435.773]]}}, {"type": "Feature", "properties": {"row_id": "V53-R04", "vineyard_id": "V53", "length_m": 12.74, "row_structure": "regular", "gap_count": 0, "max_gap_m": 3.71, "vine_count": 7, "canopy_count": 7, "canopy_area_m2": 2.95, "tile_count": 1, "tiles": ["siret3_r035_c021.tif"]}, "geometry": {"type": "LineString", "coordinates": [[630117.122, 5219395.342], [630108.691, 5219385.786]]}}, {"type": "Feature", "properties": {"row_id": "V53-R02", "vineyard_id": "V53", "length_m": 13.36, "row_structure": "regular", "gap_count": 0, "max_gap_m": 3.76, "vine_count": 7, "canopy_count": 7, "canopy_area_m2": 4.99, "tile_count": 1, "tiles": ["siret3_r035_c021.tif"]}, "geometry": {"type": "LineString", "coordinates": [[630105.853, 5219387.418], [630114.084, 5219397.938]]}}, {"type": "Feature", "properties": {"row_id": "V53-R01", "vineyard_id": "V53", "length_m": 39.28, "row_structure": "disrupted", "gap_count": 2, "max_gap_m": 5.78, "vine_count": 13, "canopy_count": 13, "canopy_area_m2": 7.23, "tile_count": 2, "tiles": ["siret3_r035_c021.tif", "siret3_r035_c022.tif"]}, "geometry": {"type": "LineString", "coordinates": [[630105.522, 5219390.608], [630130.141, 5219421.217]]}}, {"type": "Feature", "properties": {"row_id": "V26-R04", "vineyard_id": "V26", "length_m": 36.53, "row_structure": "disrupted", "gap_count": 1, "max_gap_m": 9.53, "vine_count": 19, "canopy_count": 19, "canopy_area_m2": 13.93, "tile_count": 1, "tiles": ["siret3_r035_c021.tif"]}, "geometry": {"type": "LineString", "coordinates": [[630093.44, 5219399.187], [630116.052, 5219427.872]]}}, {"type": "Feature", "properties": {"row_id": "V26-R03", "vineyard_id": "V26", "length_m": 40.38, "row_structure": "regular", "gap_count": 0, "max_gap_m": 3.48, "vine_count": 23, "canopy_count": 23, "canopy_area_m2": 18.64, "tile_count": 1, "tiles": ["siret3_r035_c021.tif"]}, "geometry": {"type": "LineString", "coordinates": [[630089.47, 5219399.169], [630115.014, 5219430.437]]}}, {"type": "Feature", "properties": {"row_id": "V26-R02", "vineyard_id": "V26", "length_m": 52.41, "row_structure": "disrupted", "gap_count": 1, "max_gap_m": 14.61, "vine_count": 26, "canopy_count": 27, "canopy_area_m2": 20.45, "tile_count": 1, "tiles": ["siret3_r035_c021.tif"]}, "geometry": {"type": "LineString", "coordinates": [[630078.022, 5219389.118], [630088.709, 5219402.94], [630110.367, 5219430.359]]}}, {"type": "Feature", "properties": {"row_id": "V26-R01", "vineyard_id": "V26", "length_m": 34.41, "row_structure": "regular", "gap_count": 0, "max_gap_m": 4.78, "vine_count": 20, "canopy_count": 20, "canopy_area_m2": 16.84, "tile_count": 1, "tiles": ["siret3_r035_c021.tif"]}, "geometry": {"type": "LineString", "coordinates": [[630084.833, 5219403.115], [630106.092, 5219430.176]]}}, {"type": "Feature", "properties": {"row_id": "V28-R08", "vineyard_id": "V28", "length_m": 7.64, "row_structure": "disrupted", "gap_count": 1, "max_gap_m": 6.21, "vine_count": 3, "canopy_count": 3, "canopy_area_m2": 1.89, "tile_count": 1, "tiles": ["siret3_r035_c022.tif"]}, "geometry": {"type": "LineString", "coordinates": [[630163.338, 5219389.073], [630158.593, 5219383.086]]}}, {"type": "Feature", "properties": {"row_id": "V28-R07", "vineyard_id": "V28", "length_m": 14.92, "row_structure": "disrupted", "gap_count": 1, "max_gap_m": 12.96, "vine_count": 3, "canopy_count": 4, "canopy_area_m2": 1.43, "tile_count": 1, "tiles": ["siret3_r035_c022.tif"]}, "geometry": {"type": "LineString", "coordinates": [[630151.68, 5219381.243], [630161.047, 5219392.851]]}}, {"type": "Feature", "properties": {"row_id": "V28-R06", "vineyard_id": "V28", "length_m": 66.51, "row_structure": "disrupted", "gap_count": 3, "max_gap_m": 26.2, "vine_count": 16, "canopy_count": 16, "canopy_area_m2": 8.56, "tile_count": 3, "tiles": ["siret3_r035_c022.tif", "siret3_r035_c023.tif", "siret3_r036_c022.tif"]}, "geometry": {"type": "LineString", "coordinates": [[630136.923, 5219367.201], [630177.429, 5219419.954]]}}, {"type": "Feature", "properties": {"row_id": "V28-R05", "vineyard_id": "V28", "length_m": 66.28, "row_structure": "disrupted", "gap_count": 2, "max_gap_m": 5.99, "vine_count": 37, "canopy_count": 37, "canopy_area_m2": 15.76, "tile_count": 3, "tiles": ["siret3_r035_c022.tif", "siret3_r035_c023.tif", "siret3_r036_c022.tif"]}, "geometry": {"type": "LineString", "coordinates": [[630174.781, 5219420.516], [630134.272, 5219368.055]]}}, {"type": "Feature", "properties": {"row_id": "V28-R04", "vineyard_id": "V28", "length_m": 67.23, "row_structure": "regular", "gap_count": 0, "max_gap_m": 4.56, "vine_count": 49, "canopy_count": 49, "canopy_area_m2": 21.91, "tile_count": 3, "tiles": ["siret3_r035_c022.tif", "siret3_r035_c023.tif", "siret3_r036_c022.tif"]}, "geometry": {"type": "LineString", "coordinates": [[630173.636, 5219422.51], [630132.094, 5219369.648]]}}, {"type": "Feature", "properties": {"row_id": "V28-R03", "vineyard_id": "V28", "length_m": 74.52, "row_structure": "disrupted", "gap_count": 2, "max_gap_m": 8.13, "vine_count": 35, "canopy_count": 36, "canopy_area_m2": 24.19, "tile_count": 3, "tiles": ["siret3_r035_c022.tif", "siret3_r035_c023.tif", "siret3_r036_c022.tif"]}, "geometry": {"type": "LineString", "coordinates": [[630176.676, 5219430.183], [630130.539, 5219371.658]]}}, {"type": "Feature", "properties": {"row_id": "V28-R02", "vineyard_id": "V28", "length_m": 25.63, "row_structure": "disrupted", "gap_count": 2, "max_gap_m": 10.62, "vine_count": 7, "canopy_count": 10, "canopy_area_m2": 8.14, "tile_count": 1, "tiles": ["siret3_r035_c022.tif"]}, "geometry": {"type": "LineString", "coordinates": [[630148.479, 5219400.15], [630133.357, 5219379.455]]}}, {"type": "Feature", "properties": {"row_id": "V28-R01", "vineyard_id": "V28", "length_m": 55.52, "row_structure": "disrupted", "gap_count": 1, "max_gap_m": 53.46, "vine_count": 4, "canopy_count": 4, "canopy_area_m2": 1.53, "tile_count": 1, "tiles": ["siret3_r035_c022.tif"]}, "geometry": {"type": "LineString", "coordinates": [[630169.512, 5219430.43], [630135.839, 5219386.291]]}}, {"type": "Feature", "properties": {"row_id": "V54-R03", "vineyard_id": "V54", "length_m": 37.23, "row_structure": "disrupted", "gap_count": 1, "max_gap_m": 36.23, "vine_count": 2, "canopy_count": 2, "canopy_area_m2": 1.29, "tile_count": 1, "tiles": ["siret3_r035_c022.tif"]}, "geometry": {"type": "LineString", "coordinates": [[630138.545, 5219401.078], [630161.313, 5219430.53]]}}, {"type": "Feature", "properties": {"row_id": "V54-R02", "vineyard_id": "V54", "length_m": 38.19, "row_structure": "disrupted", "gap_count": 2, "max_gap_m": 16.55, "vine_count": 5, "canopy_count": 5, "canopy_area_m2": 4.21, "tile_count": 1, "tiles": ["siret3_r035_c022.tif"]}, "geometry": {"type": "LineString", "coordinates": [[630142.825, 5219409.249], [630118.801, 5219379.567]]}}, {"type": "Feature", "properties": {"row_id": "V54-R01", "vineyard_id": "V54", "length_m": 4.86, "row_structure": "regular", "gap_count": 0, "max_gap_m": 3.13, "vine_count": 3, "canopy_count": 3, "canopy_area_m2": 1.61, "tile_count": 1, "tiles": ["siret3_r035_c022.tif"]}, "geometry": {"type": "LineString", "coordinates": [[630126.945, 5219396.559], [630129.938, 5219400.394]]}}, {"type": "Feature", "properties": {"row_id": "V53-R03", "vineyard_id": "V53", "length_m": 27.65, "row_structure": "disrupted", "gap_count": 2, "max_gap_m": 16.51, "vine_count": 5, "canopy_count": 10, "canopy_area_m2": 4.6, "tile_count": 1, "tiles": ["siret3_r035_c022.tif"]}, "geometry": {"type": "LineString", "coordinates": [[630134.505, 5219422.55], [630118.397, 5219400.072]]}}, {"type": "Feature", "properties": {"row_id": "V51-R01", "vineyard_id": "V51", "length_m": 9.81, "row_structure": "regular", "gap_count": 0, "max_gap_m": 4.44, "vine_count": 5, "canopy_count": 5, "canopy_area_m2": 2.01, "tile_count": 1, "tiles": ["siret3_r035_c023.tif"]}, "geometry": {"type": "LineString", "coordinates": [[630212.392, 5219416.66], [630218.667, 5219424.205]]}}, {"type": "Feature", "properties": {"row_id": "V29-R13", "vineyard_id": "V29", "length_m": 61.17, "row_structure": "disrupted", "gap_count": 1, "max_gap_m": 7.58, "vine_count": 33, "canopy_count": 34, "canopy_area_m2": 15.46, "tile_count": 3, "tiles": ["siret3_r035_c024.tif", "siret3_r035_c025.tif", "siret3_r036_c024.tif"]}, "geometry": {"type": "LineString", "coordinates": [[630265.058, 5219376.141], [630273.6, 5219388.824], [630282.245, 5219401.436], [630291.11, 5219413.893], [630300.186, 5219426.203]]}}, {"type": "Feature", "properties": {"row_id": "V31-R19", "vineyard_id": "V31", "length_m": 36.99, "row_structure": "regular", "gap_count": 0, "max_gap_m": 4.49, "vine_count": 19, "canopy_count": 19, "canopy_area_m2": 8.85, "tile_count": 1, "tiles": ["siret3_r036_c024.tif"]}, "geometry": {"type": "LineString", "coordinates": [[630236.208, 5219330.149], [630256.193, 5219361.276]]}}, {"type": "Feature", "properties": {"row_id": "V29-R12", "vineyard_id": "V29", "length_m": 56.45, "row_structure": "regular", "gap_count": 0, "max_gap_m": 4.38, "vine_count": 35, "canopy_count": 37, "canopy_area_m2": 17.7, "tile_count": 3, "tiles": ["siret3_r035_c024.tif", "siret3_r035_c025.tif", "siret3_r036_c024.tif"]}, "geometry": {"type": "LineString", "coordinates": [[630261.899, 5219376.47], [630294.237, 5219422.738]]}}, {"type": "Feature", "properties": {"row_id": "V31-R17", "vineyard_id": "V31", "length_m": 77.99, "row_structure": "disrupted", "gap_count": 3, "max_gap_m": 14.45, "vine_count": 33, "canopy_count": 33, "canopy_area_m2": 14.46, "tile_count": 3, "tiles": ["siret3_r036_c024.tif", "siret3_r037_c023.tif", "siret3_r037_c024.tif"]}, "geometry": {"type": "LineString", "coordinates": [[630254.08, 5219362.884], [630211.991, 5219297.223]]}}, {"type": "Feature", "properties": {"row_id": "V29-R11", "vineyard_id": "V29", "length_m": 55.48, "row_structure": "regular", "gap_count": 0, "max_gap_m": 4.47, "vine_count": 30, "canopy_count": 30, "canopy_area_m2": 11.59, "tile_count": 2, "tiles": ["siret3_r035_c024.tif", "siret3_r035_c025.tif"]}, "geometry": {"type": "LineString", "coordinates": [[630259.957, 5219378.495], [630292.168, 5219423.672]]}}, {"type": "Feature", "properties": {"row_id": "V31-R16", "vineyard_id": "V31", "length_m": 78.45, "row_structure": "disrupted", "gap_count": 1, "max_gap_m": 9.49, "vine_count": 44, "canopy_count": 44, "canopy_area_m2": 18.68, "tile_count": 3, "tiles": ["siret3_r036_c024.tif", "siret3_r037_c023.tif", "siret3_r037_c024.tif"]}, "geometry": {"type": "LineString", "coordinates": [[630251.829, 5219365.136], [630209.728, 5219298.937]]}}, {"type": "Feature", "properties": {"row_id": "V29-R06", "vineyard_id": "V29", "length_m": 13.5, "row_structure": "disrupted", "gap_count": 1, "max_gap_m": 11.02, "vine_count": 4, "canopy_count": 4, "canopy_area_m2": 2.53, "tile_count": 2, "tiles": ["siret3_r035_c024.tif", "siret3_r035_c025.tif"]}, "geometry": {"type": "LineString", "coordinates": [[630265.273, 5219412.84], [630273.017, 5219423.902]]}}, {"type": "Feature", "properties": {"row_id": "V29-R05", "vineyard_id": "V29", "length_m": 46.9, "row_structure": "disrupted", "gap_count": 1, "max_gap_m": 45.9, "vine_count": 2, "canopy_count": 2, "canopy_area_m2": 2.16, "tile_count": 1, "tiles": ["siret3_r035_c024.tif"]}, "geometry": {"type": "LineString", "coordinates": [[630237.134, 5219381.359], [630264.723, 5219419.28]]}}, {"type": "Feature", "properties": {"row_id": "V29-R04", "vineyard_id": "V29", "length_m": 27.2, "row_structure": "disrupted", "gap_count": 1, "max_gap_m": 25.67, "vine_count": 3, "canopy_count": 3, "canopy_area_m2": 2.07, "tile_count": 1, "tiles": ["siret3_r035_c024.tif"]}, "geometry": {"type": "LineString", "coordinates": [[630271.268, 5219430.53], [630255.236, 5219408.554]]}}, {"type": "Feature", "properties": {"row_id": "V29-R03", "vineyard_id": "V29", "length_m": 8.27, "row_structure": "regular", "gap_count": 0, "max_gap_m": 4.68, "vine_count": 5, "canopy_count": 5, "canopy_area_m2": 1.88, "tile_count": 1, "tiles": ["siret3_r035_c024.tif"]}, "geometry": {"type": "LineString", "coordinates": [[630255.063, 5219412.58], [630259.828, 5219419.338]]}}, {"type": "Feature", "properties": {"row_id": "V29-R02", "vineyard_id": "V29", "length_m": 10.84, "row_structure": "disrupted", "gap_count": 1, "max_gap_m": 9.84, "vine_count": 2, "canopy_count": 2, "canopy_area_m2": 4.6, "tile_count": 1, "tiles": ["siret3_r035_c024.tif"]}, "geometry": {"type": "LineString", "coordinates": [[630258.547, 5219420.76], [630264.568, 5219429.779]]}}, {"type": "Feature", "properties": {"row_id": "V29-R01", "vineyard_id": "V29", "length_m": 7.32, "row_structure": "disrupted", "gap_count": 1, "max_gap_m": 6.32, "vine_count": 2, "canopy_count": 2, "canopy_area_m2": 1.43, "tile_count": 1, "tiles": ["siret3_r035_c024.tif"]}, "geometry": {"type": "LineString", "coordinates": [[630255.113, 5219419.984], [630259.365, 5219425.943]]}}, {"type": "Feature", "properties": {"row_id": "V51-R06", "vineyard_id": "V51", "length_m": 28.24, "row_structure": "disrupted", "gap_count": 1, "max_gap_m": 27.24, "vine_count": 2, "canopy_count": 2, "canopy_area_m2": 1.53, "tile_count": 1, "tiles": ["siret3_r035_c024.tif"]}, "geometry": {"type": "LineString", "coordinates": [[630226.741, 5219406.94], [630242.632, 5219430.286]]}}, {"type": "Feature", "properties": {"row_id": "V51-R05", "vineyard_id": "V51", "length_m": 21.07, "row_structure": "disrupted", "gap_count": 1, "max_gap_m": 19.11, "vine_count": 3, "canopy_count": 3, "canopy_area_m2": 2.69, "tile_count": 1, "tiles": ["siret3_r035_c024.tif"]}, "geometry": {"type": "LineString", "coordinates": [[630241.053, 5219430.475], [630228.015, 5219413.926]]}}, {"type": "Feature", "properties": {"row_id": "V51-R04", "vineyard_id": "V51", "length_m": 23.68, "row_structure": "disrupted", "gap_count": 1, "max_gap_m": 22.68, "vine_count": 2, "canopy_count": 3, "canopy_area_m2": 3.01, "tile_count": 1, "tiles": ["siret3_r035_c024.tif"]}, "geometry": {"type": "LineString", "coordinates": [[630222.444, 5219410.844], [630236.718, 5219429.734]]}}, {"type": "Feature", "properties": {"row_id": "V51-R03", "vineyard_id": "V51", "length_m": 9.4, "row_structure": "disrupted", "gap_count": 1, "max_gap_m": 8.4, "vine_count": 2, "canopy_count": 2, "canopy_area_m2": 1.55, "tile_count": 1, "tiles": ["siret3_r035_c024.tif"]}, "geometry": {"type": "LineString", "coordinates": [[630229.563, 5219421.702], [630234.654, 5219429.607]]}}, {"type": "Feature", "properties": {"row_id": "V51-R02", "vineyard_id": "V51", "length_m": 5.92, "row_structure": "regular", "gap_count": 0, "max_gap_m": 3.59, "vine_count": 4, "canopy_count": 4, "canopy_area_m2": 1.57, "tile_count": 1, "tiles": ["siret3_r035_c024.tif"]}, "geometry": {"type": "LineString", "coordinates": [[630225.583, 5219419.724], [630229.017, 5219424.547]]}}, {"type": "Feature", "properties": {"row_id": "V29-R30", "vineyard_id": "V29", "length_m": 49.07, "row_structure": "disrupted", "gap_count": 2, "max_gap_m": 22.2, "vine_count": 17, "canopy_count": 16, "canopy_area_m2": 6.29, "tile_count": 3, "tiles": ["siret3_r035_c025.tif", "siret3_r035_c026.tif", "siret3_r036_c025.tif"]}, "geometry": {"type": "LineString", "coordinates": [[630330.577, 5219399.871], [630303.971, 5219358.639]]}}, {"type": "Feature", "properties": {"row_id": "V38-R03", "vineyard_id": "V38", "length_m": 74.5, "row_structure": "disrupted", "gap_count": 2, "max_gap_m": 12.32, "vine_count": 35, "canopy_count": 35, "canopy_area_m2": 15.91, "tile_count": 4, "tiles": ["siret3_r036_c025.tif", "siret3_r037_c024.tif", "siret3_r037_c025.tif", "siret3_r038_c024.tif"]}, "geometry": {"type": "LineString", "coordinates": [[630287.635, 5219331.693], [630247.1, 5219269.18]]}}, {"type": "Feature", "properties": {"row_id": "V29-R29", "vineyard_id": "V29", "length_m": 48.27, "row_structure": "disrupted", "gap_count": 2, "max_gap_m": 6.41, "vine_count": 22, "canopy_count": 23, "canopy_area_m2": 9.5, "tile_count": 3, "tiles": ["siret3_r035_c025.tif", "siret3_r035_c026.tif", "siret3_r036_c025.tif"]}, "geometry": {"type": "LineString", "coordinates": [[630327.658, 5219399.879], [630301.567, 5219359.271]]}}, {"type": "Feature", "properties": {"row_id": "V38-R02", "vineyard_id": "V38", "length_m": 71.28, "row_structure": "disrupted", "gap_count": 3, "max_gap_m": 12.61, "vine_count": 35, "canopy_count": 36, "canopy_area_m2": 15.07, "tile_count": 4, "tiles": ["siret3_r036_c025.tif", "siret3_r037_c024.tif", "siret3_r037_c025.tif", "siret3_r038_c024.tif"]}, "geometry": {"type": "LineString", "coordinates": [[630286.349, 5219334.063], [630247.667, 5219274.196]]}}, {"type": "Feature", "properties": {"row_id": "V29-R28", "vineyard_id": "V29", "length_m": 48.72, "row_structure": "disrupted", "gap_count": 1, "max_gap_m": 26.69, "vine_count": 13, "canopy_count": 13, "canopy_area_m2": 5.52, "tile_count": 3, "tiles": ["siret3_r035_c025.tif", "siret3_r035_c026.tif", "siret3_r036_c025.tif"]}, "geometry": {"type": "LineString", "coordinates": [[630327.553, 5219403.93], [630301.122, 5219362.999]]}}, {"type": "Feature", "properties": {"row_id": "V38-R01", "vineyard_id": "V38", "length_m": 66.14, "row_structure": "disrupted", "gap_count": 3, "max_gap_m": 30.68, "vine_count": 16, "canopy_count": 16, "canopy_area_m2": 5.97, "tile_count": 3, "tiles": ["siret3_r036_c025.tif", "siret3_r037_c024.tif", "siret3_r037_c025.tif"]}, "geometry": {"type": "LineString", "coordinates": [[630285.606, 5219337.217], [630249.541, 5219281.78]]}}, {"type": "Feature", "properties": {"row_id": "V29-R27", "vineyard_id": "V29", "length_m": 42.24, "row_structure": "disrupted", "gap_count": 3, "max_gap_m": 13.22, "vine_count": 13, "canopy_count": 14, "canopy_area_m2": 7.14, "tile_count": 2, "tiles": ["siret3_r035_c025.tif", "siret3_r036_c025.tif"]}, "geometry": {"type": "LineString", "coordinates": [[630322.903, 5219401.09], [630299.948, 5219365.627]]}}, {"type": "Feature", "properties": {"row_id": "V29-R26", "vineyard_id": "V29", "length_m": 52.82, "row_structure": "disrupted", "gap_count": 2, "max_gap_m": 11.77, "vine_count": 22, "canopy_count": 22, "canopy_area_m2": 8.92, "tile_count": 2, "tiles": ["siret3_r035_c025.tif", "siret3_r036_c025.tif"]}, "geometry": {"type": "LineString", "coordinates": [[630321.298, 5219403.079], [630292.497, 5219358.806]]}}, {"type": "Feature", "properties": {"row_id": "V29-R25", "vineyard_id": "V29", "length_m": 59.14, "row_structure": "disrupted", "gap_count": 1, "max_gap_m": 8.07, "vine_count": 38, "canopy_count": 38, "canopy_area_m2": 16.84, "tile_count": 2, "tiles": ["siret3_r035_c025.tif", "siret3_r036_c025.tif"]}, "geometry": {"type": "LineString", "coordinates": [[630322.375, 5219408.638], [630289.742, 5219359.32]]}}, {"type": "Feature", "properties": {"row_id": "V29-R24", "vineyard_id": "V29", "length_m": 38.04, "row_structure": "regular", "gap_count": 0, "max_gap_m": 3.67, "vine_count": 26, "canopy_count": 26, "canopy_area_m2": 10.06, "tile_count": 1, "tiles": ["siret3_r035_c025.tif"]}, "geometry": {"type": "LineString", "coordinates": [[630300.01, 5219379.531], [630321.08, 5219411.203]]}}, {"type": "Feature", "properties": {"row_id": "V29-R23", "vineyard_id": "V29", "length_m": 71.2, "row_structure": "disrupted", "gap_count": 1, "max_gap_m": 9.62, "vine_count": 37, "canopy_count": 37, "canopy_area_m2": 18.35, "tile_count": 2, "tiles": ["siret3_r035_c025.tif", "siret3_r036_c025.tif"]}, "geometry": {"type": "LineString", "coordinates": [[630320.248, 5219414.519], [630280.937, 5219355.149]]}}, {"type": "Feature", "properties": {"row_id": "V29-R22", "vineyard_id": "V29", "length_m": 9.34, "row_structure": "regular", "gap_count": 0, "max_gap_m": 3.41, "vine_count": 4, "canopy_count": 5, "canopy_area_m2": 1.73, "tile_count": 1, "tiles": ["siret3_r035_c025.tif"]}, "geometry": {"type": "LineString", "coordinates": [[630298.27, 5219384.821], [630303.579, 5219392.51]]}}, {"type": "Feature", "properties": {"row_id": "V29-R20", "vineyard_id": "V29", "length_m": 42.28, "row_structure": "disrupted", "gap_count": 1, "max_gap_m": 5.05, "vine_count": 24, "canopy_count": 24, "canopy_area_m2": 17.25, "tile_count": 1, "tiles": ["siret3_r035_c025.tif"]}, "geometry": {"type": "LineString", "coordinates": [[630317.851, 5219417.199], [630293.769, 5219382.446]]}}, {"type": "Feature", "properties": {"row_id": "V29-R19", "vineyard_id": "V29", "length_m": 37.29, "row_structure": "regular", "gap_count": 0, "max_gap_m": 2.58, "vine_count": 27, "canopy_count": 27, "canopy_area_m2": 18.56, "tile_count": 1, "tiles": ["siret3_r035_c025.tif"]}, "geometry": {"type": "LineString", "coordinates": [[630315.444, 5219418.764], [630294.088, 5219388.2]]}}, {"type": "Feature", "properties": {"row_id": "V29-R18", "vineyard_id": "V29", "length_m": 34.98, "row_structure": "disrupted", "gap_count": 1, "max_gap_m": 6.98, "vine_count": 17, "canopy_count": 17, "canopy_area_m2": 12.36, "tile_count": 1, "tiles": ["siret3_r035_c025.tif"]}, "geometry": {"type": "LineString", "coordinates": [[630292.722, 5219391.73], [630313.174, 5219420.114]]}}, {"type": "Feature", "properties": {"row_id": "V29-R17", "vineyard_id": "V29", "length_m": 34.3, "row_structure": "regular", "gap_count": 0, "max_gap_m": 4.22, "vine_count": 23, "canopy_count": 23, "canopy_area_m2": 13.05, "tile_count": 1, "tiles": ["siret3_r035_c025.tif"]}, "geometry": {"type": "LineString", "coordinates": [[630291.949, 5219395.797], [630311.926, 5219423.678]]}}, {"type": "Feature", "properties": {"row_id": "V29-R16", "vineyard_id": "V29", "length_m": 54.21, "row_structure": "disrupted", "gap_count": 1, "max_gap_m": 10.46, "vine_count": 31, "canopy_count": 31, "canopy_area_m2": 12.8, "tile_count": 1, "tiles": ["siret3_r035_c025.tif"]}, "geometry": {"type": "LineString", "coordinates": [[630277.68, 5219380.46], [630287.568, 5219395.59], [630298.039, 5219410.31], [630308.763, 5219424.851]]}}, {"type": "Feature", "properties": {"row_id": "V29-R15", "vineyard_id": "V29", "length_m": 58.1, "row_structure": "disrupted", "gap_count": 1, "max_gap_m": 6.78, "vine_count": 38, "canopy_count": 38, "canopy_area_m2": 17.63, "tile_count": 1, "tiles": ["siret3_r035_c025.tif"]}, "geometry": {"type": "LineString", "coordinates": [[630274.082, 5219380.208], [630285.077, 5219396.149], [630296.276, 5219411.947], [630307.766, 5219427.538]]}}, {"type": "Feature", "properties": {"row_id": "V31-R20", "vineyard_id": "V31", "length_m": 23.59, "row_structure": "regular", "gap_count": 0, "max_gap_m": 3.63, "vine_count": 12, "canopy_count": 13, "canopy_area_m2": 6.49, "tile_count": 1, "tiles": ["siret3_r036_c024.tif"]}, "geometry": {"type": "LineString", "coordinates": [[630242.442, 5219334.93], [630255.145, 5219354.806]]}}, {"type": "Feature", "properties": {"row_id": "V29-R14", "vineyard_id": "V29", "length_m": 49.12, "row_structure": "regular", "gap_count": 0, "max_gap_m": 4.62, "vine_count": 35, "canopy_count": 35, "canopy_area_m2": 15.38, "tile_count": 1, "tiles": ["siret3_r035_c025.tif"]}, "geometry": {"type": "LineString", "coordinates": [[630278.031, 5219390.334], [630287.324, 5219403.818], [630296.863, 5219417.125], [630306.573, 5219430.31]]}}, {"type": "Feature", "properties": {"row_id": "V29-R10", "vineyard_id": "V29", "length_m": 34.93, "row_structure": "disrupted", "gap_count": 2, "max_gap_m": 13.59, "vine_count": 6, "canopy_count": 7, "canopy_area_m2": 4.08, "tile_count": 1, "tiles": ["siret3_r035_c025.tif"]}, "geometry": {"type": "LineString", "coordinates": [[630291.031, 5219428.34], [630271.752, 5219399.215]]}}, {"type": "Feature", "properties": {"row_id": "V29-R09", "vineyard_id": "V29", "length_m": 19.82, "row_structure": "disrupted", "gap_count": 1, "max_gap_m": 18.82, "vine_count": 2, "canopy_count": 2, "canopy_area_m2": 3.79, "tile_count": 1, "tiles": ["siret3_r035_c025.tif"]}, "geometry": {"type": "LineString", "coordinates": [[630279.0, 5219413.402], [630289.635, 5219430.13]]}}, {"type": "Feature", "properties": {"row_id": "V29-R08", "vineyard_id": "V29", "length_m": 11.34, "row_structure": "regular", "gap_count": 0, "max_gap_m": 3.33, "vine_count": 7, "canopy_count": 8, "canopy_area_m2": 5.57, "tile_count": 1, "tiles": ["siret3_r035_c025.tif"]}, "geometry": {"type": "LineString", "coordinates": [[630280.387, 5219425.365], [630273.904, 5219416.056]]}}, {"type": "Feature", "properties": {"row_id": "V29-R07", "vineyard_id": "V29", "length_m": 13.59, "row_structure": "disrupted", "gap_count": 1, "max_gap_m": 12.15, "vine_count": 3, "canopy_count": 3, "canopy_area_m2": 5.14, "tile_count": 1, "tiles": ["siret3_r035_c025.tif"]}, "geometry": {"type": "LineString", "coordinates": [[630279.954, 5219428.602], [630272.287, 5219417.379]]}}, {"type": "Feature", "properties": {"row_id": "V27-R10", "vineyard_id": "V27", "length_m": 6.38, "row_structure": "disrupted", "gap_count": 1, "max_gap_m": 5.38, "vine_count": 2, "canopy_count": 2, "canopy_area_m2": 0.99, "tile_count": 1, "tiles": ["siret3_r035_c026.tif"]}, "geometry": {"type": "LineString", "coordinates": [[630350.24, 5219426.304], [630354.448, 5219421.504]]}}, {"type": "Feature", "properties": {"row_id": "V27-R09", "vineyard_id": "V27", "length_m": 21.86, "row_structure": "disrupted", "gap_count": 1, "max_gap_m": 5.27, "vine_count": 11, "canopy_count": 11, "canopy_area_m2": 4.32, "tile_count": 1, "tiles": ["siret3_r035_c026.tif"]}, "geometry": {"type": "LineString", "coordinates": [[630346.081, 5219426.633], [630360.347, 5219410.07]]}}, {"type": "Feature", "properties": {"row_id": "V27-R08", "vineyard_id": "V27", "length_m": 33.71, "row_structure": "regular", "gap_count": 0, "max_gap_m": 3.11, "vine_count": 20, "canopy_count": 21, "canopy_area_m2": 7.31, "tile_count": 1, "tiles": ["siret3_r035_c026.tif"]}, "geometry": {"type": "LineString", "coordinates": [[630361.301, 5219404.773], [630339.22, 5219430.249]]}}, {"type": "Feature", "properties": {"row_id": "V27-R07", "vineyard_id": "V27", "length_m": 56.81, "row_structure": "disrupted", "gap_count": 1, "max_gap_m": 15.02, "vine_count": 24, "canopy_count": 24, "canopy_area_m2": 8.39, "tile_count": 1, "tiles": ["siret3_r035_c026.tif"]}, "geometry": {"type": "LineString", "coordinates": [[630335.946, 5219429.712], [630373.142, 5219386.77]]}}, {"type": "Feature", "properties": {"row_id": "V27-R06", "vineyard_id": "V27", "length_m": 52.13, "row_structure": "disrupted", "gap_count": 2, "max_gap_m": 10.68, "vine_count": 21, "canopy_count": 21, "canopy_area_m2": 10.93, "tile_count": 1, "tiles": ["siret3_r035_c026.tif"]}, "geometry": {"type": "LineString", "coordinates": [[630332.82, 5219429.21], [630366.897, 5219389.759]]}}, {"type": "Feature", "properties": {"row_id": "V27-R05", "vineyard_id": "V27", "length_m": 59.15, "row_structure": "disrupted", "gap_count": 4, "max_gap_m": 9.99, "vine_count": 21, "canopy_count": 21, "canopy_area_m2": 9.6, "tile_count": 1, "tiles": ["siret3_r035_c026.tif"]}, "geometry": {"type": "LineString", "coordinates": [[630330.856, 5219427.299], [630369.623, 5219382.63]]}}, {"type": "Feature", "properties": {"row_id": "V27-R04", "vineyard_id": "V27", "length_m": 58.85, "row_structure": "regular", "gap_count": 0, "max_gap_m": 4.12, "vine_count": 35, "canopy_count": 35, "canopy_area_m2": 18.37, "tile_count": 1, "tiles": ["siret3_r035_c026.tif"]}, "geometry": {"type": "LineString", "coordinates": [[630328.762, 5219425.458], [630367.566, 5219381.215]]}}, {"type": "Feature", "properties": {"row_id": "V27-R03", "vineyard_id": "V27", "length_m": 58.02, "row_structure": "disrupted", "gap_count": 1, "max_gap_m": 22.14, "vine_count": 22, "canopy_count": 22, "canopy_area_m2": 8.69, "tile_count": 1, "tiles": ["siret3_r035_c026.tif"]}, "geometry": {"type": "LineString", "coordinates": [[630327.599, 5219422.915], [630365.715, 5219379.175]]}}, {"type": "Feature", "properties": {"row_id": "V27-R02", "vineyard_id": "V27", "length_m": 32.11, "row_structure": "regular", "gap_count": 0, "max_gap_m": 3.65, "vine_count": 19, "canopy_count": 19, "canopy_area_m2": 8.54, "tile_count": 1, "tiles": ["siret3_r035_c026.tif"]}, "geometry": {"type": "LineString", "coordinates": [[630327.441, 5219418.958], [630348.546, 5219394.757]]}}, {"type": "Feature", "properties": {"row_id": "V29-R32", "vineyard_id": "V29", "length_m": 21.7, "row_structure": "disrupted", "gap_count": 1, "max_gap_m": 15.8, "vine_count": 3, "canopy_count": 4, "canopy_area_m2": 2.66, "tile_count": 1, "tiles": ["siret3_r035_c026.tif"]}, "geometry": {"type": "LineString", "coordinates": [[630339.207, 5219388.547], [630324.75, 5219404.73]]}}, {"type": "Feature", "properties": {"row_id": "V29-R31", "vineyard_id": "V29", "length_m": 21.63, "row_structure": "disrupted", "gap_count": 1, "max_gap_m": 20.63, "vine_count": 2, "canopy_count": 2, "canopy_area_m2": 0.98, "tile_count": 1, "tiles": ["siret3_r035_c026.tif"]}, "geometry": {"type": "LineString", "coordinates": [[630323.367, 5219402.635], [630338.01, 5219386.72]]}}, {"type": "Feature", "properties": {"row_id": "V44-R01", "vineyard_id": "V44", "length_m": 48.99, "row_structure": "disrupted", "gap_count": 4, "max_gap_m": 8.43, "vine_count": 23, "canopy_count": 23, "canopy_area_m2": 14.21, "tile_count": 2, "tiles": ["siret3_r035_c026.tif", "siret3_r036_c026.tif"]}, "geometry": {"type": "LineString", "coordinates": [[630349.302, 5219384.334], [630340.492, 5219370.584], [630331.83, 5219356.742], [630323.328, 5219342.8]]}}, {"type": "Feature", "properties": {"row_id": "V29-R39", "vineyard_id": "V29", "length_m": 48.95, "row_structure": "disrupted", "gap_count": 3, "max_gap_m": 13.1, "vine_count": 24, "canopy_count": 24, "canopy_area_m2": 15.2, "tile_count": 3, "tiles": ["siret3_r035_c026.tif", "siret3_r036_c025.tif", "siret3_r036_c026.tif"]}, "geometry": {"type": "LineString", "coordinates": [[630342.867, 5219385.361], [630316.866, 5219343.893]]}}, {"type": "Feature", "properties": {"row_id": "V29-R38", "vineyard_id": "V29", "length_m": 55.28, "row_structure": "disrupted", "gap_count": 1, "max_gap_m": 14.0, "vine_count": 33, "canopy_count": 33, "canopy_area_m2": 20.17, "tile_count": 3, "tiles": ["siret3_r035_c026.tif", "siret3_r036_c025.tif", "siret3_r036_c026.tif"]}, "geometry": {"type": "LineString", "coordinates": [[630338.757, 5219384.489], [630309.655, 5219337.487]]}}, {"type": "Feature", "properties": {"row_id": "V29-R37", "vineyard_id": "V29", "length_m": 53.47, "row_structure": "regular", "gap_count": 0, "max_gap_m": 4.29, "vine_count": 34, "canopy_count": 34, "canopy_area_m2": 18.53, "tile_count": 3, "tiles": ["siret3_r035_c026.tif", "siret3_r036_c025.tif", "siret3_r036_c026.tif"]}, "geometry": {"type": "LineString", "coordinates": [[630335.995, 5219384.537], [630307.86, 5219339.064]]}}, {"type": "Feature", "properties": {"row_id": "V29-R36", "vineyard_id": "V29", "length_m": 63.85, "row_structure": "disrupted", "gap_count": 2, "max_gap_m": 10.09, "vine_count": 32, "canopy_count": 32, "canopy_area_m2": 16.2, "tile_count": 3, "tiles": ["siret3_r035_c026.tif", "siret3_r036_c025.tif", "siret3_r036_c026.tif"]}, "geometry": {"type": "LineString", "coordinates": [[630337.793, 5219391.719], [630304.043, 5219337.519]]}}, {"type": "Feature", "properties": {"row_id": "V32-R01", "vineyard_id": "V32", "length_m": 35.6, "row_structure": "disrupted", "gap_count": 1, "max_gap_m": 33.85, "vine_count": 3, "canopy_count": 5, "canopy_area_m2": 7.13, "tile_count": 2, "tiles": ["siret3_r036_c025.tif", "siret3_r037_c025.tif"]}, "geometry": {"type": "LineString", "coordinates": [[630300.575, 5219329.542], [630282.557, 5219298.836]]}}, {"type": "Feature", "properties": {"row_id": "V29-R35", "vineyard_id": "V29", "length_m": 62.91, "row_structure": "disrupted", "gap_count": 3, "max_gap_m": 7.45, "vine_count": 31, "canopy_count": 31, "canopy_area_m2": 15.27, "tile_count": 3, "tiles": ["siret3_r035_c026.tif", "siret3_r036_c025.tif", "siret3_r036_c026.tif"]}, "geometry": {"type": "LineString", "coordinates": [[630337.236, 5219395.07], [630303.991, 5219341.662]]}}, {"type": "Feature", "properties": {"row_id": "V29-R34", "vineyard_id": "V29", "length_m": 59.38, "row_structure": "disrupted", "gap_count": 1, "max_gap_m": 11.33, "vine_count": 35, "canopy_count": 35, "canopy_area_m2": 17.35, "tile_count": 2, "tiles": ["siret3_r035_c026.tif", "siret3_r036_c025.tif"]}, "geometry": {"type": "LineString", "coordinates": [[630335.354, 5219396.834], [630303.978, 5219346.418]]}}, {"type": "Feature", "properties": {"row_id": "V29-R33", "vineyard_id": "V29", "length_m": 62.81, "row_structure": "disrupted", "gap_count": 2, "max_gap_m": 8.21, "vine_count": 41, "canopy_count": 41, "canopy_area_m2": 16.47, "tile_count": 2, "tiles": ["siret3_r035_c026.tif", "siret3_r036_c025.tif"]}, "geometry": {"type": "LineString", "coordinates": [[630333.822, 5219398.757], [630300.478, 5219345.528]]}}, {"type": "Feature", "properties": {"row_id": "V31-R11", "vineyard_id": "V31", "length_m": 56.58, "row_structure": "disrupted", "gap_count": 3, "max_gap_m": 19.75, "vine_count": 7, "canopy_count": 7, "canopy_area_m2": 2.32, "tile_count": 3, "tiles": ["siret3_r036_c023.tif", "siret3_r036_c024.tif", "siret3_r037_c023.tif"]}, "geometry": {"type": "LineString", "coordinates": [[630235.151, 5219366.891], [630205.038, 5219318.996]]}}, {"type": "Feature", "properties": {"row_id": "V31-R09", "vineyard_id": "V31", "length_m": 35.71, "row_structure": "disrupted", "gap_count": 2, "max_gap_m": 6.63, "vine_count": 12, "canopy_count": 12, "canopy_area_m2": 3.86, "tile_count": 2, "tiles": ["siret3_r036_c023.tif", "siret3_r037_c023.tif"]}, "geometry": {"type": "LineString", "coordinates": [[630216.316, 5219342.208], [630197.17, 5219312.06]]}}, {"type": "Feature", "properties": {"row_id": "V31-R07", "vineyard_id": "V31", "length_m": 40.17, "row_structure": "disrupted", "gap_count": 2, "max_gap_m": 19.44, "vine_count": 8, "canopy_count": 11, "canopy_area_m2": 4.91, "tile_count": 2, "tiles": ["siret3_r036_c023.tif", "siret3_r036_c024.tif"]}, "geometry": {"type": "LineString", "coordinates": [[630216.728, 5219345.903], [630232.374, 5219367.635], [630240.269, 5219378.448]]}}, {"type": "Feature", "properties": {"row_id": "V31-R06", "vineyard_id": "V31", "length_m": 68.99, "row_structure": "disrupted", "gap_count": 3, "max_gap_m": 10.61, "vine_count": 22, "canopy_count": 22, "canopy_area_m2": 6.77, "tile_count": 3, "tiles": ["siret3_r036_c023.tif", "siret3_r036_c024.tif", "siret3_r037_c023.tif"]}, "geometry": {"type": "LineString", "coordinates": [[630232.662, 5219373.321], [630195.934, 5219314.916]]}}, {"type": "Feature", "properties": {"row_id": "V31-R05", "vineyard_id": "V31", "length_m": 60.08, "row_structure": "disrupted", "gap_count": 6, "max_gap_m": 11.75, "vine_count": 14, "canopy_count": 14, "canopy_area_m2": 5.03, "tile_count": 3, "tiles": ["siret3_r036_c023.tif", "siret3_r036_c024.tif", "siret3_r037_c023.tif"]}, "geometry": {"type": "LineString", "coordinates": [[630227.348, 5219369.557], [630203.179, 5219331.529], [630195.031, 5219318.911]]}}, {"type": "Feature", "properties": {"row_id": "V31-R04", "vineyard_id": "V31", "length_m": 58.0, "row_structure": "disrupted", "gap_count": 2, "max_gap_m": 11.8, "vine_count": 20, "canopy_count": 20, "canopy_area_m2": 6.89, "tile_count": 2, "tiles": ["siret3_r036_c023.tif", "siret3_r036_c024.tif"]}, "geometry": {"type": "LineString", "coordinates": [[630199.208, 5219329.772], [630229.984, 5219378.928]]}}, {"type": "Feature", "properties": {"row_id": "V31-R03", "vineyard_id": "V31", "length_m": 20.95, "row_structure": "disrupted", "gap_count": 1, "max_gap_m": 19.95, "vine_count": 2, "canopy_count": 2, "canopy_area_m2": 1.08, "tile_count": 1, "tiles": ["siret3_r036_c023.tif"]}, "geometry": {"type": "LineString", "coordinates": [[630209.433, 5219349.079], [630220.186, 5219367.059]]}}, {"type": "Feature", "properties": {"row_id": "V31-R02", "vineyard_id": "V31", "length_m": 54.37, "row_structure": "disrupted", "gap_count": 3, "max_gap_m": 26.27, "vine_count": 4, "canopy_count": 5, "canopy_area_m2": 3.94, "tile_count": 1, "tiles": ["siret3_r036_c023.tif"]}, "geometry": {"type": "LineString", "coordinates": [[630220.976, 5219373.503], [630191.735, 5219327.664]]}}, {"type": "Feature", "properties": {"row_id": "V31-R01", "vineyard_id": "V31", "length_m": 36.44, "row_structure": "disrupted", "gap_count": 1, "max_gap_m": 35.44, "vine_count": 2, "canopy_count": 2, "canopy_area_m2": 2.26, "tile_count": 1, "tiles": ["siret3_r036_c023.tif"]}, "geometry": {"type": "LineString", "coordinates": [[630191.874, 5219336.233], [630211.856, 5219366.703]]}}, {"type": "Feature", "properties": {"row_id": "V31-R29", "vineyard_id": "V31", "length_m": 13.49, "row_structure": "disrupted", "gap_count": 1, "max_gap_m": 7.25, "vine_count": 5, "canopy_count": 7, "canopy_area_m2": 4.14, "tile_count": 1, "tiles": ["siret3_r036_c024.tif"]}, "geometry": {"type": "LineString", "coordinates": [[630272.063, 5219339.963], [630265.658, 5219328.092]]}}, {"type": "Feature", "properties": {"row_id": "V31-R28", "vineyard_id": "V31", "length_m": 72.22, "row_structure": "disrupted", "gap_count": 5, "max_gap_m": 22.17, "vine_count": 18, "canopy_count": 21, "canopy_area_m2": 17.18, "tile_count": 2, "tiles": ["siret3_r036_c024.tif", "siret3_r037_c024.tif"]}, "geometry": {"type": "LineString", "coordinates": [[630271.223, 5219340.708], [630261.363, 5219325.585], [630251.824, 5219310.256], [630241.878, 5219295.188], [630232.295, 5219279.887]]}}, {"type": "Feature", "properties": {"row_id": "V31-R27", "vineyard_id": "V31", "length_m": 71.71, "row_structure": "disrupted", "gap_count": 3, "max_gap_m": 15.57, "vine_count": 27, "canopy_count": 27, "canopy_area_m2": 9.13, "tile_count": 2, "tiles": ["siret3_r036_c024.tif", "siret3_r037_c024.tif"]}, "geometry": {"type": "LineString", "coordinates": [[630269.808, 5219343.994], [630231.212, 5219283.552]]}}, {"type": "Feature", "properties": {"row_id": "V31-R26", "vineyard_id": "V31", "length_m": 77.48, "row_structure": "disrupted", "gap_count": 4, "max_gap_m": 10.46, "vine_count": 32, "canopy_count": 32, "canopy_area_m2": 12.55, "tile_count": 2, "tiles": ["siret3_r036_c024.tif", "siret3_r037_c024.tif"]}, "geometry": {"type": "LineString", "coordinates": [[630271.082, 5219350.914], [630229.417, 5219285.596]]}}, {"type": "Feature", "properties": {"row_id": "V31-R25", "vineyard_id": "V31", "length_m": 77.5, "row_structure": "disrupted", "gap_count": 1, "max_gap_m": 5.72, "vine_count": 44, "canopy_count": 44, "canopy_area_m2": 18.25, "tile_count": 2, "tiles": ["siret3_r036_c024.tif", "siret3_r037_c024.tif"]}, "geometry": {"type": "LineString", "coordinates": [[630268.225, 5219351.464], [630226.546, 5219286.129]]}}, {"type": "Feature", "properties": {"row_id": "V31-R24", "vineyard_id": "V31", "length_m": 70.96, "row_structure": "disrupted", "gap_count": 4, "max_gap_m": 15.61, "vine_count": 22, "canopy_count": 22, "canopy_area_m2": 9.33, "tile_count": 2, "tiles": ["siret3_r036_c024.tif", "siret3_r037_c024.tif"]}, "geometry": {"type": "LineString", "coordinates": [[630264.45, 5219350.632], [630226.109, 5219290.924]]}}, {"type": "Feature", "properties": {"row_id": "V31-R23", "vineyard_id": "V31", "length_m": 91.13, "row_structure": "disrupted", "gap_count": 5, "max_gap_m": 25.77, "vine_count": 20, "canopy_count": 21, "canopy_area_m2": 8.84, "tile_count": 2, "tiles": ["siret3_r036_c024.tif", "siret3_r037_c024.tif"]}, "geometry": {"type": "LineString", "coordinates": [[630271.91, 5219366.775], [630222.457, 5219290.231]]}}, {"type": "Feature", "properties": {"row_id": "V31-R22", "vineyard_id": "V31", "length_m": 72.43, "row_structure": "disrupted", "gap_count": 3, "max_gap_m": 12.36, "vine_count": 27, "canopy_count": 27, "canopy_area_m2": 13.0, "tile_count": 2, "tiles": ["siret3_r036_c024.tif", "siret3_r037_c024.tif"]}, "geometry": {"type": "LineString", "coordinates": [[630262.287, 5219356.594], [630223.117, 5219295.674]]}}, {"type": "Feature", "properties": {"row_id": "V31-R21", "vineyard_id": "V31", "length_m": 70.55, "row_structure": "disrupted", "gap_count": 3, "max_gap_m": 11.9, "vine_count": 27, "canopy_count": 27, "canopy_area_m2": 12.09, "tile_count": 2, "tiles": ["siret3_r036_c024.tif", "siret3_r037_c024.tif"]}, "geometry": {"type": "LineString", "coordinates": [[630258.975, 5219356.041], [630220.787, 5219296.715]]}}, {"type": "Feature", "properties": {"row_id": "V31-R15", "vineyard_id": "V31", "length_m": 92.09, "row_structure": "disrupted", "gap_count": 2, "max_gap_m": 16.75, "vine_count": 48, "canopy_count": 49, "canopy_area_m2": 23.04, "tile_count": 3, "tiles": ["siret3_r036_c024.tif", "siret3_r037_c023.tif", "siret3_r037_c024.tif"]}, "geometry": {"type": "LineString", "coordinates": [[630257.095, 5219379.0], [630207.804, 5219301.21]]}}, {"type": "Feature", "properties": {"row_id": "V31-R14", "vineyard_id": "V31", "length_m": 77.78, "row_structure": "disrupted", "gap_count": 1, "max_gap_m": 5.14, "vine_count": 39, "canopy_count": 39, "canopy_area_m2": 16.85, "tile_count": 2, "tiles": ["siret3_r036_c024.tif", "siret3_r037_c023.tif"]}, "geometry": {"type": "LineString", "coordinates": [[630205.074, 5219302.367], [630246.739, 5219368.051]]}}, {"type": "Feature", "properties": {"row_id": "V31-R13", "vineyard_id": "V31", "length_m": 46.04, "row_structure": "disrupted", "gap_count": 2, "max_gap_m": 8.97, "vine_count": 15, "canopy_count": 16, "canopy_area_m2": 7.37, "tile_count": 1, "tiles": ["siret3_r036_c024.tif"]}, "geometry": {"type": "LineString", "coordinates": [[630224.052, 5219337.554], [630232.146, 5219350.595], [630240.583, 5219363.411], [630249.349, 5219376.012]]}}, {"type": "Feature", "properties": {"row_id": "V31-R12", "vineyard_id": "V31", "length_m": 37.81, "row_structure": "disrupted", "gap_count": 3, "max_gap_m": 12.69, "vine_count": 9, "canopy_count": 9, "canopy_area_m2": 2.4, "tile_count": 1, "tiles": ["siret3_r036_c024.tif"]}, "geometry": {"type": "LineString", "coordinates": [[630243.702, 5219375.377], [630224.064, 5219343.063]]}}, {"type": "Feature", "properties": {"row_id": "V44-R02", "vineyard_id": "V44", "length_m": 41.33, "row_structure": "disrupted", "gap_count": 3, "max_gap_m": 7.73, "vine_count": 20, "canopy_count": 20, "canopy_area_m2": 14.33, "tile_count": 2, "tiles": ["siret3_r036_c025.tif", "siret3_r036_c026.tif"]}, "geometry": {"type": "LineString", "coordinates": [[630317.697, 5219328.186], [630324.996, 5219339.87], [630339.347, 5219363.391]]}}, {"type": "Feature", "properties": {"row_id": "V38-R04", "vineyard_id": "V38", "length_m": 73.06, "row_structure": "disrupted", "gap_count": 2, "max_gap_m": 8.75, "vine_count": 41, "canopy_count": 42, "canopy_area_m2": 19.79, "tile_count": 4, "tiles": ["siret3_r036_c025.tif", "siret3_r037_c024.tif", "siret3_r037_c025.tif", "siret3_r038_c024.tif"]}, "geometry": {"type": "LineString", "coordinates": [[630291.48, 5219332.973], [630251.812, 5219271.622]]}}, {"type": "Feature", "properties": {"row_id": "V29-R21", "vineyard_id": "V29", "length_m": 4.11, "row_structure": "regular", "gap_count": 0, "max_gap_m": 3.11, "vine_count": 2, "canopy_count": 2, "canopy_area_m2": 1.22, "tile_count": 1, "tiles": ["siret3_r036_c025.tif"]}, "geometry": {"type": "LineString", "coordinates": [[630292.64, 5219375.734], [630294.712, 5219379.289]]}}, {"type": "Feature", "properties": {"row_id": "V60-R03", "vineyard_id": "V60", "length_m": 9.12, "row_structure": "disrupted", "gap_count": 1, "max_gap_m": 5.59, "vine_count": 3, "canopy_count": 5, "canopy_area_m2": 2.34, "tile_count": 1, "tiles": ["siret3_r036_c026.tif"]}, "geometry": {"type": "LineString", "coordinates": [[630372.811, 5219379.268], [630368.485, 5219371.242]]}}, {"type": "Feature", "properties": {"row_id": "V60-R02", "vineyard_id": "V60", "length_m": 3.6, "row_structure": "regular", "gap_count": 0, "max_gap_m": 2.6, "vine_count": 2, "canopy_count": 3, "canopy_area_m2": 1.32, "tile_count": 1, "tiles": ["siret3_r036_c026.tif"]}, "geometry": {"type": "LineString", "coordinates": [[630367.204, 5219372.718], [630368.921, 5219375.883]]}}, {"type": "Feature", "properties": {"row_id": "V60-R01", "vineyard_id": "V60", "length_m": 13.75, "row_structure": "disrupted", "gap_count": 1, "max_gap_m": 12.75, "vine_count": 2, "canopy_count": 3, "canopy_area_m2": 4.23, "tile_count": 1, "tiles": ["siret3_r036_c026.tif"]}, "geometry": {"type": "LineString", "coordinates": [[630362.113, 5219367.546], [630369.806, 5219378.94]]}}, {"type": "Feature", "properties": {"row_id": "V27-R01", "vineyard_id": "V27", "length_m": 43.14, "row_structure": "disrupted", "gap_count": 1, "max_gap_m": 42.14, "vine_count": 2, "canopy_count": 2, "canopy_area_m2": 3.18, "tile_count": 1, "tiles": ["siret3_r036_c026.tif"]}, "geometry": {"type": "LineString", "coordinates": [[630344.036, 5219341.911], [630366.36, 5219378.825]]}}, {"type": "Feature", "properties": {"row_id": "V44-R03", "vineyard_id": "V44", "length_m": 31.7, "row_structure": "disrupted", "gap_count": 2, "max_gap_m": 18.47, "vine_count": 6, "canopy_count": 6, "canopy_area_m2": 2.71, "tile_count": 1, "tiles": ["siret3_r036_c026.tif"]}, "geometry": {"type": "LineString", "coordinates": [[630326.006, 5219336.392], [630342.939, 5219363.192]]}}, {"type": "Feature", "properties": {"row_id": "V50-R05", "vineyard_id": "V50", "length_m": 39.61, "row_structure": "disrupted", "gap_count": 1, "max_gap_m": 37.51, "vine_count": 3, "canopy_count": 3, "canopy_area_m2": 3.39, "tile_count": 1, "tiles": ["siret3_r037_c022.tif"]}, "geometry": {"type": "LineString", "coordinates": [[630133.817, 5219306.88], [630160.189, 5219277.321]]}}, {"type": "Feature", "properties": {"row_id": "V50-R04", "vineyard_id": "V50", "length_m": 8.08, "row_structure": "regular", "gap_count": 0, "max_gap_m": 3.28, "vine_count": 4, "canopy_count": 4, "canopy_area_m2": 1.83, "tile_count": 1, "tiles": ["siret3_r037_c022.tif"]}, "geometry": {"type": "LineString", "coordinates": [[630144.011, 5219285.009], [630149.747, 5219279.314]]}}, {"type": "Feature", "properties": {"row_id": "V50-R03", "vineyard_id": "V50", "length_m": 33.95, "row_structure": "disrupted", "gap_count": 2, "max_gap_m": 20.41, "vine_count": 8, "canopy_count": 13, "canopy_area_m2": 5.76, "tile_count": 1, "tiles": ["siret3_r037_c022.tif"]}, "geometry": {"type": "LineString", "coordinates": [[630125.705, 5219302.407], [630148.896, 5219277.605]]}}, {"type": "Feature", "properties": {"row_id": "V50-R02", "vineyard_id": "V50", "length_m": 7.67, "row_structure": "regular", "gap_count": 0, "max_gap_m": 2.57, "vine_count": 5, "canopy_count": 5, "canopy_area_m2": 2.73, "tile_count": 1, "tiles": ["siret3_r037_c022.tif"]}, "geometry": {"type": "LineString", "coordinates": [[630138.51, 5219286.831], [630133.122, 5219292.292]]}}, {"type": "Feature", "properties": {"row_id": "V50-R01", "vineyard_id": "V50", "length_m": 16.64, "row_structure": "regular", "gap_count": 0, "max_gap_m": 4.18, "vine_count": 8, "canopy_count": 8, "canopy_area_m2": 5.35, "tile_count": 2, "tiles": ["siret3_r037_c022.tif", "siret3_r038_c022.tif"]}, "geometry": {"type": "LineString", "coordinates": [[630139.668, 5219283.48], [630151.737, 5219272.024]]}}, {"type": "Feature", "properties": {"row_id": "V31-R08", "vineyard_id": "V31", "length_m": 19.22, "row_structure": "disrupted", "gap_count": 1, "max_gap_m": 18.22, "vine_count": 2, "canopy_count": 2, "canopy_area_m2": 0.58, "tile_count": 1, "tiles": ["siret3_r037_c023.tif"]}, "geometry": {"type": "LineString", "coordinates": [[630191.373, 5219321.267], [630207.383, 5219310.631]]}}, {"type": "Feature", "properties": {"row_id": "V31-R10", "vineyard_id": "V31", "length_m": 47.02, "row_structure": "disrupted", "gap_count": 3, "max_gap_m": 23.01, "vine_count": 4, "canopy_count": 5, "canopy_area_m2": 2.95, "tile_count": 1, "tiles": ["siret3_r037_c023.tif"]}, "geometry": {"type": "LineString", "coordinates": [[630220.351, 5219299.613], [630181.008, 5219325.363]]}}, {"type": "Feature", "properties": {"row_id": "V33-R17", "vineyard_id": "V33", "length_m": 33.61, "row_structure": "disrupted", "gap_count": 1, "max_gap_m": 5.35, "vine_count": 12, "canopy_count": 12, "canopy_area_m2": 9.38, "tile_count": 3, "tiles": ["siret3_r037_c023.tif", "siret3_r038_c023.tif", "siret3_r038_c024.tif"]}, "geometry": {"type": "LineString", "coordinates": [[630200.824, 5219289.55], [630227.385, 5219268.957]]}}, {"type": "Feature", "properties": {"row_id": "V33-R16", "vineyard_id": "V33", "length_m": 8.73, "row_structure": "regular", "gap_count": 0, "max_gap_m": 2.65, "vine_count": 5, "canopy_count": 6, "canopy_area_m2": 2.56, "tile_count": 1, "tiles": ["siret3_r037_c023.tif"]}, "geometry": {"type": "LineString", "coordinates": [[630209.341, 5219279.261], [630202.504, 5219284.685]]}}, {"type": "Feature", "properties": {"row_id": "V33-R14", "vineyard_id": "V33", "length_m": 56.81, "row_structure": "disrupted", "gap_count": 1, "max_gap_m": 31.66, "vine_count": 18, "canopy_count": 35, "canopy_area_m2": 20.08, "tile_count": 3, "tiles": ["siret3_r037_c023.tif", "siret3_r038_c023.tif", "siret3_r038_c024.tif"]}, "geometry": {"type": "LineString", "coordinates": [[630180.616, 5219294.408], [630195.694, 5219282.962], [630211.99, 5219273.303], [630227.053, 5219261.836]]}}, {"type": "Feature", "properties": {"row_id": "V33-R12", "vineyard_id": "V33", "length_m": 58.96, "row_structure": "regular", "gap_count": 0, "max_gap_m": 3.99, "vine_count": 30, "canopy_count": 30, "canopy_area_m2": 18.23, "tile_count": 3, "tiles": ["siret3_r037_c023.tif", "siret3_r038_c023.tif", "siret3_r038_c024.tif"]}, "geometry": {"type": "LineString", "coordinates": [[630183.038, 5219289.044], [630214.174, 5219265.048], [630229.674, 5219252.963]]}}, {"type": "Feature", "properties": {"row_id": "V33-R11", "vineyard_id": "V33", "length_m": 54.31, "row_structure": "disrupted", "gap_count": 3, "max_gap_m": 12.09, "vine_count": 16, "canopy_count": 16, "canopy_area_m2": 8.14, "tile_count": 3, "tiles": ["siret3_r037_c023.tif", "siret3_r038_c023.tif", "siret3_r038_c024.tif"]}, "geometry": {"type": "LineString", "coordinates": [[630179.512, 5219288.546], [630207.944, 5219266.125], [630222.21, 5219254.977]]}}, {"type": "Feature", "properties": {"row_id": "V33-R10", "vineyard_id": "V33", "length_m": 21.31, "row_structure": "disrupted", "gap_count": 1, "max_gap_m": 12.7, "vine_count": 5, "canopy_count": 7, "canopy_area_m2": 3.87, "tile_count": 1, "tiles": ["siret3_r037_c023.tif"]}, "geometry": {"type": "LineString", "coordinates": [[630175.511, 5219287.62], [630193.909, 5219276.861]]}}, {"type": "Feature", "properties": {"row_id": "V33-R08", "vineyard_id": "V33", "length_m": 73.7, "row_structure": "disrupted", "gap_count": 4, "max_gap_m": 12.35, "vine_count": 28, "canopy_count": 28, "canopy_area_m2": 18.32, "tile_count": 3, "tiles": ["siret3_r037_c023.tif", "siret3_r038_c023.tif", "siret3_r038_c024.tif"]}, "geometry": {"type": "LineString", "coordinates": [[630181.064, 5219280.397], [630195.646, 5219269.132], [630239.208, 5219235.102]]}}, {"type": "Feature", "properties": {"row_id": "V33-R07", "vineyard_id": "V33", "length_m": 11.94, "row_structure": "regular", "gap_count": 0, "max_gap_m": 2.39, "vine_count": 9, "canopy_count": 10, "canopy_area_m2": 4.2, "tile_count": 1, "tiles": ["siret3_r037_c023.tif"]}, "geometry": {"type": "LineString", "coordinates": [[630181.253, 5219276.889], [630171.952, 5219284.375]]}}, {"type": "Feature", "properties": {"row_id": "V33-R05", "vineyard_id": "V33", "length_m": 7.41, "row_structure": "disrupted", "gap_count": 1, "max_gap_m": 5.81, "vine_count": 3, "canopy_count": 4, "canopy_area_m2": 1.72, "tile_count": 1, "tiles": ["siret3_r037_c023.tif"]}, "geometry": {"type": "LineString", "coordinates": [[630171.478, 5219280.842], [630177.345, 5219276.314]]}}, {"type": "Feature", "properties": {"row_id": "V31-R18", "vineyard_id": "V31", "length_m": 6.12, "row_structure": "regular", "gap_count": 0, "max_gap_m": 2.44, "vine_count": 5, "canopy_count": 5, "canopy_area_m2": 2.17, "tile_count": 1, "tiles": ["siret3_r037_c023.tif"]}, "geometry": {"type": "LineString", "coordinates": [[630216.759, 5219299.938], [630213.815, 5219294.577]]}}, {"type": "Feature", "properties": {"row_id": "V47-R04", "vineyard_id": "V47", "length_m": 34.67, "row_structure": "disrupted", "gap_count": 2, "max_gap_m": 14.52, "vine_count": 12, "canopy_count": 13, "canopy_area_m2": 12.87, "tile_count": 2, "tiles": ["siret3_r037_c025.tif", "siret3_r038_c025.tif"]}, "geometry": {"type": "LineString", "coordinates": [[630301.261, 5219280.86], [630281.216, 5219252.567]]}}, {"type": "Feature", "properties": {"row_id": "V47-R03", "vineyard_id": "V47", "length_m": 46.81, "row_structure": "disrupted", "gap_count": 3, "max_gap_m": 10.36, "vine_count": 17, "canopy_count": 17, "canopy_area_m2": 18.87, "tile_count": 2, "tiles": ["siret3_r037_c025.tif", "siret3_r038_c025.tif"]}, "geometry": {"type": "LineString", "coordinates": [[630306.869, 5219292.128], [630297.603, 5219279.576], [630279.33, 5219254.282]]}}, {"type": "Feature", "properties": {"row_id": "V32-R05", "vineyard_id": "V32", "length_m": 34.53, "row_structure": "disrupted", "gap_count": 2, "max_gap_m": 12.38, "vine_count": 11, "canopy_count": 11, "canopy_area_m2": 5.13, "tile_count": 1, "tiles": ["siret3_r037_c025.tif"]}, "geometry": {"type": "LineString", "coordinates": [[630306.147, 5219312.421], [630286.992, 5219283.694]]}}, {"type": "Feature", "properties": {"row_id": "V32-R04", "vineyard_id": "V32", "length_m": 70.41, "row_structure": "regular", "gap_count": 0, "max_gap_m": 4.88, "vine_count": 46, "canopy_count": 46, "canopy_area_m2": 23.91, "tile_count": 3, "tiles": ["siret3_r037_c025.tif", "siret3_r038_c024.tif", "siret3_r038_c025.tif"]}, "geometry": {"type": "LineString", "coordinates": [[630304.285, 5219313.504], [630264.726, 5219255.253]]}}, {"type": "Feature", "properties": {"row_id": "V32-R03", "vineyard_id": "V32", "length_m": 60.43, "row_structure": "disrupted", "gap_count": 1, "max_gap_m": 7.61, "vine_count": 35, "canopy_count": 35, "canopy_area_m2": 16.84, "tile_count": 3, "tiles": ["siret3_r037_c025.tif", "siret3_r038_c024.tif", "siret3_r038_c025.tif"]}, "geometry": {"type": "LineString", "coordinates": [[630267.247, 5219265.381], [630299.997, 5219316.171]]}}, {"type": "Feature", "properties": {"row_id": "V32-R02", "vineyard_id": "V32", "length_m": 74.27, "row_structure": "disrupted", "gap_count": 3, "max_gap_m": 8.3, "vine_count": 38, "canopy_count": 38, "canopy_area_m2": 21.54, "tile_count": 2, "tiles": ["siret3_r037_c025.tif", "siret3_r038_c024.tif"]}, "geometry": {"type": "LineString", "coordinates": [[630259.644, 5219258.043], [630299.615, 5219320.636]]}}, {"type": "Feature", "properties": {"row_id": "V44-R04", "vineyard_id": "V44", "length_m": 14.54, "row_structure": "disrupted", "gap_count": 1, "max_gap_m": 5.86, "vine_count": 5, "canopy_count": 5, "canopy_area_m2": 9.07, "tile_count": 1, "tiles": ["siret3_r037_c026.tif"]}, "geometry": {"type": "LineString", "coordinates": [[630352.786, 5219327.925], [630343.382, 5219316.837]]}}, {"type": "Feature", "properties": {"row_id": "V43-R05", "vineyard_id": "V43", "length_m": 49.04, "row_structure": "disrupted", "gap_count": 1, "max_gap_m": 48.04, "vine_count": 2, "canopy_count": 9, "canopy_area_m2": 5.13, "tile_count": 1, "tiles": ["siret3_r038_c023.tif"]}, "geometry": {"type": "LineString", "coordinates": [[630177.198, 5219259.468], [630216.689, 5219230.398]]}}, {"type": "Feature", "properties": {"row_id": "V33-R15", "vineyard_id": "V33", "length_m": 10.7, "row_structure": "disrupted", "gap_count": 1, "max_gap_m": 6.0, "vine_count": 6, "canopy_count": 6, "canopy_area_m2": 2.68, "tile_count": 2, "tiles": ["siret3_r038_c023.tif", "siret3_r038_c024.tif"]}, "geometry": {"type": "LineString", "coordinates": [[630215.548, 5219274.36], [630224.047, 5219267.862]]}}, {"type": "Feature", "properties": {"row_id": "V33-R13", "vineyard_id": "V33", "length_m": 31.72, "row_structure": "regular", "gap_count": 0, "max_gap_m": 4.58, "vine_count": 16, "canopy_count": 16, "canopy_area_m2": 9.53, "tile_count": 2, "tiles": ["siret3_r038_c023.tif", "siret3_r038_c024.tif"]}, "geometry": {"type": "LineString", "coordinates": [[630203.481, 5219276.746], [630228.547, 5219257.302]]}}, {"type": "Feature", "properties": {"row_id": "V33-R09", "vineyard_id": "V33", "length_m": 61.19, "row_structure": "disrupted", "gap_count": 3, "max_gap_m": 11.79, "vine_count": 19, "canopy_count": 19, "canopy_area_m2": 13.44, "tile_count": 2, "tiles": ["siret3_r038_c023.tif", "siret3_r038_c024.tif"]}, "geometry": {"type": "LineString", "coordinates": [[630190.424, 5219276.691], [630238.59, 5219238.95]]}}, {"type": "Feature", "properties": {"row_id": "V33-R03", "vineyard_id": "V33", "length_m": 5.89, "row_structure": "regular", "gap_count": 0, "max_gap_m": 2.85, "vine_count": 4, "canopy_count": 5, "canopy_area_m2": 4.47, "tile_count": 1, "tiles": ["siret3_r038_c023.tif"]}, "geometry": {"type": "LineString", "coordinates": [[630214.792, 5219243.553], [630219.305, 5219239.775]]}}, {"type": "Feature", "properties": {"row_id": "V43-R04", "vineyard_id": "V43", "length_m": 46.59, "row_structure": "disrupted", "gap_count": 2, "max_gap_m": 7.52, "vine_count": 18, "canopy_count": 18, "canopy_area_m2": 11.1, "tile_count": 2, "tiles": ["siret3_r038_c023.tif", "siret3_r039_c023.tif"]}, "geometry": {"type": "LineString", "coordinates": [[630214.353, 5219223.145], [630177.56, 5219251.722]]}}, {"type": "Feature", "properties": {"row_id": "V43-R03", "vineyard_id": "V43", "length_m": 42.02, "row_structure": "disrupted", "gap_count": 3, "max_gap_m": 15.16, "vine_count": 12, "canopy_count": 12, "canopy_area_m2": 7.0, "tile_count": 1, "tiles": ["siret3_r038_c023.tif"]}, "geometry": {"type": "LineString", "coordinates": [[630206.39, 5219225.709], [630173.453, 5219251.798]]}}, {"type": "Feature", "properties": {"row_id": "V33-R06", "vineyard_id": "V33", "length_m": 11.39, "row_structure": "disrupted", "gap_count": 1, "max_gap_m": 5.4, "vine_count": 4, "canopy_count": 5, "canopy_area_m2": 4.71, "tile_count": 1, "tiles": ["siret3_r038_c024.tif"]}, "geometry": {"type": "LineString", "coordinates": [[630220.931, 5219245.737], [630229.837, 5219238.63]]}}, {"type": "Feature", "properties": {"row_id": "V33-R04", "vineyard_id": "V33", "length_m": 8.51, "row_structure": "regular", "gap_count": 0, "max_gap_m": 1.87, "vine_count": 6, "canopy_count": 6, "canopy_area_m2": 6.6, "tile_count": 1, "tiles": ["siret3_r038_c024.tif"]}, "geometry": {"type": "LineString", "coordinates": [[630221.141, 5219242.034], [630227.86, 5219236.807]]}}, {"type": "Feature", "properties": {"row_id": "V33-R02", "vineyard_id": "V33", "length_m": 14.22, "row_structure": "regular", "gap_count": 0, "max_gap_m": 4.31, "vine_count": 6, "canopy_count": 6, "canopy_area_m2": 6.87, "tile_count": 1, "tiles": ["siret3_r038_c024.tif"]}, "geometry": {"type": "LineString", "coordinates": [[630220.665, 5219239.012], [630231.498, 5219229.808]]}}, {"type": "Feature", "properties": {"row_id": "V33-R01", "vineyard_id": "V33", "length_m": 3.31, "row_structure": "regular", "gap_count": 0, "max_gap_m": 2.31, "vine_count": 2, "canopy_count": 2, "canopy_area_m2": 2.81, "tile_count": 1, "tiles": ["siret3_r038_c024.tif"]}, "geometry": {"type": "LineString", "coordinates": [[630221.074, 5219235.005], [630223.656, 5219232.927]]}}, {"type": "Feature", "properties": {"row_id": "V47-R05", "vineyard_id": "V47", "length_m": 14.18, "row_structure": "disrupted", "gap_count": 1, "max_gap_m": 9.35, "vine_count": 5, "canopy_count": 6, "canopy_area_m2": 7.4, "tile_count": 1, "tiles": ["siret3_r038_c025.tif"]}, "geometry": {"type": "LineString", "coordinates": [[630282.153, 5219249.773], [630290.3, 5219261.379]]}}, {"type": "Feature", "properties": {"row_id": "V47-R02", "vineyard_id": "V47", "length_m": 13.7, "row_structure": "disrupted", "gap_count": 1, "max_gap_m": 5.41, "vine_count": 8, "canopy_count": 8, "canopy_area_m2": 6.72, "tile_count": 1, "tiles": ["siret3_r038_c025.tif"]}, "geometry": {"type": "LineString", "coordinates": [[630283.92, 5219265.318], [630276.324, 5219253.916]]}}, {"type": "Feature", "properties": {"row_id": "V47-R01", "vineyard_id": "V47", "length_m": 22.87, "row_structure": "disrupted", "gap_count": 1, "max_gap_m": 20.41, "vine_count": 3, "canopy_count": 4, "canopy_area_m2": 4.55, "tile_count": 2, "tiles": ["siret3_r037_c025.tif", "siret3_r038_c025.tif"]}, "geometry": {"type": "LineString", "coordinates": [[630290.351, 5219277.877], [630276.926, 5219259.358]]}}, {"type": "Feature", "properties": {"row_id": "V43-R02", "vineyard_id": "V43", "length_m": 3.18, "row_structure": "regular", "gap_count": 0, "max_gap_m": 1.46, "vine_count": 3, "canopy_count": 3, "canopy_area_m2": 1.22, "tile_count": 1, "tiles": ["siret3_r039_c023.tif"]}, "geometry": {"type": "LineString", "coordinates": [[630210.887, 5219221.674], [630213.787, 5219220.371]]}}, {"type": "Feature", "properties": {"row_id": "V43-R01", "vineyard_id": "V43", "length_m": 19.37, "row_structure": "disrupted", "gap_count": 1, "max_gap_m": 18.37, "vine_count": 2, "canopy_count": 2, "canopy_area_m2": 2.46, "tile_count": 1, "tiles": ["siret3_r039_c023.tif"]}, "geometry": {"type": "LineString", "coordinates": [[630202.714, 5219225.031], [630219.661, 5219215.645]]}}]}