{"type": "FeatureCollection", "name": "siret3_inspection_targets", "crs": {"type": "name", "properties": {"name": "urn:ogc:def:crs:EPSG::32635"}}, "features": [{"type": "Feature", "properties": {"target_id": "T0001", "type": "row_gap", "vineyard_id": "V35", "row_id": "V35-R66", "gap_m": 5.01, "x": 629244.62, "y": 5220937.34}, "geometry": {"type": "Point", "coordinates": [629244.62, 5220937.34]}}, {"type": "Feature", "properties": {"target_id": "T0002", "type": "row_gap", "vineyard_id": "V35", "row_id": "V35-R66", "gap_m": 6.11, "x": 629241.93, "y": 5220943.86}, "geometry": {"type": "Point", "coordinates": [629241.93, 5220943.86]}}, {"type": "Feature", "properties": {"target_id": "T0003", "type": "row_gap", "vineyard_id": "V35", "row_id": "V35-R64", "gap_m": 10.55, "x": 629238.19, "y": 5220940.41}, "geometry": {"type": "Point", "coordinates": [629238.19, 5220940.41]}}, {"type": "Feature", "properties": {"target_id": "T0004", "type": "row_gap", "vineyard_id": "V35", "row_id": "V35-R64", "gap_m": 5.88, "x": 629245.8, "y": 5220922.11}, "geometry": {"type": "Point", "coordinates": [629245.8, 5220922.11]}}, {"type": "Feature", "properties": {"target_id": "T0005", "type": "row_gap", "vineyard_id": "V35", "row_id": "V35-R63", "gap_m": 7.64, "x": 629241.48, "y": 5220926.12}, "geometry": {"type": "Point", "coordinates": [629241.48, 5220926.12]}}, {"type": "Feature", "properties": {"target_id": "T0006", "type": "row_gap", "vineyard_id": "V35", "row_id": "V35-R59", "gap_m": 6.87, "x": 629245.04, "y": 5220891.3}, "geometry": {"type": "Point", "coordinates": [629245.04, 5220891.3]}}, {"type": "Feature", "properties": {"target_id": "T0007", "type": "row_gap", "vineyard_id": "V35", "row_id": "V35-R58", "gap_m": 6.75, "x": 629226.74, "y": 5220927.97}, "geometry": {"type": "Point", "coordinates": [629226.74, 5220927.97]}}, {"type": "Feature", "properties": {"target_id": "T0008", "type": "row_gap", "vineyard_id": "V35", "row_id": "V35-R58", "gap_m": 6.38, "x": 629236.88, "y": 5220903.91}, "geometry": {"type": "Point", "coordinates": [629236.88, 5220903.91]}}, {"type": "Feature", "properties": {"target_id": "T0009", "type": "row_gap", "vineyard_id": "V35", "row_id": "V35-R57", "gap_m": 7.21, "x": 629223.96, "y": 5220927.76}, "geometry": {"type": "Point", "coordinates": [629223.96, 5220927.76]}}, {"type": "Feature", "properties": {"target_id": "T0010", "type": "row_gap", "vineyard_id": "V35", "row_id": "V35-R57", "gap_m": 6.15, "x": 629226.58, "y": 5220921.61}, "geometry": {"type": "Point", "coordinates": [629226.58, 5220921.61]}}, {"type": "Feature", "properties": {"target_id": "T0011", "type": "row_gap", "vineyard_id": "V35", "row_id": "V35-R57", "gap_m": 10.79, "x": 629230.49, "y": 5220912.43}, "geometry": {"type": "Point", "coordinates": [629230.49, 5220912.43]}}, {"type": "Feature", "properties": {"target_id": "T0012", "type": "row_gap", "vineyard_id": "V35", "row_id": "V35-R56", "gap_m": 6.45, "x": 629220.78, "y": 5220928.68}, "geometry": {"type": "Point", "coordinates": [629220.78, 5220928.68]}}, {"type": "Feature", "properties": {"target_id": "T0013", "type": "row_gap", "vineyard_id": "V35", "row_id": "V35-R56", "gap_m": 8.86, "x": 629225.73, "y": 5220916.98}, "geometry": {"type": "Point", "coordinates": [629225.73, 5220916.98]}}, {"type": "Feature", "properties": {"target_id": "T0014", "type": "row_gap", "vineyard_id": "V35", "row_id": "V35-R56", "gap_m": 10.21, "x": 629235.03, "y": 5220895.0}, "geometry": {"type": "Point", "coordinates": [629235.03, 5220895.0]}}, {"type": "Feature", "properties": {"target_id": "T0015", "type": "row_gap", "vineyard_id": "V35", "row_id": "V35-R56", "gap_m": 5.26, "x": 629239.49, "y": 5220884.45}, "geometry": {"type": "Point", "coordinates": [629239.49, 5220884.45]}}, {"type": "Feature", "properties": {"target_id": "T0016", "type": "row_gap", "vineyard_id": "V35", "row_id": "V35-R55", "gap_m": 7.21, "x": 629224.36, "y": 5220913.95}, "geometry": {"type": "Point", "coordinates": [629224.36, 5220913.95]}}, {"type": "Feature", "properties": {"target_id": "T0017", "type": "row_gap", "vineyard_id": "V35", "row_id": "V35-R55", "gap_m": 6.93, "x": 629230.51, "y": 5220899.36}, "geometry": {"type": "Point", "coordinates": [629230.51, 5220899.36]}}, {"type": "Feature", "properties": {"target_id": "T0018", "type": "row_gap", "vineyard_id": "V35", "row_id": "V35-R55", "gap_m": 5.32, "x": 629234.27, "y": 5220890.41}, "geometry": {"type": "Point", "coordinates": [629234.27, 5220890.41]}}, {"type": "Feature", "properties": {"target_id": "T0019", "type": "row_gap", "vineyard_id": "V35", "row_id": "V35-R54", "gap_m": 11.54, "x": 629224.18, "y": 5220908.07}, "geometry": {"type": "Point", "coordinates": [629224.18, 5220908.07]}}, {"type": "Feature", "properties": {"target_id": "T0020", "type": "row_gap", "vineyard_id": "V35", "row_id": "V35-R53", "gap_m": 6.01, "x": 629219.27, "y": 5220912.61}, "geometry": {"type": "Point", "coordinates": [629219.27, 5220912.61]}}, {"type": "Feature", "properties": {"target_id": "T0021", "type": "row_gap", "vineyard_id": "V35", "row_id": "V35-R53", "gap_m": 11.06, "x": 629223.9, "y": 5220901.6}, "geometry": {"type": "Point", "coordinates": [629223.9, 5220901.6]}}, {"type": "Feature", "properties": {"target_id": "T0022", "type": "row_gap", "vineyard_id": "V35", "row_id": "V35-R52", "gap_m": 6.07, "x": 629213.17, "y": 5220920.77}, "geometry": {"type": "Point", "coordinates": [629213.17, 5220920.77]}}, {"type": "Feature", "properties": {"target_id": "T0023", "type": "row_gap", "vineyard_id": "V35", "row_id": "V35-R51", "gap_m": 5.73, "x": 629208.81, "y": 5220924.46}, "geometry": {"type": "Point", "coordinates": [629208.81, 5220924.46]}}, {"type": "Feature", "properties": {"target_id": "T0024", "type": "row_gap", "vineyard_id": "V35", "row_id": "V35-R50", "gap_m": 6.38, "x": 629207.17, "y": 5220921.8}, "geometry": {"type": "Point", "coordinates": [629207.17, 5220921.8]}}, {"type": "Feature", "properties": {"target_id": "T0025", "type": "row_gap", "vineyard_id": "V35", "row_id": "V35-R50", "gap_m": 5.58, "x": 629212.23, "y": 5220909.76}, "geometry": {"type": "Point", "coordinates": [629212.23, 5220909.76]}}, {"type": "Feature", "properties": {"target_id": "T0026", "type": "row_gap", "vineyard_id": "V35", "row_id": "V35-R48", "gap_m": 14.6, "x": 629208.46, "y": 5220904.92}, "geometry": {"type": "Point", "coordinates": [629208.46, 5220904.92]}}, {"type": "Feature", "properties": {"target_id": "T0027", "type": "row_gap", "vineyard_id": "V35", "row_id": "V35-R48", "gap_m": 14.38, "x": 629218.35, "y": 5220881.86}, "geometry": {"type": "Point", "coordinates": [629218.35, 5220881.86]}}, {"type": "Feature", "properties": {"target_id": "T0028", "type": "row_gap", "vineyard_id": "V35", "row_id": "V35-R46", "gap_m": 29.21, "x": 629206.06, "y": 5220897.72}, "geometry": {"type": "Point", "coordinates": [629206.06, 5220897.72]}}, {"type": "Feature", "properties": {"target_id": "T0029", "type": "row_gap", "vineyard_id": "V35", "row_id": "V35-R46", "gap_m": 5.99, "x": 629213.14, "y": 5220880.73}, "geometry": {"type": "Point", "coordinates": [629213.14, 5220880.73]}}, {"type": "Feature", "properties": {"target_id": "T0030", "type": "row_gap", "vineyard_id": "V02", "row_id": "V02-R50", "gap_m": 5.27, "x": 629228.9, "y": 5220843.91}, "geometry": {"type": "Point", "coordinates": [629228.9, 5220843.91]}}, {"type": "Feature", "properties": {"target_id": "T0031", "type": "row_gap", "vineyard_id": "V02", "row_id": "V02-R50", "gap_m": 5.25, "x": 629238.73, "y": 5220819.81}, "geometry": {"type": "Point", "coordinates": [629238.73, 5220819.81]}}, {"type": "Feature", "properties": {"target_id": "T0032", "type": "row_gap", "vineyard_id": "V02", "row_id": "V02-R50", "gap_m": 7.53, "x": 629244.93, "y": 5220804.61}, "geometry": {"type": "Point", "coordinates": [629244.93, 5220804.61]}}, {"type": "Feature", "properties": {"target_id": "T0033", "type": "row_gap", "vineyard_id": "V35", "row_id": "V35-R22", "gap_m": 15.1, "x": 629161.28, "y": 5220847.39}, "geometry": {"type": "Point", "coordinates": [629161.28, 5220847.39]}}, {"type": "Feature", "properties": {"target_id": "T0034", "type": "row_gap", "vineyard_id": "V02", "row_id": "V02-R25", "gap_m": 9.04, "x": 629215.83, "y": 5220714.82}, "geometry": {"type": "Point", "coordinates": [629215.83, 5220714.82]}}, {"type": "Feature", "properties": {"target_id": "T0035", "type": "row_gap", "vineyard_id": "V35", "row_id": "V35-R21", "gap_m": 5.67, "x": 629145.86, "y": 5220877.4}, "geometry": {"type": "Point", "coordinates": [629145.86, 5220877.4]}}, {"type": "Feature", "properties": {"target_id": "T0036", "type": "row_gap", "vineyard_id": "V35", "row_id": "V35-R21", "gap_m": 8.25, "x": 629149.2, "y": 5220869.46}, "geometry": {"type": "Point", "coordinates": [629149.2, 5220869.46]}}, {"type": "Feature", "properties": {"target_id": "T0037", "type": "row_gap", "vineyard_id": "V35", "row_id": "V35-R21", "gap_m": 7.16, "x": 629152.75, "y": 5220861.01}, "geometry": {"type": "Point", "coordinates": [629152.75, 5220861.01]}}, {"type": "Feature", "properties": {"target_id": "T0038", "type": "row_gap", "vineyard_id": "V35", "row_id": "V35-R21", "gap_m": 17.28, "x": 629159.13, "y": 5220845.85}, "geometry": {"type": "Point", "coordinates": [629159.13, 5220845.85]}}, {"type": "Feature", "properties": {"target_id": "T0039", "type": "row_gap", "vineyard_id": "V02", "row_id": "V02-R24", "gap_m": 7.29, "x": 629174.94, "y": 5220807.78}, "geometry": {"type": "Point", "coordinates": [629174.94, 5220807.78]}}, {"type": "Feature", "properties": {"target_id": "T0040", "type": "row_gap", "vineyard_id": "V35", "row_id": "V35-R20", "gap_m": 11.35, "x": 629144.67, "y": 5220873.23}, "geometry": {"type": "Point", "coordinates": [629144.67, 5220873.23]}}, {"type": "Feature", "properties": {"target_id": "T0041", "type": "row_gap", "vineyard_id": "V35", "row_id": "V35-R20", "gap_m": 5.42, "x": 629147.96, "y": 5220865.51}, "geometry": {"type": "Point", "coordinates": [629147.96, 5220865.51]}}, {"type": "Feature", "properties": {"target_id": "T0042", "type": "row_gap", "vineyard_id": "V35", "row_id": "V35-R19", "gap_m": 12.13, "x": 629154.74, "y": 5220843.74}, "geometry": {"type": "Point", "coordinates": [629154.74, 5220843.74]}}, {"type": "Feature", "properties": {"target_id": "T0043", "type": "row_gap", "vineyard_id": "V02", "row_id": "V02-R22", "gap_m": 6.02, "x": 629165.56, "y": 5220817.55}, "geometry": {"type": "Point", "coordinates": [629165.56, 5220817.55]}}, {"type": "Feature", "properties": {"target_id": "T0044", "type": "row_gap", "vineyard_id": "V02", "row_id": "V02-R22", "gap_m": 5.44, "x": 629187.7, "y": 5220763.17}, "geometry": {"type": "Point", "coordinates": [629187.7, 5220763.17]}}, {"type": "Feature", "properties": {"target_id": "T0045", "type": "row_gap", "vineyard_id": "V02", "row_id": "V02-R22", "gap_m": 6.21, "x": 629203.87, "y": 5220723.46}, "geometry": {"type": "Point", "coordinates": [629203.87, 5220723.46]}}, {"type": "Feature", "properties": {"target_id": "T0046", "type": "row_gap", "vineyard_id": "V35", "row_id": "V35-R18", "gap_m": 7.89, "x": 629143.09, "y": 5220864.11}, "geometry": {"type": "Point", "coordinates": [629143.09, 5220864.11]}}, {"type": "Feature", "properties": {"target_id": "T0047", "type": "row_gap", "vineyard_id": "V02", "row_id": "V02-R21", "gap_m": 8.36, "x": 629176.91, "y": 5220783.15}, "geometry": {"type": "Point", "coordinates": [629176.91, 5220783.15]}}, {"type": "Feature", "properties": {"target_id": "T0048", "type": "row_gap", "vineyard_id": "V02", "row_id": "V02-R21", "gap_m": 14.27, "x": 629191.15, "y": 5220748.34}, "geometry": {"type": "Point", "coordinates": [629191.15, 5220748.34]}}, {"type": "Feature", "properties": {"target_id": "T0049", "type": "row_gap", "vineyard_id": "V35", "row_id": "V35-R16", "gap_m": 11.51, "x": 629142.62, "y": 5220852.71}, "geometry": {"type": "Point", "coordinates": [629142.62, 5220852.71]}}, {"type": "Feature", "properties": {"target_id": "T0050", "type": "row_gap", "vineyard_id": "V02", "row_id": "V02-R19", "gap_m": 5.74, "x": 629173.52, "y": 5220777.89}, "geometry": {"type": "Point", "coordinates": [629173.52, 5220777.89]}}, {"type": "Feature", "properties": {"target_id": "T0051", "type": "row_gap", "vineyard_id": "V35", "row_id": "V35-R15", "gap_m": 5.46, "x": 629139.47, "y": 5220853.66}, "geometry": {"type": "Point", "coordinates": [629139.47, 5220853.66]}}, {"type": "Feature", "properties": {"target_id": "T0052", "type": "row_gap", "vineyard_id": "V35", "row_id": "V35-R15", "gap_m": 6.16, "x": 629147.3, "y": 5220834.93}, "geometry": {"type": "Point", "coordinates": [629147.3, 5220834.93]}}, {"type": "Feature", "properties": {"target_id": "T0053", "type": "row_gap", "vineyard_id": "V02", "row_id": "V02-R18", "gap_m": 6.3, "x": 629165.22, "y": 5220791.16}, "geometry": {"type": "Point", "coordinates": [629165.22, 5220791.16]}}, {"type": "Feature", "properties": {"target_id": "T0054", "type": "row_gap", "vineyard_id": "V02", "row_id": "V02-R18", "gap_m": 5.52, "x": 629181.34, "y": 5220752.07}, "geometry": {"type": "Point", "coordinates": [629181.34, 5220752.07]}}, {"type": "Feature", "properties": {"target_id": "T0055", "type": "row_gap", "vineyard_id": "V02", "row_id": "V02-R18", "gap_m": 11.33, "x": 629189.7, "y": 5220731.81}, "geometry": {"type": "Point", "coordinates": [629189.7, 5220731.81]}}, {"type": "Feature", "properties": {"target_id": "T0056", "type": "row_gap", "vineyard_id": "V35", "row_id": "V35-R14", "gap_m": 12.73, "x": 629141.34, "y": 5220842.64}, "geometry": {"type": "Point", "coordinates": [629141.34, 5220842.64]}}, {"type": "Feature", "properties": {"target_id": "T0057", "type": "row_gap", "vineyard_id": "V02", "row_id": "V02-R17", "gap_m": 15.32, "x": 629186.84, "y": 5220732.07}, "geometry": {"type": "Point", "coordinates": [629186.84, 5220732.07]}}, {"type": "Feature", "properties": {"target_id": "T0058", "type": "row_gap", "vineyard_id": "V35", "row_id": "V35-R13", "gap_m": 15.07, "x": 629139.75, "y": 5220839.62}, "geometry": {"type": "Point", "coordinates": [629139.75, 5220839.62]}}, {"type": "Feature", "properties": {"target_id": "T0059", "type": "row_gap", "vineyard_id": "V02", "row_id": "V02-R15", "gap_m": 6.83, "x": 629167.26, "y": 5220766.64}, "geometry": {"type": "Point", "coordinates": [629167.26, 5220766.64]}}, {"type": "Feature", "properties": {"target_id": "T0060", "type": "row_gap", "vineyard_id": "V02", "row_id": "V02-R15", "gap_m": 13.29, "x": 629181.04, "y": 5220732.95}, "geometry": {"type": "Point", "coordinates": [629181.04, 5220732.95]}}, {"type": "Feature", "properties": {"target_id": "T0061", "type": "row_gap", "vineyard_id": "V35", "row_id": "V35-R11", "gap_m": 14.3, "x": 629133.19, "y": 5220841.86}, "geometry": {"type": "Point", "coordinates": [629133.19, 5220841.86]}}, {"type": "Feature", "properties": {"target_id": "T0062", "type": "row_gap", "vineyard_id": "V02", "row_id": "V02-R14", "gap_m": 7.75, "x": 629160.82, "y": 5220775.05}, "geometry": {"type": "Point", "coordinates": [629160.82, 5220775.05]}}, {"type": "Feature", "properties": {"target_id": "T0063", "type": "row_gap", "vineyard_id": "V02", "row_id": "V02-R14", "gap_m": 5.06, "x": 629177.99, "y": 5220733.42}, "geometry": {"type": "Point", "coordinates": [629177.99, 5220733.42]}}, {"type": "Feature", "properties": {"target_id": "T0064", "type": "row_gap", "vineyard_id": "V35", "row_id": "V35-R10", "gap_m": 5.6, "x": 629131.24, "y": 5220840.23}, "geometry": {"type": "Point", "coordinates": [629131.24, 5220840.23]}}, {"type": "Feature", "properties": {"target_id": "T0065", "type": "row_gap", "vineyard_id": "V02", "row_id": "V02-R13", "gap_m": 6.35, "x": 629160.73, "y": 5220768.45}, "geometry": {"type": "Point", "coordinates": [629160.73, 5220768.45]}}, {"type": "Feature", "properties": {"target_id": "T0066", "type": "row_gap", "vineyard_id": "V02", "row_id": "V02-R13", "gap_m": 5.61, "x": 629181.1, "y": 5220718.96}, "geometry": {"type": "Point", "coordinates": [629181.1, 5220718.96]}}, {"type": "Feature", "properties": {"target_id": "T0067", "type": "row_gap", "vineyard_id": "V35", "row_id": "V35-R09", "gap_m": 6.71, "x": 629116.7, "y": 5220868.18}, "geometry": {"type": "Point", "coordinates": [629116.7, 5220868.18]}}, {"type": "Feature", "properties": {"target_id": "T0068", "type": "row_gap", "vineyard_id": "V35", "row_id": "V35-R09", "gap_m": 7.1, "x": 629124.95, "y": 5220848.48}, "geometry": {"type": "Point", "coordinates": [629124.95, 5220848.48]}}, {"type": "Feature", "properties": {"target_id": "T0069", "type": "row_gap", "vineyard_id": "V02", "row_id": "V02-R12", "gap_m": 9.18, "x": 629147.33, "y": 5220794.4}, "geometry": {"type": "Point", "coordinates": [629147.33, 5220794.4]}}, {"type": "Feature", "properties": {"target_id": "T0070", "type": "row_gap", "vineyard_id": "V02", "row_id": "V02-R12", "gap_m": 8.63, "x": 629152.68, "y": 5220781.39}, "geometry": {"type": "Point", "coordinates": [629152.68, 5220781.39]}}, {"type": "Feature", "properties": {"target_id": "T0071", "type": "row_gap", "vineyard_id": "V02", "row_id": "V02-R12", "gap_m": 10.22, "x": 629163.6, "y": 5220754.86}, "geometry": {"type": "Point", "coordinates": [629163.6, 5220754.86]}}, {"type": "Feature", "properties": {"target_id": "T0072", "type": "row_gap", "vineyard_id": "V02", "row_id": "V02-R12", "gap_m": 6.7, "x": 629170.26, "y": 5220738.67}, "geometry": {"type": "Point", "coordinates": [629170.26, 5220738.67]}}, {"type": "Feature", "properties": {"target_id": "T0073", "type": "row_gap", "vineyard_id": "V35", "row_id": "V35-R08", "gap_m": 5.99, "x": 629122.49, "y": 5220847.8}, "geometry": {"type": "Point", "coordinates": [629122.49, 5220847.8]}}, {"type": "Feature", "properties": {"target_id": "T0074", "type": "row_gap", "vineyard_id": "V35", "row_id": "V35-R08", "gap_m": 9.97, "x": 629128.45, "y": 5220833.39}, "geometry": {"type": "Point", "coordinates": [629128.45, 5220833.39]}}, {"type": "Feature", "properties": {"target_id": "T0075", "type": "row_gap", "vineyard_id": "V02", "row_id": "V02-R11", "gap_m": 7.37, "x": 629140.34, "y": 5220804.92}, "geometry": {"type": "Point", "coordinates": [629140.34, 5220804.92]}}, {"type": "Feature", "properties": {"target_id": "T0076", "type": "row_gap", "vineyard_id": "V02", "row_id": "V02-R11", "gap_m": 13.14, "x": 629149.91, "y": 5220781.61}, "geometry": {"type": "Point", "coordinates": [629149.91, 5220781.61]}}, {"type": "Feature", "properties": {"target_id": "T0077", "type": "row_gap", "vineyard_id": "V02", "row_id": "V02-R11", "gap_m": 12.27, "x": 629161.13, "y": 5220754.28}, "geometry": {"type": "Point", "coordinates": [629161.13, 5220754.28]}}, {"type": "Feature", "properties": {"target_id": "T0078", "type": "row_gap", "vineyard_id": "V35", "row_id": "V35-R45", "gap_m": 26.05, "x": 629201.78, "y": 5220901.74}, "geometry": {"type": "Point", "coordinates": [629201.78, 5220901.74]}}, {"type": "Feature", "properties": {"target_id": "T0079", "type": "row_gap", "vineyard_id": "V35", "row_id": "V35-R45", "gap_m": 8.43, "x": 629215.5, "y": 5220869.32}, "geometry": {"type": "Point", "coordinates": [629215.5, 5220869.32]}}, {"type": "Feature", "properties": {"target_id": "T0080", "type": "row_gap", "vineyard_id": "V02", "row_id": "V02-R49", "gap_m": 6.09, "x": 629231.87, "y": 5220829.77}, "geometry": {"type": "Point", "coordinates": [629231.87, 5220829.77]}}, {"type": "Feature", "properties": {"target_id": "T0081", "type": "row_gap", "vineyard_id": "V02", "row_id": "V02-R49", "gap_m": 15.88, "x": 629236.35, "y": 5220818.77}, "geometry": {"type": "Point", "coordinates": [629236.35, 5220818.77]}}, {"type": "Feature", "properties": {"target_id": "T0082", "type": "row_gap", "vineyard_id": "V02", "row_id": "V02-R49", "gap_m": 7.71, "x": 629243.88, "y": 5220800.25}, "geometry": {"type": "Point", "coordinates": [629243.88, 5220800.25]}}, {"type": "Feature", "properties": {"target_id": "T0083", "type": "row_gap", "vineyard_id": "V02", "row_id": "V02-R49", "gap_m": 8.97, "x": 629252.14, "y": 5220779.96}, "geometry": {"type": "Point", "coordinates": [629252.14, 5220779.96]}}, {"type": "Feature", "properties": {"target_id": "T0084", "type": "row_gap", "vineyard_id": "V02", "row_id": "V02-R49", "gap_m": 12.71, "x": 629256.22, "y": 5220769.92}, "geometry": {"type": "Point", "coordinates": [629256.22, 5220769.92]}}, {"type": "Feature", "properties": {"target_id": "T0085", "type": "row_gap", "vineyard_id": "V35", "row_id": "V35-R44", "gap_m": 5.05, "x": 629207.72, "y": 5220881.08}, "geometry": {"type": "Point", "coordinates": [629207.72, 5220881.08]}}, {"type": "Feature", "properties": {"target_id": "T0086", "type": "row_gap", "vineyard_id": "V02", "row_id": "V02-R48", "gap_m": 5.36, "x": 629225.27, "y": 5220839.22}, "geometry": {"type": "Point", "coordinates": [629225.27, 5220839.22]}}, {"type": "Feature", "properties": {"target_id": "T0087", "type": "row_gap", "vineyard_id": "V02", "row_id": "V02-R48", "gap_m": 5.26, "x": 629227.68, "y": 5220833.34}, "geometry": {"type": "Point", "coordinates": [629227.68, 5220833.34]}}, {"type": "Feature", "properties": {"target_id": "T0088", "type": "row_gap", "vineyard_id": "V02", "row_id": "V02-R48", "gap_m": 13.42, "x": 629232.96, "y": 5220820.46}, "geometry": {"type": "Point", "coordinates": [629232.96, 5220820.46]}}, {"type": "Feature", "properties": {"target_id": "T0089", "type": "row_gap", "vineyard_id": "V02", "row_id": "V02-R48", "gap_m": 7.19, "x": 629237.21, "y": 5220810.08}, "geometry": {"type": "Point", "coordinates": [629237.21, 5220810.08]}}, {"type": "Feature", "properties": {"target_id": "T0090", "type": "row_gap", "vineyard_id": "V02", "row_id": "V02-R48", "gap_m": 25.37, "x": 629251.8, "y": 5220774.46}, "geometry": {"type": "Point", "coordinates": [629251.8, 5220774.46]}}, {"type": "Feature", "properties": {"target_id": "T0091", "type": "row_gap", "vineyard_id": "V35", "row_id": "V35-R43", "gap_m": 5.03, "x": 629212.91, "y": 5220862.9}, "geometry": {"type": "Point", "coordinates": [629212.91, 5220862.9]}}, {"type": "Feature", "properties": {"target_id": "T0092", "type": "row_gap", "vineyard_id": "V02", "row_id": "V02-R47", "gap_m": 5.47, "x": 629226.39, "y": 5220829.59}, "geometry": {"type": "Point", "coordinates": [629226.39, 5220829.59]}}, {"type": "Feature", "properties": {"target_id": "T0093", "type": "row_gap", "vineyard_id": "V02", "row_id": "V02-R47", "gap_m": 8.65, "x": 629230.08, "y": 5220820.56}, "geometry": {"type": "Point", "coordinates": [629230.08, 5220820.56]}}, {"type": "Feature", "properties": {"target_id": "T0094", "type": "row_gap", "vineyard_id": "V02", "row_id": "V02-R47", "gap_m": 14.03, "x": 629234.66, "y": 5220809.33}, "geometry": {"type": "Point", "coordinates": [629234.66, 5220809.33]}}, {"type": "Feature", "properties": {"target_id": "T0095", "type": "row_gap", "vineyard_id": "V02", "row_id": "V02-R47", "gap_m": 13.98, "x": 629242.05, "y": 5220791.23}, "geometry": {"type": "Point", "coordinates": [629242.05, 5220791.23]}}, {"type": "Feature", "properties": {"target_id": "T0096", "type": "row_gap", "vineyard_id": "V02", "row_id": "V02-R47", "gap_m": 5.11, "x": 629245.72, "y": 5220782.42}, "geometry": {"type": "Point", "coordinates": [629245.72, 5220782.42]}}, {"type": "Feature", "properties": {"target_id": "T0097", "type": "row_gap", "vineyard_id": "V02", "row_id": "V02-R47", "gap_m": 5.32, "x": 629249.98, "y": 5220772.26}, "geometry": {"type": "Point", "coordinates": [629249.98, 5220772.26]}}, {"type": "Feature", "properties": {"target_id": "T0098", "type": "row_gap", "vineyard_id": "V02", "row_id": "V02-R47", "gap_m": 5.57, "x": 629252.7, "y": 5220765.87}, "geometry": {"type": "Point", "coordinates": [629252.7, 5220765.87]}}, {"type": "Feature", "properties": {"target_id": "T0099", "type": "row_gap", "vineyard_id": "V35", "row_id": "V35-R42", "gap_m": 5.38, "x": 629192.49, "y": 5220905.17}, "geometry": {"type": "Point", "coordinates": [629192.49, 5220905.17]}}, {"type": "Feature", "properties": {"target_id": "T0100", "type": "row_gap", "vineyard_id": "V35", "row_id": "V35-R42", "gap_m": 5.52, "x": 629197.56, "y": 5220893.05}, "geometry": {"type": "Point", "coordinates": [629197.56, 5220893.05]}}, {"type": "Feature", "properties": {"target_id": "T0101", "type": "row_gap", "vineyard_id": "V02", "row_id": "V02-R46", "gap_m": 8.38, "x": 629226.88, "y": 5220821.69}, "geometry": {"type": "Point", "coordinates": [629226.88, 5220821.69]}}, {"type": "Feature", "properties": {"target_id": "T0102", "type": "row_gap", "vineyard_id": "V02", "row_id": "V02-R46", "gap_m": 5.04, "x": 629229.43, "y": 5220815.48}, "geometry": {"type": "Point", "coordinates": [629229.43, 5220815.48]}}, {"type": "Feature", "properties": {"target_id": "T0103", "type": "row_gap", "vineyard_id": "V02", "row_id": "V02-R46", "gap_m": 5.52, "x": 629231.76, "y": 5220809.82}, "geometry": {"type": "Point", "coordinates": [629231.76, 5220809.82]}}, {"type": "Feature", "properties": {"target_id": "T0104", "type": "row_gap", "vineyard_id": "V02", "row_id": "V02-R46", "gap_m": 18.98, "x": 629240.48, "y": 5220788.62}, "geometry": {"type": "Point", "coordinates": [629240.48, 5220788.62]}}, {"type": "Feature", "properties": {"target_id": "T0105", "type": "row_gap", "vineyard_id": "V02", "row_id": "V02-R46", "gap_m": 18.77, "x": 629251.11, "y": 5220762.77}, "geometry": {"type": "Point", "coordinates": [629251.11, 5220762.77]}}, {"type": "Feature", "properties": {"target_id": "T0106", "type": "row_gap", "vineyard_id": "V02", "row_id": "V02-R46", "gap_m": 5.34, "x": 629255.7, "y": 5220751.62}, "geometry": {"type": "Point", "coordinates": [629255.7, 5220751.62]}}, {"type": "Feature", "properties": {"target_id": "T0107", "type": "row_gap", "vineyard_id": "V35", "row_id": "V35-R41", "gap_m": 5.99, "x": 629198.67, "y": 5220883.23}, "geometry": {"type": "Point", "coordinates": [629198.67, 5220883.23]}}, {"type": "Feature", "properties": {"target_id": "T0108", "type": "row_gap", "vineyard_id": "V35", "row_id": "V35-R41", "gap_m": 5.64, "x": 629205.41, "y": 5220867.11}, "geometry": {"type": "Point", "coordinates": [629205.41, 5220867.11]}}, {"type": "Feature", "properties": {"target_id": "T0109", "type": "row_gap", "vineyard_id": "V02", "row_id": "V02-R45", "gap_m": 7.09, "x": 629221.51, "y": 5220828.24}, "geometry": {"type": "Point", "coordinates": [629221.51, 5220828.24]}}, {"type": "Feature", "properties": {"target_id": "T0110", "type": "row_gap", "vineyard_id": "V02", "row_id": "V02-R45", "gap_m": 13.77, "x": 629225.42, "y": 5220818.57}, "geometry": {"type": "Point", "coordinates": [629225.42, 5220818.57]}}, {"type": "Feature", "properties": {"target_id": "T0111", "type": "row_gap", "vineyard_id": "V02", "row_id": "V02-R45", "gap_m": 5.15, "x": 629230.61, "y": 5220805.84}, "geometry": {"type": "Point", "coordinates": [629230.61, 5220805.84]}}, {"type": "Feature", "properties": {"target_id": "T0112", "type": "row_gap", "vineyard_id": "V02", "row_id": "V02-R45", "gap_m": 5.2, "x": 629234.45, "y": 5220796.48}, "geometry": {"type": "Point", "coordinates": [629234.45, 5220796.48]}}, {"type": "Feature", "properties": {"target_id": "T0113", "type": "row_gap", "vineyard_id": "V02", "row_id": "V02-R45", "gap_m": 13.15, "x": 629237.94, "y": 5220787.99}, "geometry": {"type": "Point", "coordinates": [629237.94, 5220787.99]}}, {"type": "Feature", "properties": {"target_id": "T0114", "type": "row_gap", "vineyard_id": "V02", "row_id": "V02-R45", "gap_m": 9.4, "x": 629250.21, "y": 5220758.15}, "geometry": {"type": "Point", "coordinates": [629250.21, 5220758.15]}}, {"type": "Feature", "properties": {"target_id": "T0115", "type": "row_gap", "vineyard_id": "V02", "row_id": "V02-R45", "gap_m": 17.87, "x": 629259.22, "y": 5220736.76}, "geometry": {"type": "Point", "coordinates": [629259.22, 5220736.76]}}, {"type": "Feature", "properties": {"target_id": "T0116", "type": "row_gap", "vineyard_id": "V35", "row_id": "V35-R40", "gap_m": 29.99, "x": 629189.51, "y": 5220898.49}, "geometry": {"type": "Point", "coordinates": [629189.51, 5220898.49]}}, {"type": "Feature", "properties": {"target_id": "T0117", "type": "row_gap", "vineyard_id": "V02", "row_id": "V02-R44", "gap_m": 12.95, "x": 629211.12, "y": 5220847.71}, "geometry": {"type": "Point", "coordinates": [629211.12, 5220847.71]}}, {"type": "Feature", "properties": {"target_id": "T0118", "type": "row_gap", "vineyard_id": "V02", "row_id": "V02-R44", "gap_m": 5.36, "x": 629215.57, "y": 5220836.27}, "geometry": {"type": "Point", "coordinates": [629215.57, 5220836.27]}}, {"type": "Feature", "properties": {"target_id": "T0119", "type": "row_gap", "vineyard_id": "V02", "row_id": "V02-R44", "gap_m": 7.68, "x": 629219.13, "y": 5220827.42}, "geometry": {"type": "Point", "coordinates": [629219.13, 5220827.42]}}, {"type": "Feature", "properties": {"target_id": "T0120", "type": "row_gap", "vineyard_id": "V02", "row_id": "V02-R44", "gap_m": 5.18, "x": 629228.22, "y": 5220805.1}, "geometry": {"type": "Point", "coordinates": [629228.22, 5220805.1]}}, {"type": "Feature", "properties": {"target_id": "T0121", "type": "row_gap", "vineyard_id": "V02", "row_id": "V02-R44", "gap_m": 7.94, "x": 629232.78, "y": 5220793.99}, "geometry": {"type": "Point", "coordinates": [629232.78, 5220793.99]}}, {"type": "Feature", "properties": {"target_id": "T0122", "type": "row_gap", "vineyard_id": "V02", "row_id": "V02-R44", "gap_m": 5.19, "x": 629248.0, "y": 5220756.22}, "geometry": {"type": "Point", "coordinates": [629248.0, 5220756.22]}}, {"type": "Feature", "properties": {"target_id": "T0123", "type": "row_gap", "vineyard_id": "V35", "row_id": "V35-R37", "gap_m": 25.73, "x": 629184.47, "y": 5220897.66}, "geometry": {"type": "Point", "coordinates": [629184.47, 5220897.66]}}, {"type": "Feature", "properties": {"target_id": "T0124", "type": "row_gap", "vineyard_id": "V35", "row_id": "V35-R37", "gap_m": 16.53, "x": 629194.21, "y": 5220874.65}, "geometry": {"type": "Point", "coordinates": [629194.21, 5220874.65]}}, {"type": "Feature", "properties": {"target_id": "T0125", "type": "row_gap", "vineyard_id": "V02", "row_id": "V02-R42", "gap_m": 6.25, "x": 629243.71, "y": 5220753.67}, "geometry": {"type": "Point", "coordinates": [629243.71, 5220753.67]}}, {"type": "Feature", "properties": {"target_id": "T0126", "type": "row_gap", "vineyard_id": "V35", "row_id": "V35-R36", "gap_m": 27.57, "x": 629189.33, "y": 5220879.71}, "geometry": {"type": "Point", "coordinates": [629189.33, 5220879.71]}}, {"type": "Feature", "properties": {"target_id": "T0127", "type": "row_gap", "vineyard_id": "V35", "row_id": "V35-R35", "gap_m": 9.23, "x": 629186.95, "y": 5220878.76}, "geometry": {"type": "Point", "coordinates": [629186.95, 5220878.76]}}, {"type": "Feature", "properties": {"target_id": "T0128", "type": "row_gap", "vineyard_id": "V35", "row_id": "V35-R35", "gap_m": 17.95, "x": 629180.74, "y": 5220893.62}, "geometry": {"type": "Point", "coordinates": [629180.74, 5220893.62]}}, {"type": "Feature", "properties": {"target_id": "T0129", "type": "row_gap", "vineyard_id": "V35", "row_id": "V35-R33", "gap_m": 23.26, "x": 629180.64, "y": 5220880.54}, "geometry": {"type": "Point", "coordinates": [629180.64, 5220880.54]}}, {"type": "Feature", "properties": {"target_id": "T0130", "type": "row_gap", "vineyard_id": "V35", "row_id": "V35-R33", "gap_m": 10.9, "x": 629172.63, "y": 5220899.59}, "geometry": {"type": "Point", "coordinates": [629172.63, 5220899.59]}}, {"type": "Feature", "properties": {"target_id": "T0131", "type": "row_gap", "vineyard_id": "V35", "row_id": "V35-R32", "gap_m": 29.02, "x": 629174.17, "y": 5220889.44}, "geometry": {"type": "Point", "coordinates": [629174.17, 5220889.44]}}, {"type": "Feature", "properties": {"target_id": "T0132", "type": "row_gap", "vineyard_id": "V35", "row_id": "V35-R32", "gap_m": 7.5, "x": 629187.18, "y": 5220858.4}, "geometry": {"type": "Point", "coordinates": [629187.18, 5220858.4]}}, {"type": "Feature", "properties": {"target_id": "T0133", "type": "row_gap", "vineyard_id": "V02", "row_id": "V02-R37", "gap_m": 5.63, "x": 629228.99, "y": 5220756.04}, "geometry": {"type": "Point", "coordinates": [629228.99, 5220756.04]}}, {"type": "Feature", "properties": {"target_id": "T0134", "type": "row_gap", "vineyard_id": "V35", "row_id": "V35-R31", "gap_m": 22.74, "x": 629170.5, "y": 5220891.21}, "geometry": {"type": "Point", "coordinates": [629170.5, 5220891.21]}}, {"type": "Feature", "properties": {"target_id": "T0135", "type": "row_gap", "vineyard_id": "V35", "row_id": "V35-R31", "gap_m": 7.09, "x": 629177.63, "y": 5220874.24}, "geometry": {"type": "Point", "coordinates": [629177.63, 5220874.24]}}, {"type": "Feature", "properties": {"target_id": "T0136", "type": "row_gap", "vineyard_id": "V35", "row_id": "V35-R31", "gap_m": 6.76, "x": 629184.83, "y": 5220857.13}, "geometry": {"type": "Point", "coordinates": [629184.83, 5220857.13]}}, {"type": "Feature", "properties": {"target_id": "T0137", "type": "row_gap", "vineyard_id": "V02", "row_id": "V02-R36", "gap_m": 7.02, "x": 629219.81, "y": 5220771.99}, "geometry": {"type": "Point", "coordinates": [629219.81, 5220771.99]}}, {"type": "Feature", "properties": {"target_id": "T0138", "type": "row_gap", "vineyard_id": "V02", "row_id": "V02-R36", "gap_m": 9.76, "x": 629232.25, "y": 5220741.38}, "geometry": {"type": "Point", "coordinates": [629232.25, 5220741.38]}}, {"type": "Feature", "properties": {"target_id": "T0139", "type": "row_gap", "vineyard_id": "V35", "row_id": "V35-R30", "gap_m": 21.89, "x": 629168.55, "y": 5220889.14}, "geometry": {"type": "Point", "coordinates": [629168.55, 5220889.14]}}, {"type": "Feature", "properties": {"target_id": "T0140", "type": "row_gap", "vineyard_id": "V02", "row_id": "V02-R35", "gap_m": 5.36, "x": 629209.15, "y": 5220791.24}, "geometry": {"type": "Point", "coordinates": [629209.15, 5220791.24]}}, {"type": "Feature", "properties": {"target_id": "T0141", "type": "row_gap", "vineyard_id": "V35", "row_id": "V35-R29", "gap_m": 8.34, "x": 629179.99, "y": 5220855.29}, "geometry": {"type": "Point", "coordinates": [629179.99, 5220855.29]}}, {"type": "Feature", "properties": {"target_id": "T0142", "type": "row_gap", "vineyard_id": "V35", "row_id": "V35-R29", "gap_m": 6.34, "x": 629165.07, "y": 5220891.0}, "geometry": {"type": "Point", "coordinates": [629165.07, 5220891.0]}}, {"type": "Feature", "properties": {"target_id": "T0143", "type": "row_gap", "vineyard_id": "V02", "row_id": "V02-R34", "gap_m": 5.08, "x": 629223.18, "y": 5220750.38}, "geometry": {"type": "Point", "coordinates": [629223.18, 5220750.38]}}, {"type": "Feature", "properties": {"target_id": "T0144", "type": "row_gap", "vineyard_id": "V02", "row_id": "V02-R34", "gap_m": 12.05, "x": 629226.46, "y": 5220742.47}, "geometry": {"type": "Point", "coordinates": [629226.46, 5220742.47]}}, {"type": "Feature", "properties": {"target_id": "T0145", "type": "row_gap", "vineyard_id": "V02", "row_id": "V02-R32", "gap_m": 7.34, "x": 629190.39, "y": 5220816.67}, "geometry": {"type": "Point", "coordinates": [629190.39, 5220816.67]}}, {"type": "Feature", "properties": {"target_id": "T0146", "type": "row_gap", "vineyard_id": "V02", "row_id": "V02-R32", "gap_m": 10.69, "x": 629195.17, "y": 5220805.05}, "geometry": {"type": "Point", "coordinates": [629195.17, 5220805.05]}}, {"type": "Feature", "properties": {"target_id": "T0147", "type": "row_gap", "vineyard_id": "V02", "row_id": "V02-R32", "gap_m": 7.77, "x": 629208.5, "y": 5220772.63}, "geometry": {"type": "Point", "coordinates": [629208.5, 5220772.63]}}, {"type": "Feature", "properties": {"target_id": "T0148", "type": "row_gap", "vineyard_id": "V02", "row_id": "V02-R32", "gap_m": 12.0, "x": 629221.78, "y": 5220740.36}, "geometry": {"type": "Point", "coordinates": [629221.78, 5220740.36]}}, {"type": "Feature", "properties": {"target_id": "T0149", "type": "row_gap", "vineyard_id": "V35", "row_id": "V35-R27", "gap_m": 5.7, "x": 629160.8, "y": 5220880.84}, "geometry": {"type": "Point", "coordinates": [629160.8, 5220880.84]}}, {"type": "Feature", "properties": {"target_id": "T0150", "type": "row_gap", "vineyard_id": "V35", "row_id": "V35-R27", "gap_m": 8.76, "x": 629168.31, "y": 5220863.06}, "geometry": {"type": "Point", "coordinates": [629168.31, 5220863.06]}}, {"type": "Feature", "properties": {"target_id": "T0151", "type": "row_gap", "vineyard_id": "V35", "row_id": "V35-R27", "gap_m": 5.8, "x": 629174.68, "y": 5220847.97}, "geometry": {"type": "Point", "coordinates": [629174.68, 5220847.97]}}, {"type": "Feature", "properties": {"target_id": "T0152", "type": "row_gap", "vineyard_id": "V02", "row_id": "V02-R31", "gap_m": 6.85, "x": 629183.31, "y": 5220827.23}, "geometry": {"type": "Point", "coordinates": [629183.31, 5220827.23]}}, {"type": "Feature", "properties": {"target_id": "T0153", "type": "row_gap", "vineyard_id": "V02", "row_id": "V02-R31", "gap_m": 5.38, "x": 629186.18, "y": 5220820.26}, "geometry": {"type": "Point", "coordinates": [629186.18, 5220820.26]}}, {"type": "Feature", "properties": {"target_id": "T0154", "type": "row_gap", "vineyard_id": "V02", "row_id": "V02-R31", "gap_m": 6.26, "x": 629194.41, "y": 5220800.3}, "geometry": {"type": "Point", "coordinates": [629194.41, 5220800.3]}}, {"type": "Feature", "properties": {"target_id": "T0155", "type": "row_gap", "vineyard_id": "V02", "row_id": "V02-R31", "gap_m": 7.5, "x": 629214.23, "y": 5220752.2}, "geometry": {"type": "Point", "coordinates": [629214.23, 5220752.2]}}, {"type": "Feature", "properties": {"target_id": "T0156", "type": "row_gap", "vineyard_id": "V02", "row_id": "V02-R31", "gap_m": 8.8, "x": 629218.7, "y": 5220741.33}, "geometry": {"type": "Point", "coordinates": [629218.7, 5220741.33]}}, {"type": "Feature", "properties": {"target_id": "T0157", "type": "row_gap", "vineyard_id": "V02", "row_id": "V02-R31", "gap_m": 17.57, "x": 629227.49, "y": 5220720.02}, "geometry": {"type": "Point", "coordinates": [629227.49, 5220720.02]}}, {"type": "Feature", "properties": {"target_id": "T0158", "type": "row_gap", "vineyard_id": "V35", "row_id": "V35-R26", "gap_m": 6.46, "x": 629162.29, "y": 5220871.64}, "geometry": {"type": "Point", "coordinates": [629162.29, 5220871.64]}}, {"type": "Feature", "properties": {"target_id": "T0159", "type": "row_gap", "vineyard_id": "V35", "row_id": "V35-R26", "gap_m": 6.35, "x": 629172.39, "y": 5220847.01}, "geometry": {"type": "Point", "coordinates": [629172.39, 5220847.01]}}, {"type": "Feature", "properties": {"target_id": "T0160", "type": "row_gap", "vineyard_id": "V35", "row_id": "V35-R25", "gap_m": 10.09, "x": 629154.64, "y": 5220883.09}, "geometry": {"type": "Point", "coordinates": [629154.64, 5220883.09]}}, {"type": "Feature", "properties": {"target_id": "T0161", "type": "row_gap", "vineyard_id": "V02", "row_id": "V02-R29", "gap_m": 5.09, "x": 629178.7, "y": 5220825.35}, "geometry": {"type": "Point", "coordinates": [629178.7, 5220825.35]}}, {"type": "Feature", "properties": {"target_id": "T0162", "type": "row_gap", "vineyard_id": "V02", "row_id": "V02-R29", "gap_m": 6.39, "x": 629186.69, "y": 5220805.86}, "geometry": {"type": "Point", "coordinates": [629186.69, 5220805.86]}}, {"type": "Feature", "properties": {"target_id": "T0163", "type": "row_gap", "vineyard_id": "V02", "row_id": "V02-R29", "gap_m": 5.32, "x": 629216.4, "y": 5220733.4}, "geometry": {"type": "Point", "coordinates": [629216.4, 5220733.4]}}, {"type": "Feature", "properties": {"target_id": "T0164", "type": "row_gap", "vineyard_id": "V35", "row_id": "V35-R24", "gap_m": 7.2, "x": 629156.58, "y": 5220871.47}, "geometry": {"type": "Point", "coordinates": [629156.58, 5220871.47]}}, {"type": "Feature", "properties": {"target_id": "T0165", "type": "row_gap", "vineyard_id": "V02", "row_id": "V02-R28", "gap_m": 6.41, "x": 629196.22, "y": 5220776.12}, "geometry": {"type": "Point", "coordinates": [629196.22, 5220776.12]}}, {"type": "Feature", "properties": {"target_id": "T0166", "type": "row_gap", "vineyard_id": "V02", "row_id": "V02-R28", "gap_m": 5.47, "x": 629198.82, "y": 5220769.83}, "geometry": {"type": "Point", "coordinates": [629198.82, 5220769.83]}}, {"type": "Feature", "properties": {"target_id": "T0167", "type": "row_gap", "vineyard_id": "V35", "row_id": "V35-R23", "gap_m": 5.23, "x": 629150.34, "y": 5220879.79}, "geometry": {"type": "Point", "coordinates": [629150.34, 5220879.79]}}, {"type": "Feature", "properties": {"target_id": "T0168", "type": "row_gap", "vineyard_id": "V02", "row_id": "V02-R26", "gap_m": 5.43, "x": 629190.82, "y": 5220782.42}, "geometry": {"type": "Point", "coordinates": [629190.82, 5220782.42]}}, {"type": "Feature", "properties": {"target_id": "T0169", "type": "row_gap", "vineyard_id": "V35", "row_id": "V35-R47", "gap_m": 31.39, "x": 629209.07, "y": 5220897.48}, "geometry": {"type": "Point", "coordinates": [629209.07, 5220897.48]}}, {"type": "Feature", "properties": {"target_id": "T0170", "type": "row_gap", "vineyard_id": "V02", "row_id": "V02-R43", "gap_m": 10.56, "x": 629229.97, "y": 5220794.14}, "geometry": {"type": "Point", "coordinates": [629229.97, 5220794.14]}}, {"type": "Feature", "properties": {"target_id": "T0171", "type": "row_gap", "vineyard_id": "V02", "row_id": "V02-R43", "gap_m": 8.93, "x": 629234.34, "y": 5220783.42}, "geometry": {"type": "Point", "coordinates": [629234.34, 5220783.42]}}, {"type": "Feature", "properties": {"target_id": "T0172", "type": "row_gap", "vineyard_id": "V35", "row_id": "V35-R17", "gap_m": 29.91, "x": 629147.94, "y": 5220846.56}, "geometry": {"type": "Point", "coordinates": [629147.94, 5220846.56]}}, {"type": "Feature", "properties": {"target_id": "T0173", "type": "row_gap", "vineyard_id": "V02", "row_id": "V02-R20", "gap_m": 12.26, "x": 629176.57, "y": 5220777.1}, "geometry": {"type": "Point", "coordinates": [629176.57, 5220777.1]}}, {"type": "Feature", "properties": {"target_id": "T0174", "type": "row_gap", "vineyard_id": "V02", "row_id": "V02-R20", "gap_m": 8.52, "x": 629189.45, "y": 5220745.7}, "geometry": {"type": "Point", "coordinates": [629189.45, 5220745.7]}}, {"type": "Feature", "properties": {"target_id": "T0175", "type": "row_gap", "vineyard_id": "V02", "row_id": "V02-R20", "gap_m": 5.99, "x": 629192.74, "y": 5220737.68}, "geometry": {"type": "Point", "coordinates": [629192.74, 5220737.68]}}, {"type": "Feature", "properties": {"target_id": "T0176", "type": "row_gap", "vineyard_id": "V35", "row_id": "V35-R07", "gap_m": 20.51, "x": 629117.69, "y": 5220852.7}, "geometry": {"type": "Point", "coordinates": [629117.69, 5220852.7]}}, {"type": "Feature", "properties": {"target_id": "T0177", "type": "row_gap", "vineyard_id": "V35", "row_id": "V35-R07", "gap_m": 14.04, "x": 629124.27, "y": 5220836.73}, "geometry": {"type": "Point", "coordinates": [629124.27, 5220836.73]}}, {"type": "Feature", "properties": {"target_id": "T0178", "type": "row_gap", "vineyard_id": "V02", "row_id": "V02-R10", "gap_m": 8.3, "x": 629145.07, "y": 5220786.64}, "geometry": {"type": "Point", "coordinates": [629145.07, 5220786.64]}}, {"type": "Feature", "properties": {"target_id": "T0179", "type": "row_gap", "vineyard_id": "V02", "row_id": "V02-R10", "gap_m": 9.88, "x": 629148.52, "y": 5220778.22}, "geometry": {"type": "Point", "coordinates": [629148.52, 5220778.22]}}, {"type": "Feature", "properties": {"target_id": "T0180", "type": "row_gap", "vineyard_id": "V02", "row_id": "V02-R10", "gap_m": 6.9, "x": 629154.28, "y": 5220764.18}, "geometry": {"type": "Point", "coordinates": [629154.28, 5220764.18]}}, {"type": "Feature", "properties": {"target_id": "T0181", "type": "row_gap", "vineyard_id": "V02", "row_id": "V02-R10", "gap_m": 11.44, "x": 629158.73, "y": 5220753.3}, "geometry": {"type": "Point", "coordinates": [629158.73, 5220753.3]}}, {"type": "Feature", "properties": {"target_id": "T0182", "type": "row_gap", "vineyard_id": "V02", "row_id": "V02-R08", "gap_m": 8.91, "x": 629138.67, "y": 5220795.59}, "geometry": {"type": "Point", "coordinates": [629138.67, 5220795.59]}}, {"type": "Feature", "properties": {"target_id": "T0183", "type": "row_gap", "vineyard_id": "V35", "row_id": "V35-R06", "gap_m": 5.2, "x": 629113.66, "y": 5220848.8}, "geometry": {"type": "Point", "coordinates": [629113.66, 5220848.8]}}, {"type": "Feature", "properties": {"target_id": "T0184", "type": "row_gap", "vineyard_id": "V35", "row_id": "V35-R03", "gap_m": 5.26, "x": 629116.93, "y": 5220821.3}, "geometry": {"type": "Point", "coordinates": [629116.93, 5220821.3]}}, {"type": "Feature", "properties": {"target_id": "T0185", "type": "row_gap", "vineyard_id": "V35", "row_id": "V35-R03", "gap_m": 15.36, "x": 629112.24, "y": 5220832.32}, "geometry": {"type": "Point", "coordinates": [629112.24, 5220832.32]}}, {"type": "Feature", "properties": {"target_id": "T0186", "type": "row_gap", "vineyard_id": "V35", "row_id": "V35-R03", "gap_m": 5.21, "x": 629105.43, "y": 5220848.35}, "geometry": {"type": "Point", "coordinates": [629105.43, 5220848.35]}}, {"type": "Feature", "properties": {"target_id": "T0187", "type": "row_gap", "vineyard_id": "V35", "row_id": "V35-R02", "gap_m": 25.01, "x": 629106.33, "y": 5220838.54}, "geometry": {"type": "Point", "coordinates": [629106.33, 5220838.54]}}, {"type": "Feature", "properties": {"target_id": "T0188", "type": "row_gap", "vineyard_id": "V02", "row_id": "V02-R33", "gap_m": 5.59, "x": 629195.35, "y": 5220811.95}, "geometry": {"type": "Point", "coordinates": [629195.35, 5220811.95]}}, {"type": "Feature", "properties": {"target_id": "T0189", "type": "row_gap", "vineyard_id": "V02", "row_id": "V02-R33", "gap_m": 6.02, "x": 629204.09, "y": 5220790.28}, "geometry": {"type": "Point", "coordinates": [629204.09, 5220790.28]}}, {"type": "Feature", "properties": {"target_id": "T0190", "type": "row_gap", "vineyard_id": "V02", "row_id": "V02-R33", "gap_m": 6.64, "x": 629216.84, "y": 5220759.03}, "geometry": {"type": "Point", "coordinates": [629216.84, 5220759.03]}}, {"type": "Feature", "properties": {"target_id": "T0191", "type": "row_gap", "vineyard_id": "V02", "row_id": "V02-R33", "gap_m": 12.64, "x": 629224.73, "y": 5220739.81}, "geometry": {"type": "Point", "coordinates": [629224.73, 5220739.81]}}, {"type": "Feature", "properties": {"target_id": "T0192", "type": "row_gap", "vineyard_id": "V02", "row_id": "V02-R16", "gap_m": 5.93, "x": 629167.54, "y": 5220772.2}, "geometry": {"type": "Point", "coordinates": [629167.54, 5220772.2]}}, {"type": "Feature", "properties": {"target_id": "T0193", "type": "row_gap", "vineyard_id": "V02", "row_id": "V02-R16", "gap_m": 9.68, "x": 629173.49, "y": 5220757.82}, "geometry": {"type": "Point", "coordinates": [629173.49, 5220757.82]}}, {"type": "Feature", "properties": {"target_id": "T0194", "type": "row_gap", "vineyard_id": "V02", "row_id": "V02-R16", "gap_m": 16.36, "x": 629184.19, "y": 5220731.94}, "geometry": {"type": "Point", "coordinates": [629184.19, 5220731.94]}}, {"type": "Feature", "properties": {"target_id": "T0195", "type": "row_gap", "vineyard_id": "V02", "row_id": "V02-R58", "gap_m": 5.53, "x": 629243.54, "y": 5220854.85}, "geometry": {"type": "Point", "coordinates": [629243.54, 5220854.85]}}, {"type": "Feature", "properties": {"target_id": "T0196", "type": "row_gap", "vineyard_id": "V02", "row_id": "V02-R58", "gap_m": 5.21, "x": 629246.2, "y": 5220848.73}, "geometry": {"type": "Point", "coordinates": [629246.2, 5220848.73]}}, {"type": "Feature", "properties": {"target_id": "T0197", "type": "row_gap", "vineyard_id": "V02", "row_id": "V02-R56", "gap_m": 28.88, "x": 629252.84, "y": 5220825.41}, "geometry": {"type": "Point", "coordinates": [629252.84, 5220825.41]}}, {"type": "Feature", "properties": {"target_id": "T0198", "type": "row_gap", "vineyard_id": "V02", "row_id": "V02-R56", "gap_m": 6.03, "x": 629277.12, "y": 5220766.1}, "geometry": {"type": "Point", "coordinates": [629277.12, 5220766.1]}}, {"type": "Feature", "properties": {"target_id": "T0199", "type": "row_gap", "vineyard_id": "V02", "row_id": "V02-R55", "gap_m": 5.13, "x": 629239.27, "y": 5220851.75}, "geometry": {"type": "Point", "coordinates": [629239.27, 5220851.75]}}, {"type": "Feature", "properties": {"target_id": "T0200", "type": "row_gap", "vineyard_id": "V02", "row_id": "V02-R55", "gap_m": 9.3, "x": 629245.5, "y": 5220836.63}, "geometry": {"type": "Point", "coordinates": [629245.5, 5220836.63]}}, {"type": "Feature", "properties": {"target_id": "T0201", "type": "row_gap", "vineyard_id": "V02", "row_id": "V02-R55", "gap_m": 22.83, "x": 629252.15, "y": 5220820.48}, "geometry": {"type": "Point", "coordinates": [629252.15, 5220820.48]}}, {"type": "Feature", "properties": {"target_id": "T0202", "type": "row_gap", "vineyard_id": "V02", "row_id": "V02-R55", "gap_m": 6.09, "x": 629265.34, "y": 5220788.48}, "geometry": {"type": "Point", "coordinates": [629265.34, 5220788.48]}}, {"type": "Feature", "properties": {"target_id": "T0203", "type": "row_gap", "vineyard_id": "V02", "row_id": "V02-R54", "gap_m": 5.03, "x": 629240.42, "y": 5220842.63}, "geometry": {"type": "Point", "coordinates": [629240.42, 5220842.63]}}, {"type": "Feature", "properties": {"target_id": "T0204", "type": "row_gap", "vineyard_id": "V02", "row_id": "V02-R54", "gap_m": 8.79, "x": 629244.45, "y": 5220832.77}, "geometry": {"type": "Point", "coordinates": [629244.45, 5220832.77]}}, {"type": "Feature", "properties": {"target_id": "T0205", "type": "row_gap", "vineyard_id": "V02", "row_id": "V02-R54", "gap_m": 15.71, "x": 629250.45, "y": 5220818.1}, "geometry": {"type": "Point", "coordinates": [629250.45, 5220818.1]}}, {"type": "Feature", "properties": {"target_id": "T0206", "type": "row_gap", "vineyard_id": "V02", "row_id": "V02-R54", "gap_m": 5.97, "x": 629262.28, "y": 5220789.18}, "geometry": {"type": "Point", "coordinates": [629262.28, 5220789.18]}}, {"type": "Feature", "properties": {"target_id": "T0207", "type": "row_gap", "vineyard_id": "V02", "row_id": "V02-R54", "gap_m": 7.25, "x": 629271.5, "y": 5220766.62}, "geometry": {"type": "Point", "coordinates": [629271.5, 5220766.62]}}, {"type": "Feature", "properties": {"target_id": "T0208", "type": "row_gap", "vineyard_id": "V02", "row_id": "V02-R53", "gap_m": 5.51, "x": 629234.56, "y": 5220850.51}, "geometry": {"type": "Point", "coordinates": [629234.56, 5220850.51]}}, {"type": "Feature", "properties": {"target_id": "T0209", "type": "row_gap", "vineyard_id": "V02", "row_id": "V02-R53", "gap_m": 5.62, "x": 629236.65, "y": 5220845.35}, "geometry": {"type": "Point", "coordinates": [629236.65, 5220845.35]}}, {"type": "Feature", "properties": {"target_id": "T0210", "type": "row_gap", "vineyard_id": "V02", "row_id": "V02-R53", "gap_m": 17.35, "x": 629241.69, "y": 5220832.89}, "geometry": {"type": "Point", "coordinates": [629241.69, 5220832.89]}}, {"type": "Feature", "properties": {"target_id": "T0211", "type": "row_gap", "vineyard_id": "V02", "row_id": "V02-R53", "gap_m": 6.04, "x": 629248.95, "y": 5220814.92}, "geometry": {"type": "Point", "coordinates": [629248.95, 5220814.92]}}, {"type": "Feature", "properties": {"target_id": "T0212", "type": "row_gap", "vineyard_id": "V02", "row_id": "V02-R52", "gap_m": 7.64, "x": 629236.74, "y": 5220837.97}, "geometry": {"type": "Point", "coordinates": [629236.74, 5220837.97]}}, {"type": "Feature", "properties": {"target_id": "T0213", "type": "row_gap", "vineyard_id": "V02", "row_id": "V02-R52", "gap_m": 8.42, "x": 629265.71, "y": 5220766.74}, "geometry": {"type": "Point", "coordinates": [629265.71, 5220766.74]}}, {"type": "Feature", "properties": {"target_id": "T0214", "type": "row_gap", "vineyard_id": "V02", "row_id": "V02-R51", "gap_m": 7.4, "x": 629233.94, "y": 5220838.0}, "geometry": {"type": "Point", "coordinates": [629233.94, 5220838.0]}}, {"type": "Feature", "properties": {"target_id": "T0215", "type": "row_gap", "vineyard_id": "V02", "row_id": "V02-R51", "gap_m": 11.46, "x": 629237.53, "y": 5220829.28}, "geometry": {"type": "Point", "coordinates": [629237.53, 5220829.28]}}, {"type": "Feature", "properties": {"target_id": "T0216", "type": "row_gap", "vineyard_id": "V02", "row_id": "V02-R51", "gap_m": 6.18, "x": 629242.37, "y": 5220817.5}, "geometry": {"type": "Point", "coordinates": [629242.37, 5220817.5]}}, {"type": "Feature", "properties": {"target_id": "T0217", "type": "row_gap", "vineyard_id": "V02", "row_id": "V02-R51", "gap_m": 7.2, "x": 629261.83, "y": 5220770.13}, "geometry": {"type": "Point", "coordinates": [629261.83, 5220770.13]}}, {"type": "Feature", "properties": {"target_id": "T0218", "type": "row_gap", "vineyard_id": "V02", "row_id": "V02-R39", "gap_m": 7.59, "x": 629204.68, "y": 5220829.36}, "geometry": {"type": "Point", "coordinates": [629204.68, 5220829.36]}}, {"type": "Feature", "properties": {"target_id": "T0219", "type": "row_gap", "vineyard_id": "V02", "row_id": "V02-R39", "gap_m": 6.2, "x": 629214.88, "y": 5220804.26}, "geometry": {"type": "Point", "coordinates": [629214.88, 5220804.26]}}, {"type": "Feature", "properties": {"target_id": "T0220", "type": "row_gap", "vineyard_id": "V02", "row_id": "V02-R39", "gap_m": 9.81, "x": 629243.63, "y": 5220733.51}, "geometry": {"type": "Point", "coordinates": [629243.63, 5220733.51]}}, {"type": "Feature", "properties": {"target_id": "T0221", "type": "row_gap", "vineyard_id": "V02", "row_id": "V02-R38", "gap_m": 5.58, "x": 629199.21, "y": 5220835.82}, "geometry": {"type": "Point", "coordinates": [629199.21, 5220835.82]}}, {"type": "Feature", "properties": {"target_id": "T0222", "type": "row_gap", "vineyard_id": "V02", "row_id": "V02-R38", "gap_m": 5.59, "x": 629204.82, "y": 5220822.11}, "geometry": {"type": "Point", "coordinates": [629204.82, 5220822.11]}}, {"type": "Feature", "properties": {"target_id": "T0223", "type": "row_gap", "vineyard_id": "V02", "row_id": "V02-R38", "gap_m": 7.01, "x": 629221.48, "y": 5220781.35}, "geometry": {"type": "Point", "coordinates": [629221.48, 5220781.35]}}, {"type": "Feature", "properties": {"target_id": "T0224", "type": "row_gap", "vineyard_id": "V03", "row_id": "V03-R22", "gap_m": 9.72, "x": 629097.0, "y": 5220769.72}, "geometry": {"type": "Point", "coordinates": [629097.0, 5220769.72]}}, {"type": "Feature", "properties": {"target_id": "T0225", "type": "row_gap", "vineyard_id": "V03", "row_id": "V03-R22", "gap_m": 5.01, "x": 629107.24, "y": 5220753.93}, "geometry": {"type": "Point", "coordinates": [629107.24, 5220753.93]}}, {"type": "Feature", "properties": {"target_id": "T0226", "type": "row_gap", "vineyard_id": "V03", "row_id": "V03-R22", "gap_m": 6.53, "x": 629140.8, "y": 5220702.19}, "geometry": {"type": "Point", "coordinates": [629140.8, 5220702.19]}}, {"type": "Feature", "properties": {"target_id": "T0227", "type": "row_gap", "vineyard_id": "V03", "row_id": "V03-R20", "gap_m": 10.04, "x": 629092.03, "y": 5220766.14}, "geometry": {"type": "Point", "coordinates": [629092.03, 5220766.14]}}, {"type": "Feature", "properties": {"target_id": "T0228", "type": "row_gap", "vineyard_id": "V03", "row_id": "V03-R20", "gap_m": 7.57, "x": 629129.93, "y": 5220707.96}, "geometry": {"type": "Point", "coordinates": [629129.93, 5220707.96]}}, {"type": "Feature", "properties": {"target_id": "T0229", "type": "row_gap", "vineyard_id": "V03", "row_id": "V03-R20", "gap_m": 7.72, "x": 629138.14, "y": 5220695.35}, "geometry": {"type": "Point", "coordinates": [629138.14, 5220695.35]}}, {"type": "Feature", "properties": {"target_id": "T0230", "type": "row_gap", "vineyard_id": "V03", "row_id": "V03-R20", "gap_m": 6.92, "x": 629143.61, "y": 5220686.96}, "geometry": {"type": "Point", "coordinates": [629143.61, 5220686.96]}}, {"type": "Feature", "properties": {"target_id": "T0231", "type": "row_gap", "vineyard_id": "V03", "row_id": "V03-R19", "gap_m": 7.2, "x": 629088.48, "y": 5220766.02}, "geometry": {"type": "Point", "coordinates": [629088.48, 5220766.02]}}, {"type": "Feature", "properties": {"target_id": "T0232", "type": "row_gap", "vineyard_id": "V03", "row_id": "V03-R19", "gap_m": 6.1, "x": 629130.15, "y": 5220701.94}, "geometry": {"type": "Point", "coordinates": [629130.15, 5220701.94]}}, {"type": "Feature", "properties": {"target_id": "T0233", "type": "row_gap", "vineyard_id": "V03", "row_id": "V03-R17", "gap_m": 9.03, "x": 629087.99, "y": 5220756.37}, "geometry": {"type": "Point", "coordinates": [629087.99, 5220756.37]}}, {"type": "Feature", "properties": {"target_id": "T0234", "type": "row_gap", "vineyard_id": "V03", "row_id": "V03-R17", "gap_m": 9.77, "x": 629111.2, "y": 5220720.72}, "geometry": {"type": "Point", "coordinates": [629111.2, 5220720.72]}}, {"type": "Feature", "properties": {"target_id": "T0235", "type": "row_gap", "vineyard_id": "V03", "row_id": "V03-R15", "gap_m": 34.14, "x": 629131.9, "y": 5220677.59}, "geometry": {"type": "Point", "coordinates": [629131.9, 5220677.59]}}, {"type": "Feature", "properties": {"target_id": "T0236", "type": "row_gap", "vineyard_id": "V03", "row_id": "V03-R14", "gap_m": 8.28, "x": 629086.23, "y": 5220742.35}, "geometry": {"type": "Point", "coordinates": [629086.23, 5220742.35]}}, {"type": "Feature", "properties": {"target_id": "T0237", "type": "row_gap", "vineyard_id": "V02", "row_id": "V02-R07", "gap_m": 12.59, "x": 629134.95, "y": 5220800.64}, "geometry": {"type": "Point", "coordinates": [629134.95, 5220800.64]}}, {"type": "Feature", "properties": {"target_id": "T0238", "type": "row_gap", "vineyard_id": "V02", "row_id": "V02-R07", "gap_m": 6.79, "x": 629138.93, "y": 5220790.99}, "geometry": {"type": "Point", "coordinates": [629138.93, 5220790.99]}}, {"type": "Feature", "properties": {"target_id": "T0239", "type": "row_gap", "vineyard_id": "V02", "row_id": "V02-R07", "gap_m": 11.15, "x": 629144.06, "y": 5220778.56}, "geometry": {"type": "Point", "coordinates": [629144.06, 5220778.56]}}, {"type": "Feature", "properties": {"target_id": "T0240", "type": "row_gap", "vineyard_id": "V02", "row_id": "V02-R07", "gap_m": 7.9, "x": 629147.69, "y": 5220769.76}, "geometry": {"type": "Point", "coordinates": [629147.69, 5220769.76]}}, {"type": "Feature", "properties": {"target_id": "T0241", "type": "row_gap", "vineyard_id": "V02", "row_id": "V02-R07", "gap_m": 13.9, "x": 629155.18, "y": 5220751.6}, "geometry": {"type": "Point", "coordinates": [629155.18, 5220751.6]}}, {"type": "Feature", "properties": {"target_id": "T0242", "type": "row_gap", "vineyard_id": "V02", "row_id": "V02-R07", "gap_m": 16.36, "x": 629163.25, "y": 5220732.04}, "geometry": {"type": "Point", "coordinates": [629163.25, 5220732.04]}}, {"type": "Feature", "properties": {"target_id": "T0243", "type": "row_gap", "vineyard_id": "V02", "row_id": "V02-R07", "gap_m": 12.33, "x": 629168.72, "y": 5220718.78}, "geometry": {"type": "Point", "coordinates": [629168.72, 5220718.78]}}, {"type": "Feature", "properties": {"target_id": "T0244", "type": "row_gap", "vineyard_id": "V02", "row_id": "V02-R06", "gap_m": 23.34, "x": 629132.09, "y": 5220801.51}, "geometry": {"type": "Point", "coordinates": [629132.09, 5220801.51]}}, {"type": "Feature", "properties": {"target_id": "T0245", "type": "row_gap", "vineyard_id": "V02", "row_id": "V02-R06", "gap_m": 18.42, "x": 629141.12, "y": 5220779.7}, "geometry": {"type": "Point", "coordinates": [629141.12, 5220779.7]}}, {"type": "Feature", "properties": {"target_id": "T0246", "type": "row_gap", "vineyard_id": "V02", "row_id": "V02-R06", "gap_m": 7.13, "x": 629146.02, "y": 5220767.9}, "geometry": {"type": "Point", "coordinates": [629146.02, 5220767.9]}}, {"type": "Feature", "properties": {"target_id": "T0247", "type": "row_gap", "vineyard_id": "V02", "row_id": "V02-R05", "gap_m": 7.56, "x": 629130.01, "y": 5220803.27}, "geometry": {"type": "Point", "coordinates": [629130.01, 5220803.27]}}, {"type": "Feature", "properties": {"target_id": "T0248", "type": "row_gap", "vineyard_id": "V02", "row_id": "V02-R05", "gap_m": 5.07, "x": 629146.28, "y": 5220763.59}, "geometry": {"type": "Point", "coordinates": [629146.28, 5220763.59]}}, {"type": "Feature", "properties": {"target_id": "T0249", "type": "row_gap", "vineyard_id": "V02", "row_id": "V02-R05", "gap_m": 9.14, "x": 629162.09, "y": 5220725.04}, "geometry": {"type": "Point", "coordinates": [629162.09, 5220725.04]}}, {"type": "Feature", "properties": {"target_id": "T0250", "type": "row_gap", "vineyard_id": "V02", "row_id": "V02-R03", "gap_m": 7.14, "x": 629126.98, "y": 5220803.82}, "geometry": {"type": "Point", "coordinates": [629126.98, 5220803.82]}}, {"type": "Feature", "properties": {"target_id": "T0251", "type": "row_gap", "vineyard_id": "V02", "row_id": "V02-R03", "gap_m": 32.25, "x": 629135.5, "y": 5220783.06}, "geometry": {"type": "Point", "coordinates": [629135.5, 5220783.06]}}, {"type": "Feature", "properties": {"target_id": "T0252", "type": "row_gap", "vineyard_id": "V02", "row_id": "V02-R03", "gap_m": 22.76, "x": 629149.23, "y": 5220749.63}, "geometry": {"type": "Point", "coordinates": [629149.23, 5220749.63]}}, {"type": "Feature", "properties": {"target_id": "T0253", "type": "row_gap", "vineyard_id": "V02", "row_id": "V02-R02", "gap_m": 28.56, "x": 629132.56, "y": 5220783.34}, "geometry": {"type": "Point", "coordinates": [629132.56, 5220783.34]}}, {"type": "Feature", "properties": {"target_id": "T0254", "type": "row_gap", "vineyard_id": "V02", "row_id": "V02-R02", "gap_m": 7.03, "x": 629149.72, "y": 5220741.59}, "geometry": {"type": "Point", "coordinates": [629149.72, 5220741.59]}}, {"type": "Feature", "properties": {"target_id": "T0255", "type": "row_gap", "vineyard_id": "V02", "row_id": "V02-R02", "gap_m": 22.68, "x": 629156.83, "y": 5220724.27}, "geometry": {"type": "Point", "coordinates": [629156.83, 5220724.27]}}, {"type": "Feature", "properties": {"target_id": "T0256", "type": "row_gap", "vineyard_id": "V02", "row_id": "V02-R01", "gap_m": 25.37, "x": 629131.46, "y": 5220778.77}, "geometry": {"type": "Point", "coordinates": [629131.46, 5220778.77]}}, {"type": "Feature", "properties": {"target_id": "T0257", "type": "row_gap", "vineyard_id": "V02", "row_id": "V02-R01", "gap_m": 11.76, "x": 629141.94, "y": 5220753.17}, "geometry": {"type": "Point", "coordinates": [629141.94, 5220753.17]}}, {"type": "Feature", "properties": {"target_id": "T0258", "type": "row_gap", "vineyard_id": "V02", "row_id": "V02-R01", "gap_m": 29.49, "x": 629150.78, "y": 5220731.58}, "geometry": {"type": "Point", "coordinates": [629150.78, 5220731.58]}}, {"type": "Feature", "properties": {"target_id": "T0259", "type": "row_gap", "vineyard_id": "V03", "row_id": "V03-R36", "gap_m": 14.51, "x": 629117.19, "y": 5220779.63}, "geometry": {"type": "Point", "coordinates": [629117.19, 5220779.63]}}, {"type": "Feature", "properties": {"target_id": "T0260", "type": "row_gap", "vineyard_id": "V03", "row_id": "V03-R29", "gap_m": 11.15, "x": 629104.35, "y": 5220772.01}, "geometry": {"type": "Point", "coordinates": [629104.35, 5220772.01]}}, {"type": "Feature", "properties": {"target_id": "T0261", "type": "row_gap", "vineyard_id": "V03", "row_id": "V03-R26", "gap_m": 15.81, "x": 629101.36, "y": 5220770.84}, "geometry": {"type": "Point", "coordinates": [629101.36, 5220770.84]}}, {"type": "Feature", "properties": {"target_id": "T0262", "type": "row_gap", "vineyard_id": "V03", "row_id": "V03-R23", "gap_m": 13.99, "x": 629098.63, "y": 5220769.52}, "geometry": {"type": "Point", "coordinates": [629098.63, 5220769.52]}}, {"type": "Feature", "properties": {"target_id": "T0263", "type": "row_gap", "vineyard_id": "V03", "row_id": "V03-R21", "gap_m": 10.87, "x": 629114.65, "y": 5220736.84}, "geometry": {"type": "Point", "coordinates": [629114.65, 5220736.84]}}, {"type": "Feature", "properties": {"target_id": "T0264", "type": "row_gap", "vineyard_id": "V02", "row_id": "V02-R66", "gap_m": 5.46, "x": 629291.87, "y": 5220779.13}, "geometry": {"type": "Point", "coordinates": [629291.87, 5220779.13]}}, {"type": "Feature", "properties": {"target_id": "T0265", "type": "row_gap", "vineyard_id": "V02", "row_id": "V02-R66", "gap_m": 26.06, "x": 629285.36, "y": 5220793.49}, "geometry": {"type": "Point", "coordinates": [629285.36, 5220793.49]}}, {"type": "Feature", "properties": {"target_id": "T0266", "type": "row_gap", "vineyard_id": "V02", "row_id": "V02-R65", "gap_m": 20.78, "x": 629281.84, "y": 5220794.05}, "geometry": {"type": "Point", "coordinates": [629281.84, 5220794.05]}}, {"type": "Feature", "properties": {"target_id": "T0267", "type": "row_gap", "vineyard_id": "V02", "row_id": "V02-R65", "gap_m": 21.42, "x": 629290.87, "y": 5220771.96}, "geometry": {"type": "Point", "coordinates": [629290.87, 5220771.96]}}, {"type": "Feature", "properties": {"target_id": "T0268", "type": "row_gap", "vineyard_id": "V02", "row_id": "V02-R64", "gap_m": 20.94, "x": 629284.28, "y": 5220781.56}, "geometry": {"type": "Point", "coordinates": [629284.28, 5220781.56]}}, {"type": "Feature", "properties": {"target_id": "T0269", "type": "row_gap", "vineyard_id": "V02", "row_id": "V02-R64", "gap_m": 8.61, "x": 629275.8, "y": 5220801.97}, "geometry": {"type": "Point", "coordinates": [629275.8, 5220801.97]}}, {"type": "Feature", "properties": {"target_id": "T0270", "type": "row_gap", "vineyard_id": "V02", "row_id": "V02-R63", "gap_m": 37.22, "x": 629281.62, "y": 5220781.89}, "geometry": {"type": "Point", "coordinates": [629281.62, 5220781.89]}}, {"type": "Feature", "properties": {"target_id": "T0271", "type": "row_gap", "vineyard_id": "V02", "row_id": "V02-R61", "gap_m": 5.66, "x": 629268.12, "y": 5220807.32}, "geometry": {"type": "Point", "coordinates": [629268.12, 5220807.32]}}, {"type": "Feature", "properties": {"target_id": "T0272", "type": "row_gap", "vineyard_id": "V02", "row_id": "V02-R61", "gap_m": 9.28, "x": 629274.55, "y": 5220791.89}, "geometry": {"type": "Point", "coordinates": [629274.55, 5220791.89]}}, {"type": "Feature", "properties": {"target_id": "T0273", "type": "row_gap", "vineyard_id": "V02", "row_id": "V02-R61", "gap_m": 10.55, "x": 629279.94, "y": 5220778.95}, "geometry": {"type": "Point", "coordinates": [629279.94, 5220778.95]}}, {"type": "Feature", "properties": {"target_id": "T0274", "type": "row_gap", "vineyard_id": "V02", "row_id": "V02-R59", "gap_m": 10.7, "x": 629266.47, "y": 5220804.75}, "geometry": {"type": "Point", "coordinates": [629266.47, 5220804.75]}}, {"type": "Feature", "properties": {"target_id": "T0275", "type": "row_gap", "vineyard_id": "V02", "row_id": "V02-R59", "gap_m": 6.06, "x": 629270.19, "y": 5220795.96}, "geometry": {"type": "Point", "coordinates": [629270.19, 5220795.96]}}, {"type": "Feature", "properties": {"target_id": "T0276", "type": "row_gap", "vineyard_id": "V02", "row_id": "V02-R59", "gap_m": 13.8, "x": 629274.05, "y": 5220786.81}, "geometry": {"type": "Point", "coordinates": [629274.05, 5220786.81]}}, {"type": "Feature", "properties": {"target_id": "T0277", "type": "row_gap", "vineyard_id": "V36", "row_id": "V36-R14", "gap_m": 8.92, "x": 629046.99, "y": 5220729.8}, "geometry": {"type": "Point", "coordinates": [629046.99, 5220729.8]}}, {"type": "Feature", "properties": {"target_id": "T0278", "type": "row_gap", "vineyard_id": "V36", "row_id": "V36-R14", "gap_m": 11.33, "x": 629052.61, "y": 5220721.37}, "geometry": {"type": "Point", "coordinates": [629052.61, 5220721.37]}}, {"type": "Feature", "properties": {"target_id": "T0279", "type": "row_gap", "vineyard_id": "V36", "row_id": "V36-R12", "gap_m": 8.0, "x": 629041.27, "y": 5220727.63}, "geometry": {"type": "Point", "coordinates": [629041.27, 5220727.63]}}, {"type": "Feature", "properties": {"target_id": "T0280", "type": "row_gap", "vineyard_id": "V36", "row_id": "V36-R12", "gap_m": 11.88, "x": 629047.82, "y": 5220717.63}, "geometry": {"type": "Point", "coordinates": [629047.82, 5220717.63]}}, {"type": "Feature", "properties": {"target_id": "T0281", "type": "row_gap", "vineyard_id": "V36", "row_id": "V36-R12", "gap_m": 14.38, "x": 629056.07, "y": 5220705.05}, "geometry": {"type": "Point", "coordinates": [629056.07, 5220705.05]}}, {"type": "Feature", "properties": {"target_id": "T0282", "type": "row_gap", "vineyard_id": "V36", "row_id": "V36-R12", "gap_m": 22.14, "x": 629066.51, "y": 5220689.13}, "geometry": {"type": "Point", "coordinates": [629066.51, 5220689.13]}}, {"type": "Feature", "properties": {"target_id": "T0283", "type": "row_gap", "vineyard_id": "V36", "row_id": "V36-R12", "gap_m": 7.15, "x": 629076.19, "y": 5220674.37}, "geometry": {"type": "Point", "coordinates": [629076.19, 5220674.37]}}, {"type": "Feature", "properties": {"target_id": "T0284", "type": "row_gap", "vineyard_id": "V36", "row_id": "V36-R10", "gap_m": 8.12, "x": 629036.84, "y": 5220723.74}, "geometry": {"type": "Point", "coordinates": [629036.84, 5220723.74]}}, {"type": "Feature", "properties": {"target_id": "T0285", "type": "row_gap", "vineyard_id": "V36", "row_id": "V36-R10", "gap_m": 7.84, "x": 629041.15, "y": 5220717.03}, "geometry": {"type": "Point", "coordinates": [629041.15, 5220717.03]}}, {"type": "Feature", "properties": {"target_id": "T0286", "type": "row_gap", "vineyard_id": "V36", "row_id": "V36-R10", "gap_m": 11.2, "x": 629055.98, "y": 5220694.41}, "geometry": {"type": "Point", "coordinates": [629055.98, 5220694.41]}}, {"type": "Feature", "properties": {"target_id": "T0287", "type": "row_gap", "vineyard_id": "V36", "row_id": "V36-R10", "gap_m": 22.57, "x": 629066.03, "y": 5220679.22}, "geometry": {"type": "Point", "coordinates": [629066.03, 5220679.22]}}, {"type": "Feature", "properties": {"target_id": "T0288", "type": "row_gap", "vineyard_id": "V36", "row_id": "V36-R09", "gap_m": 11.47, "x": 629046.01, "y": 5220704.01}, "geometry": {"type": "Point", "coordinates": [629046.01, 5220704.01]}}, {"type": "Feature", "properties": {"target_id": "T0289", "type": "row_gap", "vineyard_id": "V36", "row_id": "V36-R09", "gap_m": 17.54, "x": 629061.41, "y": 5220680.56}, "geometry": {"type": "Point", "coordinates": [629061.41, 5220680.56]}}, {"type": "Feature", "properties": {"target_id": "T0290", "type": "row_gap", "vineyard_id": "V36", "row_id": "V36-R09", "gap_m": 11.44, "x": 629069.22, "y": 5220668.36}, "geometry": {"type": "Point", "coordinates": [629069.22, 5220668.36]}}, {"type": "Feature", "properties": {"target_id": "T0291", "type": "row_gap", "vineyard_id": "V36", "row_id": "V36-R08", "gap_m": 5.4, "x": 629039.02, "y": 5220708.92}, "geometry": {"type": "Point", "coordinates": [629039.02, 5220708.92]}}, {"type": "Feature", "properties": {"target_id": "T0292", "type": "row_gap", "vineyard_id": "V36", "row_id": "V36-R08", "gap_m": 7.02, "x": 629044.8, "y": 5220700.25}, "geometry": {"type": "Point", "coordinates": [629044.8, 5220700.25]}}, {"type": "Feature", "properties": {"target_id": "T0293", "type": "row_gap", "vineyard_id": "V36", "row_id": "V36-R08", "gap_m": 5.2, "x": 629050.62, "y": 5220691.52}, "geometry": {"type": "Point", "coordinates": [629050.62, 5220691.52]}}, {"type": "Feature", "properties": {"target_id": "T0294", "type": "row_gap", "vineyard_id": "V36", "row_id": "V36-R08", "gap_m": 8.42, "x": 629055.53, "y": 5220684.12}, "geometry": {"type": "Point", "coordinates": [629055.53, 5220684.12]}}, {"type": "Feature", "properties": {"target_id": "T0295", "type": "row_gap", "vineyard_id": "V36", "row_id": "V36-R08", "gap_m": 7.9, "x": 629061.39, "y": 5220675.22}, "geometry": {"type": "Point", "coordinates": [629061.39, 5220675.22]}}, {"type": "Feature", "properties": {"target_id": "T0296", "type": "row_gap", "vineyard_id": "V36", "row_id": "V36-R08", "gap_m": 12.27, "x": 629066.93, "y": 5220666.79}, "geometry": {"type": "Point", "coordinates": [629066.93, 5220666.79]}}, {"type": "Feature", "properties": {"target_id": "T0297", "type": "row_gap", "vineyard_id": "V36", "row_id": "V36-R07", "gap_m": 5.55, "x": 629051.22, "y": 5220684.92}, "geometry": {"type": "Point", "coordinates": [629051.22, 5220684.92]}}, {"type": "Feature", "properties": {"target_id": "T0298", "type": "row_gap", "vineyard_id": "V36", "row_id": "V36-R07", "gap_m": 8.53, "x": 629057.98, "y": 5220674.59}, "geometry": {"type": "Point", "coordinates": [629057.98, 5220674.59]}}, {"type": "Feature", "properties": {"target_id": "T0299", "type": "row_gap", "vineyard_id": "V36", "row_id": "V36-R06", "gap_m": 8.31, "x": 629021.17, "y": 5220725.1}, "geometry": {"type": "Point", "coordinates": [629021.17, 5220725.1]}}, {"type": "Feature", "properties": {"target_id": "T0300", "type": "row_gap", "vineyard_id": "V36", "row_id": "V36-R06", "gap_m": 7.4, "x": 629031.47, "y": 5220709.34}, "geometry": {"type": "Point", "coordinates": [629031.47, 5220709.34]}}, {"type": "Feature", "properties": {"target_id": "T0301", "type": "row_gap", "vineyard_id": "V36", "row_id": "V36-R06", "gap_m": 17.82, "x": 629039.97, "y": 5220696.34}, "geometry": {"type": "Point", "coordinates": [629039.97, 5220696.34]}}, {"type": "Feature", "properties": {"target_id": "T0302", "type": "row_gap", "vineyard_id": "V36", "row_id": "V36-R06", "gap_m": 11.02, "x": 629052.44, "y": 5220677.25}, "geometry": {"type": "Point", "coordinates": [629052.44, 5220677.25]}}, {"type": "Feature", "properties": {"target_id": "T0303", "type": "row_gap", "vineyard_id": "V36", "row_id": "V36-R05", "gap_m": 8.04, "x": 629015.28, "y": 5220728.46}, "geometry": {"type": "Point", "coordinates": [629015.28, 5220728.46]}}, {"type": "Feature", "properties": {"target_id": "T0304", "type": "row_gap", "vineyard_id": "V36", "row_id": "V36-R05", "gap_m": 8.96, "x": 629020.71, "y": 5220720.21}, "geometry": {"type": "Point", "coordinates": [629020.71, 5220720.21]}}, {"type": "Feature", "properties": {"target_id": "T0305", "type": "row_gap", "vineyard_id": "V36", "row_id": "V36-R05", "gap_m": 5.32, "x": 629025.26, "y": 5220713.31}, "geometry": {"type": "Point", "coordinates": [629025.26, 5220713.31]}}, {"type": "Feature", "properties": {"target_id": "T0306", "type": "row_gap", "vineyard_id": "V36", "row_id": "V36-R05", "gap_m": 8.3, "x": 629033.71, "y": 5220700.49}, "geometry": {"type": "Point", "coordinates": [629033.71, 5220700.49]}}, {"type": "Feature", "properties": {"target_id": "T0307", "type": "row_gap", "vineyard_id": "V36", "row_id": "V36-R05", "gap_m": 7.96, "x": 629050.08, "y": 5220675.54}, "geometry": {"type": "Point", "coordinates": [629050.08, 5220675.54]}}, {"type": "Feature", "properties": {"target_id": "T0308", "type": "row_gap", "vineyard_id": "V36", "row_id": "V36-R04", "gap_m": 13.47, "x": 629024.29, "y": 5220709.66}, "geometry": {"type": "Point", "coordinates": [629024.29, 5220709.66]}}, {"type": "Feature", "properties": {"target_id": "T0309", "type": "row_gap", "vineyard_id": "V36", "row_id": "V36-R04", "gap_m": 5.54, "x": 629046.96, "y": 5220674.64}, "geometry": {"type": "Point", "coordinates": [629046.96, 5220674.64]}}, {"type": "Feature", "properties": {"target_id": "T0310", "type": "row_gap", "vineyard_id": "V36", "row_id": "V36-R04", "gap_m": 10.88, "x": 629060.12, "y": 5220654.94}, "geometry": {"type": "Point", "coordinates": [629060.12, 5220654.94]}}, {"type": "Feature", "properties": {"target_id": "T0311", "type": "row_gap", "vineyard_id": "V36", "row_id": "V36-R03", "gap_m": 5.99, "x": 629034.22, "y": 5220688.48}, "geometry": {"type": "Point", "coordinates": [629034.22, 5220688.48]}}, {"type": "Feature", "properties": {"target_id": "T0312", "type": "row_gap", "vineyard_id": "V36", "row_id": "V36-R03", "gap_m": 9.23, "x": 629040.95, "y": 5220678.47}, "geometry": {"type": "Point", "coordinates": [629040.95, 5220678.47]}}, {"type": "Feature", "properties": {"target_id": "T0313", "type": "row_gap", "vineyard_id": "V36", "row_id": "V36-R03", "gap_m": 10.77, "x": 629050.53, "y": 5220664.22}, "geometry": {"type": "Point", "coordinates": [629050.53, 5220664.22]}}, {"type": "Feature", "properties": {"target_id": "T0314", "type": "row_gap", "vineyard_id": "V36", "row_id": "V36-R02", "gap_m": 8.24, "x": 629010.26, "y": 5220719.97}, "geometry": {"type": "Point", "coordinates": [629010.26, 5220719.97]}}, {"type": "Feature", "properties": {"target_id": "T0315", "type": "row_gap", "vineyard_id": "V36", "row_id": "V36-R02", "gap_m": 10.68, "x": 629022.25, "y": 5220701.67}, "geometry": {"type": "Point", "coordinates": [629022.25, 5220701.67]}}, {"type": "Feature", "properties": {"target_id": "T0316", "type": "row_gap", "vineyard_id": "V36", "row_id": "V36-R02", "gap_m": 5.79, "x": 629028.72, "y": 5220691.8}, "geometry": {"type": "Point", "coordinates": [629028.72, 5220691.8]}}, {"type": "Feature", "properties": {"target_id": "T0317", "type": "row_gap", "vineyard_id": "V03", "row_id": "V03-R08", "gap_m": 41.78, "x": 629075.94, "y": 5220733.53}, "geometry": {"type": "Point", "coordinates": [629075.94, 5220733.53]}}, {"type": "Feature", "properties": {"target_id": "T0318", "type": "row_gap", "vineyard_id": "V03", "row_id": "V03-R08", "gap_m": 5.44, "x": 629093.22, "y": 5220709.43}, "geometry": {"type": "Point", "coordinates": [629093.22, 5220709.43]}}, {"type": "Feature", "properties": {"target_id": "T0319", "type": "row_gap", "vineyard_id": "V03", "row_id": "V03-R08", "gap_m": 12.33, "x": 629099.04, "y": 5220700.61}, "geometry": {"type": "Point", "coordinates": [629099.04, 5220700.61]}}, {"type": "Feature", "properties": {"target_id": "T0320", "type": "row_gap", "vineyard_id": "V03", "row_id": "V03-R08", "gap_m": 6.36, "x": 629105.13, "y": 5220691.4}, "geometry": {"type": "Point", "coordinates": [629105.13, 5220691.4]}}, {"type": "Feature", "properties": {"target_id": "T0321", "type": "row_gap", "vineyard_id": "V03", "row_id": "V03-R04", "gap_m": 5.77, "x": 629101.41, "y": 5220675.0}, "geometry": {"type": "Point", "coordinates": [629101.41, 5220675.0]}}, {"type": "Feature", "properties": {"target_id": "T0322", "type": "row_gap", "vineyard_id": "V36", "row_id": "V36-R13", "gap_m": 6.38, "x": 629048.67, "y": 5220721.7}, "geometry": {"type": "Point", "coordinates": [629048.67, 5220721.7]}}, {"type": "Feature", "properties": {"target_id": "T0323", "type": "row_gap", "vineyard_id": "V36", "row_id": "V36-R13", "gap_m": 7.82, "x": 629053.57, "y": 5220714.07}, "geometry": {"type": "Point", "coordinates": [629053.57, 5220714.07]}}, {"type": "Feature", "properties": {"target_id": "T0324", "type": "row_gap", "vineyard_id": "V36", "row_id": "V36-R13", "gap_m": 28.35, "x": 629067.17, "y": 5220693.41}, "geometry": {"type": "Point", "coordinates": [629067.17, 5220693.41]}}, {"type": "Feature", "properties": {"target_id": "T0325", "type": "row_gap", "vineyard_id": "V36", "row_id": "V36-R13", "gap_m": 7.82, "x": 629078.36, "y": 5220676.41}, "geometry": {"type": "Point", "coordinates": [629078.36, 5220676.41]}}, {"type": "Feature", "properties": {"target_id": "T0326", "type": "row_gap", "vineyard_id": "V36", "row_id": "V36-R13", "gap_m": 12.17, "x": 629083.77, "y": 5220668.01}, "geometry": {"type": "Point", "coordinates": [629083.77, 5220668.01]}}, {"type": "Feature", "properties": {"target_id": "T0327", "type": "row_gap", "vineyard_id": "V36", "row_id": "V36-R11", "gap_m": 15.58, "x": 629053.06, "y": 5220704.16}, "geometry": {"type": "Point", "coordinates": [629053.06, 5220704.16]}}, {"type": "Feature", "properties": {"target_id": "T0328", "type": "row_gap", "vineyard_id": "V03", "row_id": "V03-R37", "gap_m": 5.56, "x": 629135.17, "y": 5220756.23}, "geometry": {"type": "Point", "coordinates": [629135.17, 5220756.23]}}, {"type": "Feature", "properties": {"target_id": "T0329", "type": "row_gap", "vineyard_id": "V03", "row_id": "V03-R35", "gap_m": 7.83, "x": 629132.89, "y": 5220752.42}, "geometry": {"type": "Point", "coordinates": [629132.89, 5220752.42]}}, {"type": "Feature", "properties": {"target_id": "T0330", "type": "row_gap", "vineyard_id": "V03", "row_id": "V03-R35", "gap_m": 10.84, "x": 629141.07, "y": 5220739.48}, "geometry": {"type": "Point", "coordinates": [629141.07, 5220739.48]}}, {"type": "Feature", "properties": {"target_id": "T0331", "type": "row_gap", "vineyard_id": "V03", "row_id": "V03-R33", "gap_m": 8.91, "x": 629130.76, "y": 5220750.3}, "geometry": {"type": "Point", "coordinates": [629130.76, 5220750.3]}}, {"type": "Feature", "properties": {"target_id": "T0332", "type": "row_gap", "vineyard_id": "V03", "row_id": "V03-R33", "gap_m": 8.35, "x": 629138.66, "y": 5220738.09}, "geometry": {"type": "Point", "coordinates": [629138.66, 5220738.09]}}, {"type": "Feature", "properties": {"target_id": "T0333", "type": "row_gap", "vineyard_id": "V03", "row_id": "V03-R30", "gap_m": 5.23, "x": 629118.26, "y": 5220753.19}, "geometry": {"type": "Point", "coordinates": [629118.26, 5220753.19]}}, {"type": "Feature", "properties": {"target_id": "T0334", "type": "row_gap", "vineyard_id": "V03", "row_id": "V03-R30", "gap_m": 6.86, "x": 629132.82, "y": 5220730.75}, "geometry": {"type": "Point", "coordinates": [629132.82, 5220730.75]}}, {"type": "Feature", "properties": {"target_id": "T0335", "type": "row_gap", "vineyard_id": "V03", "row_id": "V03-R30", "gap_m": 5.77, "x": 629138.05, "y": 5220722.7}, "geometry": {"type": "Point", "coordinates": [629138.05, 5220722.7]}}, {"type": "Feature", "properties": {"target_id": "T0336", "type": "row_gap", "vineyard_id": "V03", "row_id": "V03-R27", "gap_m": 9.37, "x": 629112.6, "y": 5220756.58}, "geometry": {"type": "Point", "coordinates": [629112.6, 5220756.58]}}, {"type": "Feature", "properties": {"target_id": "T0337", "type": "row_gap", "vineyard_id": "V03", "row_id": "V03-R27", "gap_m": 6.52, "x": 629119.35, "y": 5220745.93}, "geometry": {"type": "Point", "coordinates": [629119.35, 5220745.93]}}, {"type": "Feature", "properties": {"target_id": "T0338", "type": "row_gap", "vineyard_id": "V03", "row_id": "V03-R27", "gap_m": 6.06, "x": 629127.28, "y": 5220733.7}, "geometry": {"type": "Point", "coordinates": [629127.28, 5220733.7]}}, {"type": "Feature", "properties": {"target_id": "T0339", "type": "row_gap", "vineyard_id": "V03", "row_id": "V03-R27", "gap_m": 8.93, "x": 629136.8, "y": 5220719.01}, "geometry": {"type": "Point", "coordinates": [629136.8, 5220719.01]}}, {"type": "Feature", "properties": {"target_id": "T0340", "type": "row_gap", "vineyard_id": "V03", "row_id": "V03-R24", "gap_m": 9.7, "x": 629136.59, "y": 5220714.15}, "geometry": {"type": "Point", "coordinates": [629136.59, 5220714.15]}}, {"type": "Feature", "properties": {"target_id": "T0341", "type": "row_gap", "vineyard_id": "V03", "row_id": "V03-R13", "gap_m": 8.38, "x": 629096.87, "y": 5220720.73}, "geometry": {"type": "Point", "coordinates": [629096.87, 5220720.73]}}, {"type": "Feature", "properties": {"target_id": "T0342", "type": "row_gap", "vineyard_id": "V03", "row_id": "V03-R13", "gap_m": 11.56, "x": 629106.6, "y": 5220705.71}, "geometry": {"type": "Point", "coordinates": [629106.6, 5220705.71]}}, {"type": "Feature", "properties": {"target_id": "T0343", "type": "row_gap", "vineyard_id": "V03", "row_id": "V03-R13", "gap_m": 32.66, "x": 629126.55, "y": 5220674.91}, "geometry": {"type": "Point", "coordinates": [629126.55, 5220674.91]}}, {"type": "Feature", "properties": {"target_id": "T0344", "type": "row_gap", "vineyard_id": "V36", "row_id": "V36-R01", "gap_m": 11.56, "x": 629025.4, "y": 5220691.98}, "geometry": {"type": "Point", "coordinates": [629025.4, 5220691.98]}}, {"type": "Feature", "properties": {"target_id": "T0345", "type": "row_gap", "vineyard_id": "V03", "row_id": "V03-R07", "gap_m": 7.11, "x": 629103.38, "y": 5220688.58}, "geometry": {"type": "Point", "coordinates": [629103.38, 5220688.58]}}, {"type": "Feature", "properties": {"target_id": "T0346", "type": "row_gap", "vineyard_id": "V03", "row_id": "V03-R07", "gap_m": 9.8, "x": 629108.86, "y": 5220680.17}, "geometry": {"type": "Point", "coordinates": [629108.86, 5220680.17]}}, {"type": "Feature", "properties": {"target_id": "T0347", "type": "row_gap", "vineyard_id": "V03", "row_id": "V03-R05", "gap_m": 7.05, "x": 629084.23, "y": 5220706.25}, "geometry": {"type": "Point", "coordinates": [629084.23, 5220706.25]}}, {"type": "Feature", "properties": {"target_id": "T0348", "type": "row_gap", "vineyard_id": "V03", "row_id": "V03-R05", "gap_m": 5.84, "x": 629099.95, "y": 5220682.6}, "geometry": {"type": "Point", "coordinates": [629099.95, 5220682.6]}}, {"type": "Feature", "properties": {"target_id": "T0349", "type": "row_gap", "vineyard_id": "V03", "row_id": "V03-R03", "gap_m": 9.77, "x": 629077.33, "y": 5220705.73}, "geometry": {"type": "Point", "coordinates": [629077.33, 5220705.73]}}, {"type": "Feature", "properties": {"target_id": "T0350", "type": "row_gap", "vineyard_id": "V03", "row_id": "V03-R03", "gap_m": 13.77, "x": 629089.69, "y": 5220687.07}, "geometry": {"type": "Point", "coordinates": [629089.69, 5220687.07]}}, {"type": "Feature", "properties": {"target_id": "T0351", "type": "row_gap", "vineyard_id": "V03", "row_id": "V03-R03", "gap_m": 8.85, "x": 629098.05, "y": 5220674.35}, "geometry": {"type": "Point", "coordinates": [629098.05, 5220674.35]}}, {"type": "Feature", "properties": {"target_id": "T0352", "type": "row_gap", "vineyard_id": "V03", "row_id": "V03-R09", "gap_m": 6.24, "x": 629126.64, "y": 5220664.16}, "geometry": {"type": "Point", "coordinates": [629126.64, 5220664.16]}}, {"type": "Feature", "properties": {"target_id": "T0353", "type": "row_gap", "vineyard_id": "V03", "row_id": "V03-R10", "gap_m": 5.06, "x": 629117.04, "y": 5220682.29}, "geometry": {"type": "Point", "coordinates": [629117.04, 5220682.29]}}, {"type": "Feature", "properties": {"target_id": "T0354", "type": "row_gap", "vineyard_id": "V02", "row_id": "V02-R09", "gap_m": 50.74, "x": 629185.38, "y": 5220683.01}, "geometry": {"type": "Point", "coordinates": [629185.38, 5220683.01]}}, {"type": "Feature", "properties": {"target_id": "T0355", "type": "row_gap", "vineyard_id": "V05", "row_id": "V05-R24", "gap_m": 43.29, "x": 629176.36, "y": 5220625.51}, "geometry": {"type": "Point", "coordinates": [629176.36, 5220625.51]}}, {"type": "Feature", "properties": {"target_id": "T0356", "type": "row_gap", "vineyard_id": "V05", "row_id": "V05-R22", "gap_m": 30.79, "x": 629181.05, "y": 5220619.65}, "geometry": {"type": "Point", "coordinates": [629181.05, 5220619.65]}}, {"type": "Feature", "properties": {"target_id": "T0357", "type": "row_gap", "vineyard_id": "V05", "row_id": "V05-R20", "gap_m": 16.96, "x": 629172.13, "y": 5220617.39}, "geometry": {"type": "Point", "coordinates": [629172.13, 5220617.39]}}, {"type": "Feature", "properties": {"target_id": "T0358", "type": "row_gap", "vineyard_id": "V05", "row_id": "V05-R20", "gap_m": 15.49, "x": 629186.5, "y": 5220609.84}, "geometry": {"type": "Point", "coordinates": [629186.5, 5220609.84]}}, {"type": "Feature", "properties": {"target_id": "T0359", "type": "row_gap", "vineyard_id": "V05", "row_id": "V05-R23", "gap_m": 5.16, "x": 629206.28, "y": 5220608.88}, "geometry": {"type": "Point", "coordinates": [629206.28, 5220608.88]}}, {"type": "Feature", "properties": {"target_id": "T0360", "type": "row_gap", "vineyard_id": "V04", "row_id": "V04-R04", "gap_m": 11.88, "x": 629397.34, "y": 5220639.08}, "geometry": {"type": "Point", "coordinates": [629397.34, 5220639.08]}}, {"type": "Feature", "properties": {"target_id": "T0361", "type": "row_gap", "vineyard_id": "V04", "row_id": "V04-R03", "gap_m": 10.26, "x": 629393.95, "y": 5220641.05}, "geometry": {"type": "Point", "coordinates": [629393.95, 5220641.05]}}, {"type": "Feature", "properties": {"target_id": "T0362", "type": "row_gap", "vineyard_id": "V04", "row_id": "V04-R03", "gap_m": 5.3, "x": 629391.46, "y": 5220632.75}, "geometry": {"type": "Point", "coordinates": [629391.46, 5220632.75]}}, {"type": "Feature", "properties": {"target_id": "T0363", "type": "row_gap", "vineyard_id": "V04", "row_id": "V04-R01", "gap_m": 27.81, "x": 629388.03, "y": 5220644.82}, "geometry": {"type": "Point", "coordinates": [629388.03, 5220644.82]}}, {"type": "Feature", "properties": {"target_id": "T0364", "type": "row_gap", "vineyard_id": "V05", "row_id": "V05-R18", "gap_m": 7.58, "x": 629202.49, "y": 5220595.94}, "geometry": {"type": "Point", "coordinates": [629202.49, 5220595.94]}}, {"type": "Feature", "properties": {"target_id": "T0365", "type": "row_gap", "vineyard_id": "V05", "row_id": "V05-R17", "gap_m": 8.85, "x": 629189.33, "y": 5220600.47}, "geometry": {"type": "Point", "coordinates": [629189.33, 5220600.47]}}, {"type": "Feature", "properties": {"target_id": "T0366", "type": "row_gap", "vineyard_id": "V05", "row_id": "V05-R16", "gap_m": 6.56, "x": 629204.16, "y": 5220590.23}, "geometry": {"type": "Point", "coordinates": [629204.16, 5220590.23]}}, {"type": "Feature", "properties": {"target_id": "T0367", "type": "row_gap", "vineyard_id": "V05", "row_id": "V05-R15", "gap_m": 22.47, "x": 629205.31, "y": 5220585.75}, "geometry": {"type": "Point", "coordinates": [629205.31, 5220585.75]}}, {"type": "Feature", "properties": {"target_id": "T0368", "type": "row_gap", "vineyard_id": "V05", "row_id": "V05-R13", "gap_m": 5.05, "x": 629187.98, "y": 5220590.82}, "geometry": {"type": "Point", "coordinates": [629187.98, 5220590.82]}}, {"type": "Feature", "properties": {"target_id": "T0369", "type": "row_gap", "vineyard_id": "V05", "row_id": "V05-R12", "gap_m": 5.51, "x": 629185.51, "y": 5220589.61}, "geometry": {"type": "Point", "coordinates": [629185.51, 5220589.61]}}, {"type": "Feature", "properties": {"target_id": "T0370", "type": "row_gap", "vineyard_id": "V05", "row_id": "V05-R10", "gap_m": 5.91, "x": 629192.3, "y": 5220580.76}, "geometry": {"type": "Point", "coordinates": [629192.3, 5220580.76]}}, {"type": "Feature", "properties": {"target_id": "T0371", "type": "row_gap", "vineyard_id": "V05", "row_id": "V05-R10", "gap_m": 6.01, "x": 629207.18, "y": 5220572.76}, "geometry": {"type": "Point", "coordinates": [629207.18, 5220572.76]}}, {"type": "Feature", "properties": {"target_id": "T0372", "type": "row_gap", "vineyard_id": "V05", "row_id": "V05-R09", "gap_m": 14.95, "x": 629205.24, "y": 5220571.37}, "geometry": {"type": "Point", "coordinates": [629205.24, 5220571.37]}}, {"type": "Feature", "properties": {"target_id": "T0373", "type": "row_gap", "vineyard_id": "V05", "row_id": "V05-R09", "gap_m": 12.59, "x": 629221.75, "y": 5220562.57}, "geometry": {"type": "Point", "coordinates": [629221.75, 5220562.57]}}, {"type": "Feature", "properties": {"target_id": "T0374", "type": "row_gap", "vineyard_id": "V05", "row_id": "V05-R08", "gap_m": 10.53, "x": 629165.23, "y": 5220589.97}, "geometry": {"type": "Point", "coordinates": [629165.23, 5220589.97]}}, {"type": "Feature", "properties": {"target_id": "T0375", "type": "row_gap", "vineyard_id": "V05", "row_id": "V05-R08", "gap_m": 8.66, "x": 629173.73, "y": 5220585.52}, "geometry": {"type": "Point", "coordinates": [629173.73, 5220585.52]}}, {"type": "Feature", "properties": {"target_id": "T0376", "type": "row_gap", "vineyard_id": "V05", "row_id": "V05-R07", "gap_m": 19.74, "x": 629169.33, "y": 5220584.88}, "geometry": {"type": "Point", "coordinates": [629169.33, 5220584.88]}}, {"type": "Feature", "properties": {"target_id": "T0377", "type": "row_gap", "vineyard_id": "V05", "row_id": "V05-R06", "gap_m": 11.39, "x": 629189.87, "y": 5220572.07}, "geometry": {"type": "Point", "coordinates": [629189.87, 5220572.07]}}, {"type": "Feature", "properties": {"target_id": "T0378", "type": "row_gap", "vineyard_id": "V05", "row_id": "V05-R06", "gap_m": 7.31, "x": 629201.73, "y": 5220565.48}, "geometry": {"type": "Point", "coordinates": [629201.73, 5220565.48]}}, {"type": "Feature", "properties": {"target_id": "T0379", "type": "row_gap", "vineyard_id": "V05", "row_id": "V05-R06", "gap_m": 8.7, "x": 629210.51, "y": 5220560.61}, "geometry": {"type": "Point", "coordinates": [629210.51, 5220560.61]}}, {"type": "Feature", "properties": {"target_id": "T0380", "type": "row_gap", "vineyard_id": "V05", "row_id": "V05-R05", "gap_m": 16.13, "x": 629187.65, "y": 5220570.55}, "geometry": {"type": "Point", "coordinates": [629187.65, 5220570.55]}}, {"type": "Feature", "properties": {"target_id": "T0381", "type": "row_gap", "vineyard_id": "V05", "row_id": "V05-R05", "gap_m": 6.41, "x": 629203.49, "y": 5220562.02}, "geometry": {"type": "Point", "coordinates": [629203.49, 5220562.02]}}, {"type": "Feature", "properties": {"target_id": "T0382", "type": "row_gap", "vineyard_id": "V05", "row_id": "V05-R05", "gap_m": 9.01, "x": 629211.23, "y": 5220557.94}, "geometry": {"type": "Point", "coordinates": [629211.23, 5220557.94]}}, {"type": "Feature", "properties": {"target_id": "T0383", "type": "row_gap", "vineyard_id": "V05", "row_id": "V05-R04", "gap_m": 8.51, "x": 629179.15, "y": 5220572.51}, "geometry": {"type": "Point", "coordinates": [629179.15, 5220572.51]}}, {"type": "Feature", "properties": {"target_id": "T0384", "type": "row_gap", "vineyard_id": "V05", "row_id": "V05-R04", "gap_m": 6.28, "x": 629202.95, "y": 5220559.74}, "geometry": {"type": "Point", "coordinates": [629202.95, 5220559.74]}}, {"type": "Feature", "properties": {"target_id": "T0385", "type": "row_gap", "vineyard_id": "V05", "row_id": "V05-R02", "gap_m": 6.67, "x": 629202.28, "y": 5220554.8}, "geometry": {"type": "Point", "coordinates": [629202.28, 5220554.8]}}, {"type": "Feature", "properties": {"target_id": "T0386", "type": "row_gap", "vineyard_id": "V05", "row_id": "V05-R02", "gap_m": 7.27, "x": 629210.33, "y": 5220550.4}, "geometry": {"type": "Point", "coordinates": [629210.33, 5220550.4]}}, {"type": "Feature", "properties": {"target_id": "T0387", "type": "row_gap", "vineyard_id": "V05", "row_id": "V05-R01", "gap_m": 35.76, "x": 629176.33, "y": 5220566.04}, "geometry": {"type": "Point", "coordinates": [629176.33, 5220566.04]}}, {"type": "Feature", "properties": {"target_id": "T0388", "type": "row_gap", "vineyard_id": "V05", "row_id": "V05-R01", "gap_m": 7.25, "x": 629195.32, "y": 5220555.96}, "geometry": {"type": "Point", "coordinates": [629195.32, 5220555.96]}}, {"type": "Feature", "properties": {"target_id": "T0389", "type": "row_gap", "vineyard_id": "V06", "row_id": "V06-R21", "gap_m": 30.02, "x": 629173.51, "y": 5220547.38}, "geometry": {"type": "Point", "coordinates": [629173.51, 5220547.38]}}, {"type": "Feature", "properties": {"target_id": "T0390", "type": "row_gap", "vineyard_id": "V06", "row_id": "V06-R20", "gap_m": 7.86, "x": 629190.03, "y": 5220532.78}, "geometry": {"type": "Point", "coordinates": [629190.03, 5220532.78]}}, {"type": "Feature", "properties": {"target_id": "T0391", "type": "row_gap", "vineyard_id": "V06", "row_id": "V06-R20", "gap_m": 21.25, "x": 629176.3, "y": 5220540.15}, "geometry": {"type": "Point", "coordinates": [629176.3, 5220540.15]}}, {"type": "Feature", "properties": {"target_id": "T0392", "type": "row_gap", "vineyard_id": "V06", "row_id": "V06-R19", "gap_m": 11.55, "x": 629174.09, "y": 5220538.96}, "geometry": {"type": "Point", "coordinates": [629174.09, 5220538.96]}}, {"type": "Feature", "properties": {"target_id": "T0393", "type": "row_gap", "vineyard_id": "V06", "row_id": "V06-R19", "gap_m": 6.19, "x": 629186.46, "y": 5220532.23}, "geometry": {"type": "Point", "coordinates": [629186.46, 5220532.23]}}, {"type": "Feature", "properties": {"target_id": "T0394", "type": "row_gap", "vineyard_id": "V06", "row_id": "V06-R19", "gap_m": 13.01, "x": 629213.08, "y": 5220517.74}, "geometry": {"type": "Point", "coordinates": [629213.08, 5220517.74]}}, {"type": "Feature", "properties": {"target_id": "T0395", "type": "row_gap", "vineyard_id": "V06", "row_id": "V06-R18", "gap_m": 5.09, "x": 629167.27, "y": 5220540.07}, "geometry": {"type": "Point", "coordinates": [629167.27, 5220540.07]}}, {"type": "Feature", "properties": {"target_id": "T0396", "type": "row_gap", "vineyard_id": "V06", "row_id": "V06-R18", "gap_m": 6.71, "x": 629191.61, "y": 5220526.79}, "geometry": {"type": "Point", "coordinates": [629191.61, 5220526.79]}}, {"type": "Feature", "properties": {"target_id": "T0397", "type": "row_gap", "vineyard_id": "V06", "row_id": "V06-R18", "gap_m": 5.49, "x": 629223.16, "y": 5220509.59}, "geometry": {"type": "Point", "coordinates": [629223.16, 5220509.59]}}, {"type": "Feature", "properties": {"target_id": "T0398", "type": "row_gap", "vineyard_id": "V06", "row_id": "V06-R17", "gap_m": 5.62, "x": 629216.2, "y": 5220510.94}, "geometry": {"type": "Point", "coordinates": [629216.2, 5220510.94]}}, {"type": "Feature", "properties": {"target_id": "T0399", "type": "row_gap", "vineyard_id": "V06", "row_id": "V06-R17", "gap_m": 6.06, "x": 629207.95, "y": 5220515.42}, "geometry": {"type": "Point", "coordinates": [629207.95, 5220515.42]}}, {"type": "Feature", "properties": {"target_id": "T0400", "type": "row_gap", "vineyard_id": "V06", "row_id": "V06-R17", "gap_m": 6.54, "x": 629172.61, "y": 5220534.58}, "geometry": {"type": "Point", "coordinates": [629172.61, 5220534.58]}}, {"type": "Feature", "properties": {"target_id": "T0401", "type": "row_gap", "vineyard_id": "V06", "row_id": "V06-R16", "gap_m": 5.01, "x": 629160.61, "y": 5220538.48}, "geometry": {"type": "Point", "coordinates": [629160.61, 5220538.48]}}, {"type": "Feature", "properties": {"target_id": "T0402", "type": "row_gap", "vineyard_id": "V06", "row_id": "V06-R16", "gap_m": 8.8, "x": 629169.39, "y": 5220533.73}, "geometry": {"type": "Point", "coordinates": [629169.39, 5220533.73]}}, {"type": "Feature", "properties": {"target_id": "T0403", "type": "row_gap", "vineyard_id": "V06", "row_id": "V06-R16", "gap_m": 5.05, "x": 629185.99, "y": 5220524.74}, "geometry": {"type": "Point", "coordinates": [629185.99, 5220524.74]}}, {"type": "Feature", "properties": {"target_id": "T0404", "type": "row_gap", "vineyard_id": "V06", "row_id": "V06-R15", "gap_m": 5.94, "x": 629167.17, "y": 5220532.11}, "geometry": {"type": "Point", "coordinates": [629167.17, 5220532.11]}}, {"type": "Feature", "properties": {"target_id": "T0405", "type": "row_gap", "vineyard_id": "V06", "row_id": "V06-R15", "gap_m": 7.15, "x": 629219.95, "y": 5220503.45}, "geometry": {"type": "Point", "coordinates": [629219.95, 5220503.45]}}, {"type": "Feature", "properties": {"target_id": "T0406", "type": "row_gap", "vineyard_id": "V06", "row_id": "V06-R14", "gap_m": 5.26, "x": 629185.21, "y": 5220519.79}, "geometry": {"type": "Point", "coordinates": [629185.21, 5220519.79]}}, {"type": "Feature", "properties": {"target_id": "T0407", "type": "row_gap", "vineyard_id": "V06", "row_id": "V06-R14", "gap_m": 8.06, "x": 629231.63, "y": 5220494.85}, "geometry": {"type": "Point", "coordinates": [629231.63, 5220494.85]}}, {"type": "Feature", "properties": {"target_id": "T0408", "type": "row_gap", "vineyard_id": "V06", "row_id": "V06-R13", "gap_m": 13.09, "x": 629203.66, "y": 5220506.51}, "geometry": {"type": "Point", "coordinates": [629203.66, 5220506.51]}}, {"type": "Feature", "properties": {"target_id": "T0409", "type": "row_gap", "vineyard_id": "V06", "row_id": "V06-R13", "gap_m": 10.73, "x": 629214.25, "y": 5220501.06}, "geometry": {"type": "Point", "coordinates": [629214.25, 5220501.06]}}, {"type": "Feature", "properties": {"target_id": "T0410", "type": "row_gap", "vineyard_id": "V06", "row_id": "V06-R11", "gap_m": 9.73, "x": 629182.06, "y": 5220511.01}, "geometry": {"type": "Point", "coordinates": [629182.06, 5220511.01]}}, {"type": "Feature", "properties": {"target_id": "T0411", "type": "row_gap", "vineyard_id": "V06", "row_id": "V06-R10", "gap_m": 38.89, "x": 629201.4, "y": 5220499.34}, "geometry": {"type": "Point", "coordinates": [629201.4, 5220499.34]}}, {"type": "Feature", "properties": {"target_id": "T0412", "type": "row_gap", "vineyard_id": "V06", "row_id": "V06-R10", "gap_m": 21.77, "x": 629232.32, "y": 5220484.43}, "geometry": {"type": "Point", "coordinates": [629232.32, 5220484.43]}}, {"type": "Feature", "properties": {"target_id": "T0413", "type": "row_gap", "vineyard_id": "V34", "row_id": "V34-R21", "gap_m": 8.27, "x": 629502.09, "y": 5220530.37}, "geometry": {"type": "Point", "coordinates": [629502.09, 5220530.37]}}, {"type": "Feature", "properties": {"target_id": "T0414", "type": "row_gap", "vineyard_id": "V34", "row_id": "V34-R21", "gap_m": 17.87, "x": 629498.47, "y": 5220542.93}, "geometry": {"type": "Point", "coordinates": [629498.47, 5220542.93]}}, {"type": "Feature", "properties": {"target_id": "T0415", "type": "row_gap", "vineyard_id": "V34", "row_id": "V34-R19", "gap_m": 11.23, "x": 629496.33, "y": 5220543.57}, "geometry": {"type": "Point", "coordinates": [629496.33, 5220543.57]}}, {"type": "Feature", "properties": {"target_id": "T0416", "type": "row_gap", "vineyard_id": "V34", "row_id": "V34-R19", "gap_m": 16.98, "x": 629500.47, "y": 5220530.08}, "geometry": {"type": "Point", "coordinates": [629500.47, 5220530.08]}}, {"type": "Feature", "properties": {"target_id": "T0417", "type": "row_gap", "vineyard_id": "V34", "row_id": "V34-R17", "gap_m": 30.66, "x": 629495.44, "y": 5220531.13}, "geometry": {"type": "Point", "coordinates": [629495.44, 5220531.13]}}, {"type": "Feature", "properties": {"target_id": "T0418", "type": "row_gap", "vineyard_id": "V34", "row_id": "V34-R16", "gap_m": 13.0, "x": 629490.34, "y": 5220541.02}, "geometry": {"type": "Point", "coordinates": [629490.34, 5220541.02]}}, {"type": "Feature", "properties": {"target_id": "T0419", "type": "row_gap", "vineyard_id": "V34", "row_id": "V34-R15", "gap_m": 21.96, "x": 629492.06, "y": 5220530.37}, "geometry": {"type": "Point", "coordinates": [629492.06, 5220530.37]}}, {"type": "Feature", "properties": {"target_id": "T0420", "type": "row_gap", "vineyard_id": "V34", "row_id": "V34-R14", "gap_m": 34.37, "x": 629489.88, "y": 5220527.91}, "geometry": {"type": "Point", "coordinates": [629489.88, 5220527.91]}}, {"type": "Feature", "properties": {"target_id": "T0421", "type": "row_gap", "vineyard_id": "V34", "row_id": "V34-R11", "gap_m": 12.21, "x": 629490.06, "y": 5220514.37}, "geometry": {"type": "Point", "coordinates": [629490.06, 5220514.37]}}, {"type": "Feature", "properties": {"target_id": "T0422", "type": "row_gap", "vineyard_id": "V34", "row_id": "V34-R11", "gap_m": 26.1, "x": 629483.5, "y": 5220534.9}, "geometry": {"type": "Point", "coordinates": [629483.5, 5220534.9]}}, {"type": "Feature", "properties": {"target_id": "T0423", "type": "row_gap", "vineyard_id": "V34", "row_id": "V34-R11", "gap_m": 7.53, "x": 629478.39, "y": 5220550.92}, "geometry": {"type": "Point", "coordinates": [629478.39, 5220550.92]}}, {"type": "Feature", "properties": {"target_id": "T0424", "type": "row_gap", "vineyard_id": "V34", "row_id": "V34-R08", "gap_m": 5.8, "x": 629477.39, "y": 5220545.69}, "geometry": {"type": "Point", "coordinates": [629477.39, 5220545.69]}}, {"type": "Feature", "properties": {"target_id": "T0425", "type": "row_gap", "vineyard_id": "V34", "row_id": "V34-R08", "gap_m": 11.39, "x": 629479.91, "y": 5220537.48}, "geometry": {"type": "Point", "coordinates": [629479.91, 5220537.48]}}, {"type": "Feature", "properties": {"target_id": "T0426", "type": "row_gap", "vineyard_id": "V34", "row_id": "V34-R08", "gap_m": 11.09, "x": 629483.21, "y": 5220526.73}, "geometry": {"type": "Point", "coordinates": [629483.21, 5220526.73]}}, {"type": "Feature", "properties": {"target_id": "T0427", "type": "row_gap", "vineyard_id": "V34", "row_id": "V34-R08", "gap_m": 10.48, "x": 629486.37, "y": 5220516.42}, "geometry": {"type": "Point", "coordinates": [629486.37, 5220516.42]}}, {"type": "Feature", "properties": {"target_id": "T0428", "type": "row_gap", "vineyard_id": "V34", "row_id": "V34-R07", "gap_m": 11.73, "x": 629474.12, "y": 5220543.87}, "geometry": {"type": "Point", "coordinates": [629474.12, 5220543.87]}}, {"type": "Feature", "properties": {"target_id": "T0429", "type": "row_gap", "vineyard_id": "V34", "row_id": "V34-R07", "gap_m": 24.21, "x": 629480.22, "y": 5220526.02}, "geometry": {"type": "Point", "coordinates": [629480.22, 5220526.02]}}, {"type": "Feature", "properties": {"target_id": "T0430", "type": "row_gap", "vineyard_id": "V34", "row_id": "V34-R07", "gap_m": 5.77, "x": 629485.7, "y": 5220510.02}, "geometry": {"type": "Point", "coordinates": [629485.7, 5220510.02]}}, {"type": "Feature", "properties": {"target_id": "T0431", "type": "row_gap", "vineyard_id": "V34", "row_id": "V34-R05", "gap_m": 6.6, "x": 629469.77, "y": 5220550.17}, "geometry": {"type": "Point", "coordinates": [629469.77, 5220550.17]}}, {"type": "Feature", "properties": {"target_id": "T0432", "type": "row_gap", "vineyard_id": "V34", "row_id": "V34-R03", "gap_m": 8.04, "x": 629468.7, "y": 5220544.67}, "geometry": {"type": "Point", "coordinates": [629468.7, 5220544.67]}}, {"type": "Feature", "properties": {"target_id": "T0433", "type": "row_gap", "vineyard_id": "V34", "row_id": "V34-R03", "gap_m": 18.8, "x": 629473.5, "y": 5220528.2}, "geometry": {"type": "Point", "coordinates": [629473.5, 5220528.2]}}, {"type": "Feature", "properties": {"target_id": "T0434", "type": "row_gap", "vineyard_id": "V34", "row_id": "V34-R03", "gap_m": 12.13, "x": 629478.74, "y": 5220511.56}, "geometry": {"type": "Point", "coordinates": [629478.74, 5220511.56]}}, {"type": "Feature", "properties": {"target_id": "T0435", "type": "row_gap", "vineyard_id": "V34", "row_id": "V34-R02", "gap_m": 30.8, "x": 629470.56, "y": 5220524.77}, "geometry": {"type": "Point", "coordinates": [629470.56, 5220524.77]}}, {"type": "Feature", "properties": {"target_id": "T0436", "type": "row_gap", "vineyard_id": "V34", "row_id": "V34-R02", "gap_m": 5.09, "x": 629463.08, "y": 5220548.35}, "geometry": {"type": "Point", "coordinates": [629463.08, 5220548.35]}}, {"type": "Feature", "properties": {"target_id": "T0437", "type": "row_gap", "vineyard_id": "V34", "row_id": "V34-R01", "gap_m": 5.07, "x": 629465.02, "y": 5220532.77}, "geometry": {"type": "Point", "coordinates": [629465.02, 5220532.77]}}, {"type": "Feature", "properties": {"target_id": "T0438", "type": "row_gap", "vineyard_id": "V34", "row_id": "V34-R01", "gap_m": 9.59, "x": 629460.67, "y": 5220545.25}, "geometry": {"type": "Point", "coordinates": [629460.67, 5220545.25]}}, {"type": "Feature", "properties": {"target_id": "T0439", "type": "row_gap", "vineyard_id": "V34", "row_id": "V34-R13", "gap_m": 7.66, "x": 629486.53, "y": 5220515.31}, "geometry": {"type": "Point", "coordinates": [629486.53, 5220515.31]}}, {"type": "Feature", "properties": {"target_id": "T0440", "type": "row_gap", "vineyard_id": "V34", "row_id": "V34-R09", "gap_m": 30.75, "x": 629482.73, "y": 5220528.65}, "geometry": {"type": "Point", "coordinates": [629482.73, 5220528.65]}}, {"type": "Feature", "properties": {"target_id": "T0441", "type": "row_gap", "vineyard_id": "V48", "row_id": "V48-R04", "gap_m": 20.53, "x": 629473.27, "y": 5220535.7}, "geometry": {"type": "Point", "coordinates": [629473.27, 5220535.7]}}, {"type": "Feature", "properties": {"target_id": "T0442", "type": "row_gap", "vineyard_id": "V48", "row_id": "V48-R03", "gap_m": 11.95, "x": 629482.92, "y": 5220542.74}, "geometry": {"type": "Point", "coordinates": [629482.92, 5220542.74]}}, {"type": "Feature", "properties": {"target_id": "T0443", "type": "row_gap", "vineyard_id": "V48", "row_id": "V48-R02", "gap_m": 9.85, "x": 629487.5, "y": 5220547.2}, "geometry": {"type": "Point", "coordinates": [629487.5, 5220547.2]}}, {"type": "Feature", "properties": {"target_id": "T0444", "type": "row_gap", "vineyard_id": "V48", "row_id": "V48-R02", "gap_m": 6.04, "x": 629464.23, "y": 5220541.46}, "geometry": {"type": "Point", "coordinates": [629464.23, 5220541.46]}}, {"type": "Feature", "properties": {"target_id": "T0445", "type": "row_gap", "vineyard_id": "V48", "row_id": "V48-R01", "gap_m": 6.07, "x": 629462.36, "y": 5220542.99}, "geometry": {"type": "Point", "coordinates": [629462.36, 5220542.99]}}, {"type": "Feature", "properties": {"target_id": "T0446", "type": "row_gap", "vineyard_id": "V06", "row_id": "V06-R12", "gap_m": 11.92, "x": 629210.31, "y": 5220501.03}, "geometry": {"type": "Point", "coordinates": [629210.31, 5220501.03]}}, {"type": "Feature", "properties": {"target_id": "T0447", "type": "row_gap", "vineyard_id": "V06", "row_id": "V06-R09", "gap_m": 15.26, "x": 629211.68, "y": 5220490.93}, "geometry": {"type": "Point", "coordinates": [629211.68, 5220490.93]}}, {"type": "Feature", "properties": {"target_id": "T0448", "type": "row_gap", "vineyard_id": "V06", "row_id": "V06-R08", "gap_m": 9.75, "x": 629215.21, "y": 5220487.54}, "geometry": {"type": "Point", "coordinates": [629215.21, 5220487.54]}}, {"type": "Feature", "properties": {"target_id": "T0449", "type": "row_gap", "vineyard_id": "V06", "row_id": "V06-R06", "gap_m": 9.68, "x": 629221.95, "y": 5220478.58}, "geometry": {"type": "Point", "coordinates": [629221.95, 5220478.58]}}, {"type": "Feature", "properties": {"target_id": "T0450", "type": "row_gap", "vineyard_id": "V06", "row_id": "V06-R06", "gap_m": 6.57, "x": 629214.81, "y": 5220482.45}, "geometry": {"type": "Point", "coordinates": [629214.81, 5220482.45]}}, {"type": "Feature", "properties": {"target_id": "T0451", "type": "row_gap", "vineyard_id": "V06", "row_id": "V06-R06", "gap_m": 10.71, "x": 629207.21, "y": 5220486.57}, "geometry": {"type": "Point", "coordinates": [629207.21, 5220486.57]}}, {"type": "Feature", "properties": {"target_id": "T0452", "type": "row_gap", "vineyard_id": "V06", "row_id": "V06-R05", "gap_m": 5.64, "x": 629205.49, "y": 5220485.24}, "geometry": {"type": "Point", "coordinates": [629205.49, 5220485.24]}}, {"type": "Feature", "properties": {"target_id": "T0453", "type": "row_gap", "vineyard_id": "V06", "row_id": "V06-R04", "gap_m": 39.73, "x": 629222.55, "y": 5220472.52}, "geometry": {"type": "Point", "coordinates": [629222.55, 5220472.52]}}, {"type": "Feature", "properties": {"target_id": "T0454", "type": "row_gap", "vineyard_id": "V06", "row_id": "V06-R03", "gap_m": 7.81, "x": 629220.85, "y": 5220468.86}, "geometry": {"type": "Point", "coordinates": [629220.85, 5220468.86]}}, {"type": "Feature", "properties": {"target_id": "T0455", "type": "row_gap", "vineyard_id": "V06", "row_id": "V06-R02", "gap_m": 7.44, "x": 629215.81, "y": 5220469.02}, "geometry": {"type": "Point", "coordinates": [629215.81, 5220469.02]}}, {"type": "Feature", "properties": {"target_id": "T0456", "type": "row_gap", "vineyard_id": "V06", "row_id": "V06-R01", "gap_m": 21.64, "x": 629224.65, "y": 5220462.23}, "geometry": {"type": "Point", "coordinates": [629224.65, 5220462.23]}}, {"type": "Feature", "properties": {"target_id": "T0457", "type": "row_gap", "vineyard_id": "V09", "row_id": "V09-R19", "gap_m": 7.64, "x": 629666.41, "y": 5220111.79}, "geometry": {"type": "Point", "coordinates": [629666.41, 5220111.79]}}, {"type": "Feature", "properties": {"target_id": "T0458", "type": "row_gap", "vineyard_id": "V08", "row_id": "V08-R21", "gap_m": 7.03, "x": 629564.71, "y": 5220240.99}, "geometry": {"type": "Point", "coordinates": [629564.71, 5220240.99]}}, {"type": "Feature", "properties": {"target_id": "T0459", "type": "row_gap", "vineyard_id": "V08", "row_id": "V08-R21", "gap_m": 6.32, "x": 629598.2, "y": 5220196.48}, "geometry": {"type": "Point", "coordinates": [629598.2, 5220196.48]}}, {"type": "Feature", "properties": {"target_id": "T0460", "type": "row_gap", "vineyard_id": "V08", "row_id": "V08-R16", "gap_m": 5.22, "x": 629561.27, "y": 5220230.17}, "geometry": {"type": "Point", "coordinates": [629561.27, 5220230.17]}}, {"type": "Feature", "properties": {"target_id": "T0461", "type": "row_gap", "vineyard_id": "V08", "row_id": "V08-R16", "gap_m": 12.1, "x": 629571.31, "y": 5220216.31}, "geometry": {"type": "Point", "coordinates": [629571.31, 5220216.31]}}, {"type": "Feature", "properties": {"target_id": "T0462", "type": "row_gap", "vineyard_id": "V08", "row_id": "V08-R16", "gap_m": 13.34, "x": 629578.78, "y": 5220206.01}, "geometry": {"type": "Point", "coordinates": [629578.78, 5220206.01]}}, {"type": "Feature", "properties": {"target_id": "T0463", "type": "row_gap", "vineyard_id": "V09", "row_id": "V09-R14", "gap_m": 5.53, "x": 629618.35, "y": 5220153.96}, "geometry": {"type": "Point", "coordinates": [629618.35, 5220153.96]}}, {"type": "Feature", "properties": {"target_id": "T0464", "type": "row_gap", "vineyard_id": "V09", "row_id": "V09-R13", "gap_m": 6.84, "x": 629604.04, "y": 5220167.06}, "geometry": {"type": "Point", "coordinates": [629604.04, 5220167.06]}}, {"type": "Feature", "properties": {"target_id": "T0465", "type": "row_gap", "vineyard_id": "V09", "row_id": "V09-R13", "gap_m": 5.9, "x": 629628.22, "y": 5220135.23}, "geometry": {"type": "Point", "coordinates": [629628.22, 5220135.23]}}, {"type": "Feature", "properties": {"target_id": "T0466", "type": "row_gap", "vineyard_id": "V12", "row_id": "V12-R19", "gap_m": 7.04, "x": 629694.6, "y": 5220048.52}, "geometry": {"type": "Point", "coordinates": [629694.6, 5220048.52]}}, {"type": "Feature", "properties": {"target_id": "T0467", "type": "row_gap", "vineyard_id": "V08", "row_id": "V08-R13", "gap_m": 6.34, "x": 629573.59, "y": 5220198.48}, "geometry": {"type": "Point", "coordinates": [629573.59, 5220198.48]}}, {"type": "Feature", "properties": {"target_id": "T0468", "type": "row_gap", "vineyard_id": "V09", "row_id": "V09-R11", "gap_m": 7.88, "x": 629645.13, "y": 5220104.62}, "geometry": {"type": "Point", "coordinates": [629645.13, 5220104.62]}}, {"type": "Feature", "properties": {"target_id": "T0469", "type": "row_gap", "vineyard_id": "V08", "row_id": "V08-R11", "gap_m": 6.16, "x": 629555.55, "y": 5220213.37}, "geometry": {"type": "Point", "coordinates": [629555.55, 5220213.37]}}, {"type": "Feature", "properties": {"target_id": "T0470", "type": "row_gap", "vineyard_id": "V08", "row_id": "V08-R11", "gap_m": 5.87, "x": 629582.13, "y": 5220178.21}, "geometry": {"type": "Point", "coordinates": [629582.13, 5220178.21]}}, {"type": "Feature", "properties": {"target_id": "T0471", "type": "row_gap", "vineyard_id": "V12", "row_id": "V12-R14", "gap_m": 6.42, "x": 629654.7, "y": 5220078.38}, "geometry": {"type": "Point", "coordinates": [629654.7, 5220078.38]}}, {"type": "Feature", "properties": {"target_id": "T0472", "type": "row_gap", "vineyard_id": "V12", "row_id": "V12-R14", "gap_m": 5.09, "x": 629664.43, "y": 5220065.67}, "geometry": {"type": "Point", "coordinates": [629664.43, 5220065.67]}}, {"type": "Feature", "properties": {"target_id": "T0473", "type": "row_gap", "vineyard_id": "V08", "row_id": "V08-R09", "gap_m": 9.21, "x": 629571.75, "y": 5220182.58}, "geometry": {"type": "Point", "coordinates": [629571.75, 5220182.58]}}, {"type": "Feature", "properties": {"target_id": "T0474", "type": "row_gap", "vineyard_id": "V12", "row_id": "V12-R12", "gap_m": 7.01, "x": 629655.82, "y": 5220067.5}, "geometry": {"type": "Point", "coordinates": [629655.82, 5220067.5]}}, {"type": "Feature", "properties": {"target_id": "T0475", "type": "row_gap", "vineyard_id": "V12", "row_id": "V12-R12", "gap_m": 8.91, "x": 629666.27, "y": 5220053.86}, "geometry": {"type": "Point", "coordinates": [629666.27, 5220053.86]}}, {"type": "Feature", "properties": {"target_id": "T0476", "type": "row_gap", "vineyard_id": "V08", "row_id": "V08-R41", "gap_m": 7.43, "x": 629616.83, "y": 5220263.93}, "geometry": {"type": "Point", "coordinates": [629616.83, 5220263.93]}}, {"type": "Feature", "properties": {"target_id": "T0477", "type": "row_gap", "vineyard_id": "V08", "row_id": "V08-R41", "gap_m": 6.77, "x": 629649.66, "y": 5220221.13}, "geometry": {"type": "Point", "coordinates": [629649.66, 5220221.13]}}, {"type": "Feature", "properties": {"target_id": "T0478", "type": "row_gap", "vineyard_id": "V08", "row_id": "V08-R40", "gap_m": 5.38, "x": 629643.03, "y": 5220224.94}, "geometry": {"type": "Point", "coordinates": [629643.03, 5220224.94]}}, {"type": "Feature", "properties": {"target_id": "T0479", "type": "row_gap", "vineyard_id": "V08", "row_id": "V08-R39", "gap_m": 7.25, "x": 629611.25, "y": 5220262.04}, "geometry": {"type": "Point", "coordinates": [629611.25, 5220262.04]}}, {"type": "Feature", "properties": {"target_id": "T0480", "type": "row_gap", "vineyard_id": "V08", "row_id": "V08-R39", "gap_m": 6.8, "x": 629628.02, "y": 5220240.35}, "geometry": {"type": "Point", "coordinates": [629628.02, 5220240.35]}}, {"type": "Feature", "properties": {"target_id": "T0481", "type": "row_gap", "vineyard_id": "V08", "row_id": "V08-R38", "gap_m": 11.43, "x": 629601.85, "y": 5220270.0}, "geometry": {"type": "Point", "coordinates": [629601.85, 5220270.0]}}, {"type": "Feature", "properties": {"target_id": "T0482", "type": "row_gap", "vineyard_id": "V08", "row_id": "V08-R38", "gap_m": 7.9, "x": 629622.45, "y": 5220243.21}, "geometry": {"type": "Point", "coordinates": [629622.45, 5220243.21]}}, {"type": "Feature", "properties": {"target_id": "T0483", "type": "row_gap", "vineyard_id": "V08", "row_id": "V08-R38", "gap_m": 6.67, "x": 629627.85, "y": 5220236.19}, "geometry": {"type": "Point", "coordinates": [629627.85, 5220236.19]}}, {"type": "Feature", "properties": {"target_id": "T0484", "type": "row_gap", "vineyard_id": "V08", "row_id": "V08-R37", "gap_m": 6.62, "x": 629602.09, "y": 5220265.29}, "geometry": {"type": "Point", "coordinates": [629602.09, 5220265.29]}}, {"type": "Feature", "properties": {"target_id": "T0485", "type": "row_gap", "vineyard_id": "V08", "row_id": "V08-R35", "gap_m": 5.72, "x": 629609.27, "y": 5220246.51}, "geometry": {"type": "Point", "coordinates": [629609.27, 5220246.51]}}, {"type": "Feature", "properties": {"target_id": "T0486", "type": "row_gap", "vineyard_id": "V08", "row_id": "V08-R35", "gap_m": 5.02, "x": 629614.83, "y": 5220239.2}, "geometry": {"type": "Point", "coordinates": [629614.83, 5220239.2]}}, {"type": "Feature", "properties": {"target_id": "T0487", "type": "row_gap", "vineyard_id": "V12", "row_id": "V12-R39", "gap_m": 7.14, "x": 629742.35, "y": 5220072.59}, "geometry": {"type": "Point", "coordinates": [629742.35, 5220072.59]}}, {"type": "Feature", "properties": {"target_id": "T0488", "type": "row_gap", "vineyard_id": "V12", "row_id": "V12-R39", "gap_m": 6.68, "x": 629752.69, "y": 5220059.02}, "geometry": {"type": "Point", "coordinates": [629752.69, 5220059.02]}}, {"type": "Feature", "properties": {"target_id": "T0489", "type": "row_gap", "vineyard_id": "V08", "row_id": "V08-R34", "gap_m": 9.37, "x": 629639.36, "y": 5220202.58}, "geometry": {"type": "Point", "coordinates": [629639.36, 5220202.58]}}, {"type": "Feature", "properties": {"target_id": "T0490", "type": "row_gap", "vineyard_id": "V12", "row_id": "V12-R37", "gap_m": 6.77, "x": 629728.26, "y": 5220086.8}, "geometry": {"type": "Point", "coordinates": [629728.26, 5220086.8]}}, {"type": "Feature", "properties": {"target_id": "T0491", "type": "row_gap", "vineyard_id": "V08", "row_id": "V08-R33", "gap_m": 8.32, "x": 629590.66, "y": 5220261.54}, "geometry": {"type": "Point", "coordinates": [629590.66, 5220261.54]}}, {"type": "Feature", "properties": {"target_id": "T0492", "type": "row_gap", "vineyard_id": "V08", "row_id": "V08-R33", "gap_m": 5.08, "x": 629595.92, "y": 5220254.66}, "geometry": {"type": "Point", "coordinates": [629595.92, 5220254.66]}}, {"type": "Feature", "properties": {"target_id": "T0493", "type": "row_gap", "vineyard_id": "V08", "row_id": "V08-R33", "gap_m": 7.9, "x": 629622.42, "y": 5220220.02}, "geometry": {"type": "Point", "coordinates": [629622.42, 5220220.02]}}, {"type": "Feature", "properties": {"target_id": "T0494", "type": "row_gap", "vineyard_id": "V08", "row_id": "V08-R33", "gap_m": 5.84, "x": 629637.55, "y": 5220200.23}, "geometry": {"type": "Point", "coordinates": [629637.55, 5220200.23]}}, {"type": "Feature", "properties": {"target_id": "T0495", "type": "row_gap", "vineyard_id": "V09", "row_id": "V09-R30", "gap_m": 8.73, "x": 629659.87, "y": 5220171.09}, "geometry": {"type": "Point", "coordinates": [629659.87, 5220171.09]}}, {"type": "Feature", "properties": {"target_id": "T0496", "type": "row_gap", "vineyard_id": "V09", "row_id": "V09-R29", "gap_m": 5.15, "x": 629679.03, "y": 5220141.51}, "geometry": {"type": "Point", "coordinates": [629679.03, 5220141.51]}}, {"type": "Feature", "properties": {"target_id": "T0497", "type": "row_gap", "vineyard_id": "V12", "row_id": "V12-R34", "gap_m": 10.32, "x": 629762.43, "y": 5220032.28}, "geometry": {"type": "Point", "coordinates": [629762.43, 5220032.28]}}, {"type": "Feature", "properties": {"target_id": "T0498", "type": "row_gap", "vineyard_id": "V08", "row_id": "V08-R31", "gap_m": 7.29, "x": 629612.65, "y": 5220223.7}, "geometry": {"type": "Point", "coordinates": [629612.65, 5220223.7]}}, {"type": "Feature", "properties": {"target_id": "T0499", "type": "row_gap", "vineyard_id": "V08", "row_id": "V08-R29", "gap_m": 5.34, "x": 629627.46, "y": 5220195.01}, "geometry": {"type": "Point", "coordinates": [629627.46, 5220195.01]}}, {"type": "Feature", "properties": {"target_id": "T0500", "type": "row_gap", "vineyard_id": "V09", "row_id": "V09-R25", "gap_m": 7.15, "x": 629661.93, "y": 5220145.3}, "geometry": {"type": "Point", "coordinates": [629661.93, 5220145.3]}}, {"type": "Feature", "properties": {"target_id": "T0501", "type": "row_gap", "vineyard_id": "V12", "row_id": "V12-R30", "gap_m": 6.35, "x": 629711.86, "y": 5220080.12}, "geometry": {"type": "Point", "coordinates": [629711.86, 5220080.12]}}, {"type": "Feature", "properties": {"target_id": "T0502", "type": "row_gap", "vineyard_id": "V09", "row_id": "V09-R24", "gap_m": 5.29, "x": 629637.41, "y": 5220172.66}, "geometry": {"type": "Point", "coordinates": [629637.41, 5220172.66]}}, {"type": "Feature", "properties": {"target_id": "T0503", "type": "row_gap", "vineyard_id": "V09", "row_id": "V09-R24", "gap_m": 6.67, "x": 629659.35, "y": 5220144.17}, "geometry": {"type": "Point", "coordinates": [629659.35, 5220144.17]}}, {"type": "Feature", "properties": {"target_id": "T0504", "type": "row_gap", "vineyard_id": "V09", "row_id": "V09-R24", "gap_m": 8.88, "x": 629664.1, "y": 5220138.01}, "geometry": {"type": "Point", "coordinates": [629664.1, 5220138.01]}}, {"type": "Feature", "properties": {"target_id": "T0505", "type": "row_gap", "vineyard_id": "V09", "row_id": "V09-R24", "gap_m": 7.34, "x": 629669.71, "y": 5220130.71}, "geometry": {"type": "Point", "coordinates": [629669.71, 5220130.71]}}, {"type": "Feature", "properties": {"target_id": "T0506", "type": "row_gap", "vineyard_id": "V12", "row_id": "V12-R29", "gap_m": 12.77, "x": 629705.36, "y": 5220084.43}, "geometry": {"type": "Point", "coordinates": [629705.36, 5220084.43]}}, {"type": "Feature", "properties": {"target_id": "T0507", "type": "row_gap", "vineyard_id": "V12", "row_id": "V12-R29", "gap_m": 7.12, "x": 629714.24, "y": 5220072.92}, "geometry": {"type": "Point", "coordinates": [629714.24, 5220072.92]}}, {"type": "Feature", "properties": {"target_id": "T0508", "type": "row_gap", "vineyard_id": "V12", "row_id": "V12-R29", "gap_m": 8.44, "x": 629719.86, "y": 5220065.55}, "geometry": {"type": "Point", "coordinates": [629719.86, 5220065.55]}}, {"type": "Feature", "properties": {"target_id": "T0509", "type": "row_gap", "vineyard_id": "V12", "row_id": "V12-R29", "gap_m": 7.86, "x": 629725.8, "y": 5220057.73}, "geometry": {"type": "Point", "coordinates": [629725.8, 5220057.73]}}, {"type": "Feature", "properties": {"target_id": "T0510", "type": "row_gap", "vineyard_id": "V08", "row_id": "V08-R26", "gap_m": 7.54, "x": 629583.14, "y": 5220239.64}, "geometry": {"type": "Point", "coordinates": [629583.14, 5220239.64]}}, {"type": "Feature", "properties": {"target_id": "T0511", "type": "row_gap", "vineyard_id": "V09", "row_id": "V09-R23", "gap_m": 9.33, "x": 629636.06, "y": 5220170.17}, "geometry": {"type": "Point", "coordinates": [629636.06, 5220170.17]}}, {"type": "Feature", "properties": {"target_id": "T0512", "type": "row_gap", "vineyard_id": "V09", "row_id": "V09-R23", "gap_m": 6.88, "x": 629644.86, "y": 5220158.68}, "geometry": {"type": "Point", "coordinates": [629644.86, 5220158.68]}}, {"type": "Feature", "properties": {"target_id": "T0513", "type": "row_gap", "vineyard_id": "V09", "row_id": "V09-R23", "gap_m": 6.24, "x": 629654.54, "y": 5220146.03}, "geometry": {"type": "Point", "coordinates": [629654.54, 5220146.03]}}, {"type": "Feature", "properties": {"target_id": "T0514", "type": "row_gap", "vineyard_id": "V09", "row_id": "V09-R23", "gap_m": 6.88, "x": 629663.45, "y": 5220134.4}, "geometry": {"type": "Point", "coordinates": [629663.45, 5220134.4]}}, {"type": "Feature", "properties": {"target_id": "T0515", "type": "row_gap", "vineyard_id": "V09", "row_id": "V09-R23", "gap_m": 11.03, "x": 629675.97, "y": 5220118.04}, "geometry": {"type": "Point", "coordinates": [629675.97, 5220118.04]}}, {"type": "Feature", "properties": {"target_id": "T0516", "type": "row_gap", "vineyard_id": "V08", "row_id": "V08-R25", "gap_m": 9.38, "x": 629567.72, "y": 5220255.42}, "geometry": {"type": "Point", "coordinates": [629567.72, 5220255.42]}}, {"type": "Feature", "properties": {"target_id": "T0517", "type": "row_gap", "vineyard_id": "V09", "row_id": "V09-R22", "gap_m": 5.61, "x": 629645.32, "y": 5220153.32}, "geometry": {"type": "Point", "coordinates": [629645.32, 5220153.32]}}, {"type": "Feature", "properties": {"target_id": "T0518", "type": "row_gap", "vineyard_id": "V09", "row_id": "V09-R22", "gap_m": 6.06, "x": 629675.0, "y": 5220114.5}, "geometry": {"type": "Point", "coordinates": [629675.0, 5220114.5]}}, {"type": "Feature", "properties": {"target_id": "T0519", "type": "row_gap", "vineyard_id": "V08", "row_id": "V08-R24", "gap_m": 6.84, "x": 629594.82, "y": 5220214.77}, "geometry": {"type": "Point", "coordinates": [629594.82, 5220214.77]}}, {"type": "Feature", "properties": {"target_id": "T0520", "type": "row_gap", "vineyard_id": "V08", "row_id": "V08-R23", "gap_m": 5.99, "x": 629572.23, "y": 5220240.19}, "geometry": {"type": "Point", "coordinates": [629572.23, 5220240.19]}}, {"type": "Feature", "properties": {"target_id": "T0521", "type": "row_gap", "vineyard_id": "V08", "row_id": "V08-R54", "gap_m": 14.53, "x": 629650.58, "y": 5220278.66}, "geometry": {"type": "Point", "coordinates": [629650.58, 5220278.66]}}, {"type": "Feature", "properties": {"target_id": "T0522", "type": "row_gap", "vineyard_id": "V08", "row_id": "V08-R54", "gap_m": 11.11, "x": 629659.41, "y": 5220267.26}, "geometry": {"type": "Point", "coordinates": [629659.41, 5220267.26]}}, {"type": "Feature", "properties": {"target_id": "T0523", "type": "row_gap", "vineyard_id": "V08", "row_id": "V08-R54", "gap_m": 8.25, "x": 629665.38, "y": 5220259.64}, "geometry": {"type": "Point", "coordinates": [629665.38, 5220259.64]}}, {"type": "Feature", "properties": {"target_id": "T0524", "type": "row_gap", "vineyard_id": "V08", "row_id": "V08-R53", "gap_m": 6.21, "x": 629679.79, "y": 5220236.19}, "geometry": {"type": "Point", "coordinates": [629679.79, 5220236.19]}}, {"type": "Feature", "properties": {"target_id": "T0525", "type": "row_gap", "vineyard_id": "V08", "row_id": "V08-R53", "gap_m": 7.26, "x": 629683.91, "y": 5220230.86}, "geometry": {"type": "Point", "coordinates": [629683.91, 5220230.86]}}, {"type": "Feature", "properties": {"target_id": "T0526", "type": "row_gap", "vineyard_id": "V09", "row_id": "V09-R51", "gap_m": 8.17, "x": 629761.94, "y": 5220129.1}, "geometry": {"type": "Point", "coordinates": [629761.94, 5220129.1]}}, {"type": "Feature", "properties": {"target_id": "T0527", "type": "row_gap", "vineyard_id": "V09", "row_id": "V09-R51", "gap_m": 9.65, "x": 629768.3, "y": 5220120.78}, "geometry": {"type": "Point", "coordinates": [629768.3, 5220120.78]}}, {"type": "Feature", "properties": {"target_id": "T0528", "type": "row_gap", "vineyard_id": "V09", "row_id": "V09-R51", "gap_m": 10.32, "x": 629774.36, "y": 5220112.85}, "geometry": {"type": "Point", "coordinates": [629774.36, 5220112.85]}}, {"type": "Feature", "properties": {"target_id": "T0529", "type": "row_gap", "vineyard_id": "V09", "row_id": "V09-R51", "gap_m": 6.55, "x": 629782.35, "y": 5220102.38}, "geometry": {"type": "Point", "coordinates": [629782.35, 5220102.38]}}, {"type": "Feature", "properties": {"target_id": "T0530", "type": "row_gap", "vineyard_id": "V08", "row_id": "V08-R52", "gap_m": 9.2, "x": 629682.57, "y": 5220228.16}, "geometry": {"type": "Point", "coordinates": [629682.57, 5220228.16]}}, {"type": "Feature", "properties": {"target_id": "T0531", "type": "row_gap", "vineyard_id": "V09", "row_id": "V09-R50", "gap_m": 9.67, "x": 629765.43, "y": 5220120.2}, "geometry": {"type": "Point", "coordinates": [629765.43, 5220120.2]}}, {"type": "Feature", "properties": {"target_id": "T0532", "type": "row_gap", "vineyard_id": "V08", "row_id": "V08-R51", "gap_m": 6.36, "x": 629644.52, "y": 5220273.27}, "geometry": {"type": "Point", "coordinates": [629644.52, 5220273.27]}}, {"type": "Feature", "properties": {"target_id": "T0533", "type": "row_gap", "vineyard_id": "V08", "row_id": "V08-R51", "gap_m": 15.19, "x": 629682.68, "y": 5220223.64}, "geometry": {"type": "Point", "coordinates": [629682.68, 5220223.64]}}, {"type": "Feature", "properties": {"target_id": "T0534", "type": "row_gap", "vineyard_id": "V09", "row_id": "V09-R49", "gap_m": 6.84, "x": 629722.3, "y": 5220172.01}, "geometry": {"type": "Point", "coordinates": [629722.3, 5220172.01]}}, {"type": "Feature", "properties": {"target_id": "T0535", "type": "row_gap", "vineyard_id": "V08", "row_id": "V08-R50", "gap_m": 6.92, "x": 629634.84, "y": 5220281.12}, "geometry": {"type": "Point", "coordinates": [629634.84, 5220281.12]}}, {"type": "Feature", "properties": {"target_id": "T0536", "type": "row_gap", "vineyard_id": "V08", "row_id": "V08-R50", "gap_m": 7.52, "x": 629651.38, "y": 5220259.65}, "geometry": {"type": "Point", "coordinates": [629651.38, 5220259.65]}}, {"type": "Feature", "properties": {"target_id": "T0537", "type": "row_gap", "vineyard_id": "V08", "row_id": "V08-R50", "gap_m": 9.57, "x": 629678.82, "y": 5220224.02}, "geometry": {"type": "Point", "coordinates": [629678.82, 5220224.02]}}, {"type": "Feature", "properties": {"target_id": "T0538", "type": "row_gap", "vineyard_id": "V08", "row_id": "V08-R50", "gap_m": 7.87, "x": 629684.14, "y": 5220217.11}, "geometry": {"type": "Point", "coordinates": [629684.14, 5220217.11]}}, {"type": "Feature", "properties": {"target_id": "T0539", "type": "row_gap", "vineyard_id": "V09", "row_id": "V09-R48", "gap_m": 6.55, "x": 629721.76, "y": 5220168.44}, "geometry": {"type": "Point", "coordinates": [629721.76, 5220168.44]}}, {"type": "Feature", "properties": {"target_id": "T0540", "type": "row_gap", "vineyard_id": "V08", "row_id": "V08-R49", "gap_m": 16.14, "x": 629623.27, "y": 5220291.55}, "geometry": {"type": "Point", "coordinates": [629623.27, 5220291.55]}}, {"type": "Feature", "properties": {"target_id": "T0541", "type": "row_gap", "vineyard_id": "V08", "row_id": "V08-R49", "gap_m": 7.55, "x": 629635.45, "y": 5220275.75}, "geometry": {"type": "Point", "coordinates": [629635.45, 5220275.75]}}, {"type": "Feature", "properties": {"target_id": "T0542", "type": "row_gap", "vineyard_id": "V08", "row_id": "V08-R49", "gap_m": 7.11, "x": 629659.65, "y": 5220244.37}, "geometry": {"type": "Point", "coordinates": [629659.65, 5220244.37]}}, {"type": "Feature", "properties": {"target_id": "T0543", "type": "row_gap", "vineyard_id": "V08", "row_id": "V08-R49", "gap_m": 13.16, "x": 629682.15, "y": 5220215.19}, "geometry": {"type": "Point", "coordinates": [629682.15, 5220215.19]}}, {"type": "Feature", "properties": {"target_id": "T0544", "type": "row_gap", "vineyard_id": "V09", "row_id": "V09-R47", "gap_m": 5.44, "x": 629711.33, "y": 5220177.25}, "geometry": {"type": "Point", "coordinates": [629711.33, 5220177.25]}}, {"type": "Feature", "properties": {"target_id": "T0545", "type": "row_gap", "vineyard_id": "V08", "row_id": "V08-R48", "gap_m": 5.61, "x": 629631.45, "y": 5220276.4}, "geometry": {"type": "Point", "coordinates": [629631.45, 5220276.4]}}, {"type": "Feature", "properties": {"target_id": "T0546", "type": "row_gap", "vineyard_id": "V08", "row_id": "V08-R47", "gap_m": 6.28, "x": 629670.47, "y": 5220221.28}, "geometry": {"type": "Point", "coordinates": [629670.47, 5220221.28]}}, {"type": "Feature", "properties": {"target_id": "T0547", "type": "row_gap", "vineyard_id": "V08", "row_id": "V08-R45", "gap_m": 8.88, "x": 629666.48, "y": 5220217.33}, "geometry": {"type": "Point", "coordinates": [629666.48, 5220217.33]}}, {"type": "Feature", "properties": {"target_id": "T0548", "type": "row_gap", "vineyard_id": "V10", "row_id": "V10-R01", "gap_m": 8.26, "x": 629756.56, "y": 5220100.28}, "geometry": {"type": "Point", "coordinates": [629756.56, 5220100.28]}}, {"type": "Feature", "properties": {"target_id": "T0549", "type": "row_gap", "vineyard_id": "V08", "row_id": "V08-R44", "gap_m": 6.73, "x": 629622.43, "y": 5220269.89}, "geometry": {"type": "Point", "coordinates": [629622.43, 5220269.89]}}, {"type": "Feature", "properties": {"target_id": "T0550", "type": "row_gap", "vineyard_id": "V08", "row_id": "V08-R44", "gap_m": 6.19, "x": 629627.04, "y": 5220263.91}, "geometry": {"type": "Point", "coordinates": [629627.04, 5220263.91]}}, {"type": "Feature", "properties": {"target_id": "T0551", "type": "row_gap", "vineyard_id": "V08", "row_id": "V08-R42", "gap_m": 8.84, "x": 629642.16, "y": 5220235.33}, "geometry": {"type": "Point", "coordinates": [629642.16, 5220235.33]}}, {"type": "Feature", "properties": {"target_id": "T0552", "type": "row_gap", "vineyard_id": "V08", "row_id": "V08-R42", "gap_m": 6.44, "x": 629651.63, "y": 5220223.03}, "geometry": {"type": "Point", "coordinates": [629651.63, 5220223.03]}}, {"type": "Feature", "properties": {"target_id": "T0553", "type": "row_gap", "vineyard_id": "V59", "row_id": "V59-R02", "gap_m": 6.08, "x": 629701.17, "y": 5220292.37}, "geometry": {"type": "Point", "coordinates": [629701.17, 5220292.37]}}, {"type": "Feature", "properties": {"target_id": "T0554", "type": "row_gap", "vineyard_id": "V59", "row_id": "V59-R01", "gap_m": 5.84, "x": 629696.76, "y": 5220292.73}, "geometry": {"type": "Point", "coordinates": [629696.76, 5220292.73]}}, {"type": "Feature", "properties": {"target_id": "T0555", "type": "row_gap", "vineyard_id": "V08", "row_id": "V08-R56", "gap_m": 34.84, "x": 629671.41, "y": 5220279.94}, "geometry": {"type": "Point", "coordinates": [629671.41, 5220279.94]}}, {"type": "Feature", "properties": {"target_id": "T0556", "type": "row_gap", "vineyard_id": "V08", "row_id": "V08-R55", "gap_m": 36.05, "x": 629668.1, "y": 5220280.3}, "geometry": {"type": "Point", "coordinates": [629668.1, 5220280.3]}}, {"type": "Feature", "properties": {"target_id": "T0557", "type": "row_gap", "vineyard_id": "V08", "row_id": "V08-R18", "gap_m": 5.28, "x": 629579.93, "y": 5220210.66}, "geometry": {"type": "Point", "coordinates": [629579.93, 5220210.66]}}, {"type": "Feature", "properties": {"target_id": "T0558", "type": "row_gap", "vineyard_id": "V08", "row_id": "V08-R14", "gap_m": 6.12, "x": 629562.73, "y": 5220217.06}, "geometry": {"type": "Point", "coordinates": [629562.73, 5220217.06]}}, {"type": "Feature", "properties": {"target_id": "T0559", "type": "row_gap", "vineyard_id": "V12", "row_id": "V12-R18", "gap_m": 5.87, "x": 629672.33, "y": 5220073.6}, "geometry": {"type": "Point", "coordinates": [629672.33, 5220073.6]}}, {"type": "Feature", "properties": {"target_id": "T0560", "type": "row_gap", "vineyard_id": "V12", "row_id": "V12-R18", "gap_m": 7.21, "x": 629692.02, "y": 5220047.99}, "geometry": {"type": "Point", "coordinates": [629692.02, 5220047.99]}}, {"type": "Feature", "properties": {"target_id": "T0561", "type": "row_gap", "vineyard_id": "V08", "row_id": "V08-R12", "gap_m": 9.0, "x": 629580.46, "y": 5220184.8}, "geometry": {"type": "Point", "coordinates": [629580.46, 5220184.8]}}, {"type": "Feature", "properties": {"target_id": "T0562", "type": "row_gap", "vineyard_id": "V09", "row_id": "V09-R10", "gap_m": 6.71, "x": 629635.93, "y": 5220112.07}, "geometry": {"type": "Point", "coordinates": [629635.93, 5220112.07]}}, {"type": "Feature", "properties": {"target_id": "T0563", "type": "row_gap", "vineyard_id": "V12", "row_id": "V12-R16", "gap_m": 6.73, "x": 629675.45, "y": 5220060.25}, "geometry": {"type": "Point", "coordinates": [629675.45, 5220060.25]}}, {"type": "Feature", "properties": {"target_id": "T0564", "type": "row_gap", "vineyard_id": "V08", "row_id": "V08-R07", "gap_m": 6.6, "x": 629566.31, "y": 5220180.83}, "geometry": {"type": "Point", "coordinates": [629566.31, 5220180.83]}}, {"type": "Feature", "properties": {"target_id": "T0565", "type": "row_gap", "vineyard_id": "V09", "row_id": "V09-R05", "gap_m": 5.04, "x": 629599.02, "y": 5220137.33}, "geometry": {"type": "Point", "coordinates": [629599.02, 5220137.33]}}, {"type": "Feature", "properties": {"target_id": "T0566", "type": "row_gap", "vineyard_id": "V12", "row_id": "V12-R11", "gap_m": 5.65, "x": 629665.04, "y": 5220050.76}, "geometry": {"type": "Point", "coordinates": [629665.04, 5220050.76]}}, {"type": "Feature", "properties": {"target_id": "T0567", "type": "row_gap", "vineyard_id": "V09", "row_id": "V09-R03", "gap_m": 6.17, "x": 629580.62, "y": 5220152.14}, "geometry": {"type": "Point", "coordinates": [629580.62, 5220152.14]}}, {"type": "Feature", "properties": {"target_id": "T0568", "type": "row_gap", "vineyard_id": "V09", "row_id": "V09-R03", "gap_m": 9.0, "x": 629594.95, "y": 5220133.39}, "geometry": {"type": "Point", "coordinates": [629594.95, 5220133.39]}}, {"type": "Feature", "properties": {"target_id": "T0569", "type": "row_gap", "vineyard_id": "V09", "row_id": "V09-R03", "gap_m": 9.61, "x": 629612.55, "y": 5220110.37}, "geometry": {"type": "Point", "coordinates": [629612.55, 5220110.37]}}, {"type": "Feature", "properties": {"target_id": "T0570", "type": "row_gap", "vineyard_id": "V08", "row_id": "V08-R04", "gap_m": 6.45, "x": 629553.77, "y": 5220183.12}, "geometry": {"type": "Point", "coordinates": [629553.77, 5220183.12]}}, {"type": "Feature", "properties": {"target_id": "T0571", "type": "row_gap", "vineyard_id": "V08", "row_id": "V08-R03", "gap_m": 5.65, "x": 629553.59, "y": 5220178.83}, "geometry": {"type": "Point", "coordinates": [629553.59, 5220178.83]}}, {"type": "Feature", "properties": {"target_id": "T0572", "type": "row_gap", "vineyard_id": "V09", "row_id": "V09-R01", "gap_m": 7.49, "x": 629599.49, "y": 5220118.28}, "geometry": {"type": "Point", "coordinates": [629599.49, 5220118.28]}}, {"type": "Feature", "properties": {"target_id": "T0573", "type": "row_gap", "vineyard_id": "V08", "row_id": "V08-R02", "gap_m": 14.32, "x": 629508.77, "y": 5220233.15}, "geometry": {"type": "Point", "coordinates": [629508.77, 5220233.15]}}, {"type": "Feature", "properties": {"target_id": "T0574", "type": "row_gap", "vineyard_id": "V08", "row_id": "V08-R01", "gap_m": 8.64, "x": 629516.96, "y": 5220218.27}, "geometry": {"type": "Point", "coordinates": [629516.96, 5220218.27]}}, {"type": "Feature", "properties": {"target_id": "T0575", "type": "row_gap", "vineyard_id": "V08", "row_id": "V08-R01", "gap_m": 5.05, "x": 629541.6, "y": 5220185.67}, "geometry": {"type": "Point", "coordinates": [629541.6, 5220185.67]}}, {"type": "Feature", "properties": {"target_id": "T0576", "type": "row_gap", "vineyard_id": "V08", "row_id": "V08-R01", "gap_m": 11.01, "x": 629550.8, "y": 5220173.5}, "geometry": {"type": "Point", "coordinates": [629550.8, 5220173.5]}}, {"type": "Feature", "properties": {"target_id": "T0577", "type": "row_gap", "vineyard_id": "V12", "row_id": "V12-R03", "gap_m": 12.06, "x": 629595.35, "y": 5220115.07}, "geometry": {"type": "Point", "coordinates": [629595.35, 5220115.07]}}, {"type": "Feature", "properties": {"target_id": "T0578", "type": "row_gap", "vineyard_id": "V09", "row_id": "V09-R52", "gap_m": 7.87, "x": 629740.44, "y": 5220161.87}, "geometry": {"type": "Point", "coordinates": [629740.44, 5220161.87]}}, {"type": "Feature", "properties": {"target_id": "T0579", "type": "row_gap", "vineyard_id": "V09", "row_id": "V09-R52", "gap_m": 6.29, "x": 629753.95, "y": 5220144.22}, "geometry": {"type": "Point", "coordinates": [629753.95, 5220144.22]}}, {"type": "Feature", "properties": {"target_id": "T0580", "type": "row_gap", "vineyard_id": "V10", "row_id": "V10-R10", "gap_m": 9.5, "x": 629784.67, "y": 5220103.72}, "geometry": {"type": "Point", "coordinates": [629784.67, 5220103.72]}}, {"type": "Feature", "properties": {"target_id": "T0581", "type": "row_gap", "vineyard_id": "V12", "row_id": "V12-R05", "gap_m": 6.99, "x": 629560.38, "y": 5220165.01}, "geometry": {"type": "Point", "coordinates": [629560.38, 5220165.01]}}, {"type": "Feature", "properties": {"target_id": "T0582", "type": "row_gap", "vineyard_id": "V12", "row_id": "V12-R05", "gap_m": 6.83, "x": 629621.46, "y": 5220085.09}, "geometry": {"type": "Point", "coordinates": [629621.46, 5220085.09]}}, {"type": "Feature", "properties": {"target_id": "T0583", "type": "row_gap", "vineyard_id": "V09", "row_id": "V09-R17", "gap_m": 6.02, "x": 629625.89, "y": 5220154.97}, "geometry": {"type": "Point", "coordinates": [629625.89, 5220154.97]}}, {"type": "Feature", "properties": {"target_id": "T0584", "type": "row_gap", "vineyard_id": "V12", "row_id": "V12-R22", "gap_m": 8.23, "x": 629717.86, "y": 5220035.15}, "geometry": {"type": "Point", "coordinates": [629717.86, 5220035.15]}}, {"type": "Feature", "properties": {"target_id": "T0585", "type": "row_gap", "vineyard_id": "V12", "row_id": "V12-R22", "gap_m": 7.2, "x": 629723.95, "y": 5220027.09}, "geometry": {"type": "Point", "coordinates": [629723.95, 5220027.09]}}, {"type": "Feature", "properties": {"target_id": "T0586", "type": "row_gap", "vineyard_id": "V09", "row_id": "V09-R40", "gap_m": 6.59, "x": 629718.41, "y": 5220135.6}, "geometry": {"type": "Point", "coordinates": [629718.41, 5220135.6]}}, {"type": "Feature", "properties": {"target_id": "T0587", "type": "row_gap", "vineyard_id": "V09", "row_id": "V09-R40", "gap_m": 5.77, "x": 629700.06, "y": 5220159.6}, "geometry": {"type": "Point", "coordinates": [629700.06, 5220159.6]}}, {"type": "Feature", "properties": {"target_id": "T0588", "type": "row_gap", "vineyard_id": "V09", "row_id": "V09-R40", "gap_m": 5.61, "x": 629694.83, "y": 5220166.36}, "geometry": {"type": "Point", "coordinates": [629694.83, 5220166.36]}}, {"type": "Feature", "properties": {"target_id": "T0589", "type": "row_gap", "vineyard_id": "V09", "row_id": "V09-R40", "gap_m": 5.92, "x": 629691.32, "y": 5220170.94}, "geometry": {"type": "Point", "coordinates": [629691.32, 5220170.94]}}, {"type": "Feature", "properties": {"target_id": "T0590", "type": "row_gap", "vineyard_id": "V09", "row_id": "V09-R38", "gap_m": 5.84, "x": 629730.48, "y": 5220110.91}, "geometry": {"type": "Point", "coordinates": [629730.48, 5220110.91]}}, {"type": "Feature", "properties": {"target_id": "T0591", "type": "row_gap", "vineyard_id": "V09", "row_id": "V09-R36", "gap_m": 23.55, "x": 629670.2, "y": 5220181.74}, "geometry": {"type": "Point", "coordinates": [629670.2, 5220181.74]}}, {"type": "Feature", "properties": {"target_id": "T0592", "type": "row_gap", "vineyard_id": "V09", "row_id": "V09-R36", "gap_m": 6.23, "x": 629679.21, "y": 5220169.89}, "geometry": {"type": "Point", "coordinates": [629679.21, 5220169.89]}}, {"type": "Feature", "properties": {"target_id": "T0593", "type": "row_gap", "vineyard_id": "V09", "row_id": "V09-R36", "gap_m": 5.8, "x": 629714.7, "y": 5220123.2}, "geometry": {"type": "Point", "coordinates": [629714.7, 5220123.2]}}, {"type": "Feature", "properties": {"target_id": "T0594", "type": "row_gap", "vineyard_id": "V09", "row_id": "V09-R35", "gap_m": 6.82, "x": 629666.0, "y": 5220182.92}, "geometry": {"type": "Point", "coordinates": [629666.0, 5220182.92]}}, {"type": "Feature", "properties": {"target_id": "T0595", "type": "row_gap", "vineyard_id": "V09", "row_id": "V09-R35", "gap_m": 8.54, "x": 629722.73, "y": 5220108.9}, "geometry": {"type": "Point", "coordinates": [629722.73, 5220108.9]}}, {"type": "Feature", "properties": {"target_id": "T0596", "type": "row_gap", "vineyard_id": "V09", "row_id": "V09-R16", "gap_m": 7.75, "x": 629659.35, "y": 5220106.58}, "geometry": {"type": "Point", "coordinates": [629659.35, 5220106.58]}}, {"type": "Feature", "properties": {"target_id": "T0597", "type": "row_gap", "vineyard_id": "V12", "row_id": "V12-R21", "gap_m": 8.11, "x": 629688.23, "y": 5220069.17}, "geometry": {"type": "Point", "coordinates": [629688.23, 5220069.17]}}, {"type": "Feature", "properties": {"target_id": "T0598", "type": "row_gap", "vineyard_id": "V12", "row_id": "V12-R21", "gap_m": 5.5, "x": 629695.2, "y": 5220060.19}, "geometry": {"type": "Point", "coordinates": [629695.2, 5220060.19]}}, {"type": "Feature", "properties": {"target_id": "T0599", "type": "row_gap", "vineyard_id": "V12", "row_id": "V12-R21", "gap_m": 5.77, "x": 629719.23, "y": 5220028.86}, "geometry": {"type": "Point", "coordinates": [629719.23, 5220028.86]}}, {"type": "Feature", "properties": {"target_id": "T0600", "type": "row_gap", "vineyard_id": "V10", "row_id": "V10-R14", "gap_m": 13.29, "x": 629798.36, "y": 5220103.82}, "geometry": {"type": "Point", "coordinates": [629798.36, 5220103.82]}}, {"type": "Feature", "properties": {"target_id": "T0601", "type": "row_gap", "vineyard_id": "V10", "row_id": "V10-R14", "gap_m": 5.33, "x": 629807.97, "y": 5220090.42}, "geometry": {"type": "Point", "coordinates": [629807.97, 5220090.42]}}, {"type": "Feature", "properties": {"target_id": "T0602", "type": "row_gap", "vineyard_id": "V10", "row_id": "V10-R13", "gap_m": 6.36, "x": 629801.14, "y": 5220093.84}, "geometry": {"type": "Point", "coordinates": [629801.14, 5220093.84]}}, {"type": "Feature", "properties": {"target_id": "T0603", "type": "row_gap", "vineyard_id": "V10", "row_id": "V10-R13", "gap_m": 6.77, "x": 629805.39, "y": 5220088.84}, "geometry": {"type": "Point", "coordinates": [629805.39, 5220088.84]}}, {"type": "Feature", "properties": {"target_id": "T0604", "type": "row_gap", "vineyard_id": "V10", "row_id": "V10-R12", "gap_m": 17.43, "x": 629788.56, "y": 5220103.38}, "geometry": {"type": "Point", "coordinates": [629788.56, 5220103.38]}}, {"type": "Feature", "properties": {"target_id": "T0605", "type": "row_gap", "vineyard_id": "V10", "row_id": "V10-R12", "gap_m": 17.14, "x": 629798.98, "y": 5220089.58}, "geometry": {"type": "Point", "coordinates": [629798.98, 5220089.58]}}, {"type": "Feature", "properties": {"target_id": "T0606", "type": "row_gap", "vineyard_id": "V10", "row_id": "V10-R08", "gap_m": 6.48, "x": 629771.55, "y": 5220108.33}, "geometry": {"type": "Point", "coordinates": [629771.55, 5220108.33]}}, {"type": "Feature", "properties": {"target_id": "T0607", "type": "row_gap", "vineyard_id": "V10", "row_id": "V10-R08", "gap_m": 8.58, "x": 629778.79, "y": 5220099.05}, "geometry": {"type": "Point", "coordinates": [629778.79, 5220099.05]}}, {"type": "Feature", "properties": {"target_id": "T0608", "type": "row_gap", "vineyard_id": "V10", "row_id": "V10-R08", "gap_m": 6.02, "x": 629783.28, "y": 5220093.3}, "geometry": {"type": "Point", "coordinates": [629783.28, 5220093.3]}}, {"type": "Feature", "properties": {"target_id": "T0609", "type": "row_gap", "vineyard_id": "V10", "row_id": "V10-R08", "gap_m": 10.76, "x": 629788.44, "y": 5220086.68}, "geometry": {"type": "Point", "coordinates": [629788.44, 5220086.68]}}, {"type": "Feature", "properties": {"target_id": "T0610", "type": "row_gap", "vineyard_id": "V10", "row_id": "V10-R08", "gap_m": 6.4, "x": 629793.72, "y": 5220079.92}, "geometry": {"type": "Point", "coordinates": [629793.72, 5220079.92]}}, {"type": "Feature", "properties": {"target_id": "T0611", "type": "row_gap", "vineyard_id": "V10", "row_id": "V10-R08", "gap_m": 9.07, "x": 629801.9, "y": 5220069.56}, "geometry": {"type": "Point", "coordinates": [629801.9, 5220069.56]}}, {"type": "Feature", "properties": {"target_id": "T0612", "type": "row_gap", "vineyard_id": "V10", "row_id": "V10-R05", "gap_m": 5.54, "x": 629763.18, "y": 5220110.93}, "geometry": {"type": "Point", "coordinates": [629763.18, 5220110.93]}}, {"type": "Feature", "properties": {"target_id": "T0613", "type": "row_gap", "vineyard_id": "V10", "row_id": "V10-R05", "gap_m": 5.22, "x": 629766.49, "y": 5220106.68}, "geometry": {"type": "Point", "coordinates": [629766.49, 5220106.68]}}, {"type": "Feature", "properties": {"target_id": "T0614", "type": "row_gap", "vineyard_id": "V10", "row_id": "V10-R05", "gap_m": 5.61, "x": 629771.62, "y": 5220100.1}, "geometry": {"type": "Point", "coordinates": [629771.62, 5220100.1]}}, {"type": "Feature", "properties": {"target_id": "T0615", "type": "row_gap", "vineyard_id": "V10", "row_id": "V10-R04", "gap_m": 6.9, "x": 629762.37, "y": 5220104.5}, "geometry": {"type": "Point", "coordinates": [629762.37, 5220104.5]}}, {"type": "Feature", "properties": {"target_id": "T0616", "type": "row_gap", "vineyard_id": "V10", "row_id": "V10-R04", "gap_m": 6.89, "x": 629766.47, "y": 5220098.96}, "geometry": {"type": "Point", "coordinates": [629766.47, 5220098.96]}}, {"type": "Feature", "properties": {"target_id": "T0617", "type": "row_gap", "vineyard_id": "V10", "row_id": "V10-R04", "gap_m": 8.05, "x": 629770.98, "y": 5220093.01}, "geometry": {"type": "Point", "coordinates": [629770.98, 5220093.01]}}, {"type": "Feature", "properties": {"target_id": "T0618", "type": "row_gap", "vineyard_id": "V10", "row_id": "V10-R04", "gap_m": 5.26, "x": 629779.2, "y": 5220082.5}, "geometry": {"type": "Point", "coordinates": [629779.2, 5220082.5]}}, {"type": "Feature", "properties": {"target_id": "T0619", "type": "row_gap", "vineyard_id": "V10", "row_id": "V10-R04", "gap_m": 8.39, "x": 629786.64, "y": 5220073.14}, "geometry": {"type": "Point", "coordinates": [629786.64, 5220073.14]}}, {"type": "Feature", "properties": {"target_id": "T0620", "type": "row_gap", "vineyard_id": "V10", "row_id": "V10-R04", "gap_m": 7.1, "x": 629791.32, "y": 5220066.97}, "geometry": {"type": "Point", "coordinates": [629791.32, 5220066.97]}}, {"type": "Feature", "properties": {"target_id": "T0621", "type": "row_gap", "vineyard_id": "V12", "row_id": "V12-R01", "gap_m": 14.19, "x": 629636.62, "y": 5220051.1}, "geometry": {"type": "Point", "coordinates": [629636.62, 5220051.1]}}, {"type": "Feature", "properties": {"target_id": "T0622", "type": "row_gap", "vineyard_id": "V12", "row_id": "V12-R28", "gap_m": 5.45, "x": 629698.42, "y": 5220088.69}, "geometry": {"type": "Point", "coordinates": [629698.42, 5220088.69]}}, {"type": "Feature", "properties": {"target_id": "T0623", "type": "row_gap", "vineyard_id": "V12", "row_id": "V12-R28", "gap_m": 7.48, "x": 629703.14, "y": 5220082.45}, "geometry": {"type": "Point", "coordinates": [629703.14, 5220082.45]}}, {"type": "Feature", "properties": {"target_id": "T0624", "type": "row_gap", "vineyard_id": "V12", "row_id": "V12-R28", "gap_m": 7.51, "x": 629714.84, "y": 5220066.96}, "geometry": {"type": "Point", "coordinates": [629714.84, 5220066.96]}}, {"type": "Feature", "properties": {"target_id": "T0625", "type": "row_gap", "vineyard_id": "V12", "row_id": "V12-R26", "gap_m": 6.01, "x": 629698.33, "y": 5220079.74}, "geometry": {"type": "Point", "coordinates": [629698.33, 5220079.74]}}, {"type": "Feature", "properties": {"target_id": "T0626", "type": "row_gap", "vineyard_id": "V12", "row_id": "V12-R25", "gap_m": 6.38, "x": 629742.99, "y": 5220016.16}, "geometry": {"type": "Point", "coordinates": [629742.99, 5220016.16]}}, {"type": "Feature", "properties": {"target_id": "T0627", "type": "row_gap", "vineyard_id": "V12", "row_id": "V12-R24", "gap_m": 24.54, "x": 629749.29, "y": 5220003.31}, "geometry": {"type": "Point", "coordinates": [629749.29, 5220003.31]}}, {"type": "Feature", "properties": {"target_id": "T0628", "type": "row_gap", "vineyard_id": "V12", "row_id": "V12-R23", "gap_m": 7.29, "x": 629736.26, "y": 5220015.31}, "geometry": {"type": "Point", "coordinates": [629736.26, 5220015.31]}}, {"type": "Feature", "properties": {"target_id": "T0629", "type": "row_gap", "vineyard_id": "V10", "row_id": "V10-R11", "gap_m": 6.96, "x": 629808.91, "y": 5220072.16}, "geometry": {"type": "Point", "coordinates": [629808.91, 5220072.16]}}, {"type": "Feature", "properties": {"target_id": "T0630", "type": "row_gap", "vineyard_id": "V10", "row_id": "V10-R11", "gap_m": 24.37, "x": 629798.87, "y": 5220085.66}, "geometry": {"type": "Point", "coordinates": [629798.87, 5220085.66]}}, {"type": "Feature", "properties": {"target_id": "T0631", "type": "row_gap", "vineyard_id": "V10", "row_id": "V10-R09", "gap_m": 5.51, "x": 629806.19, "y": 5220071.95}, "geometry": {"type": "Point", "coordinates": [629806.19, 5220071.95]}}, {"type": "Feature", "properties": {"target_id": "T0632", "type": "row_gap", "vineyard_id": "V10", "row_id": "V10-R09", "gap_m": 6.4, "x": 629802.45, "y": 5220076.58}, "geometry": {"type": "Point", "coordinates": [629802.45, 5220076.58]}}, {"type": "Feature", "properties": {"target_id": "T0633", "type": "row_gap", "vineyard_id": "V10", "row_id": "V10-R09", "gap_m": 6.52, "x": 629798.35, "y": 5220081.68}, "geometry": {"type": "Point", "coordinates": [629798.35, 5220081.68]}}, {"type": "Feature", "properties": {"target_id": "T0634", "type": "row_gap", "vineyard_id": "V10", "row_id": "V10-R06", "gap_m": 6.88, "x": 629805.76, "y": 5220054.73}, "geometry": {"type": "Point", "coordinates": [629805.76, 5220054.73]}}, {"type": "Feature", "properties": {"target_id": "T0635", "type": "row_gap", "vineyard_id": "V10", "row_id": "V10-R06", "gap_m": 12.67, "x": 629799.96, "y": 5220062.6}, "geometry": {"type": "Point", "coordinates": [629799.96, 5220062.6]}}, {"type": "Feature", "properties": {"target_id": "T0636", "type": "row_gap", "vineyard_id": "V10", "row_id": "V10-R06", "gap_m": 7.64, "x": 629793.93, "y": 5220070.77}, "geometry": {"type": "Point", "coordinates": [629793.93, 5220070.77]}}, {"type": "Feature", "properties": {"target_id": "T0637", "type": "row_gap", "vineyard_id": "V10", "row_id": "V10-R06", "gap_m": 5.85, "x": 629787.78, "y": 5220079.11}, "geometry": {"type": "Point", "coordinates": [629787.78, 5220079.11]}}, {"type": "Feature", "properties": {"target_id": "T0638", "type": "row_gap", "vineyard_id": "V12", "row_id": "V12-R09", "gap_m": 10.56, "x": 629694.9, "y": 5220007.03}, "geometry": {"type": "Point", "coordinates": [629694.9, 5220007.03]}}, {"type": "Feature", "properties": {"target_id": "T0639", "type": "row_gap", "vineyard_id": "V12", "row_id": "V12-R09", "gap_m": 8.55, "x": 629700.79, "y": 5219999.51}, "geometry": {"type": "Point", "coordinates": [629700.79, 5219999.51]}}, {"type": "Feature", "properties": {"target_id": "T0640", "type": "row_gap", "vineyard_id": "V12", "row_id": "V12-R61", "gap_m": 15.76, "x": 629817.88, "y": 5220028.31}, "geometry": {"type": "Point", "coordinates": [629817.88, 5220028.31]}}, {"type": "Feature", "properties": {"target_id": "T0641", "type": "row_gap", "vineyard_id": "V12", "row_id": "V12-R61", "gap_m": 17.06, "x": 629834.09, "y": 5220007.47}, "geometry": {"type": "Point", "coordinates": [629834.09, 5220007.47]}}, {"type": "Feature", "properties": {"target_id": "T0642", "type": "row_gap", "vineyard_id": "V12", "row_id": "V12-R61", "gap_m": 9.35, "x": 629842.16, "y": 5219997.01}, "geometry": {"type": "Point", "coordinates": [629842.16, 5219997.01]}}, {"type": "Feature", "properties": {"target_id": "T0643", "type": "row_gap", "vineyard_id": "V12", "row_id": "V12-R61", "gap_m": 20.23, "x": 629852.6, "y": 5219983.34}, "geometry": {"type": "Point", "coordinates": [629852.6, 5219983.34]}}, {"type": "Feature", "properties": {"target_id": "T0644", "type": "row_gap", "vineyard_id": "V12", "row_id": "V12-R61", "gap_m": 24.4, "x": 629866.71, "y": 5219964.85}, "geometry": {"type": "Point", "coordinates": [629866.71, 5219964.85]}}, {"type": "Feature", "properties": {"target_id": "T0645", "type": "row_gap", "vineyard_id": "V12", "row_id": "V12-R59", "gap_m": 13.18, "x": 629813.48, "y": 5220030.14}, "geometry": {"type": "Point", "coordinates": [629813.48, 5220030.14]}}, {"type": "Feature", "properties": {"target_id": "T0646", "type": "row_gap", "vineyard_id": "V12", "row_id": "V12-R59", "gap_m": 31.28, "x": 629830.59, "y": 5220007.19}, "geometry": {"type": "Point", "coordinates": [629830.59, 5220007.19]}}, {"type": "Feature", "properties": {"target_id": "T0647", "type": "row_gap", "vineyard_id": "V12", "row_id": "V12-R59", "gap_m": 16.88, "x": 629847.54, "y": 5219985.08}, "geometry": {"type": "Point", "coordinates": [629847.54, 5219985.08]}}, {"type": "Feature", "properties": {"target_id": "T0648", "type": "row_gap", "vineyard_id": "V12", "row_id": "V12-R50", "gap_m": 5.47, "x": 629821.18, "y": 5219995.22}, "geometry": {"type": "Point", "coordinates": [629821.18, 5219995.22]}}, {"type": "Feature", "properties": {"target_id": "T0649", "type": "row_gap", "vineyard_id": "V12", "row_id": "V12-R50", "gap_m": 11.28, "x": 629826.25, "y": 5219988.56}, "geometry": {"type": "Point", "coordinates": [629826.25, 5219988.56]}}, {"type": "Feature", "properties": {"target_id": "T0650", "type": "row_gap", "vineyard_id": "V12", "row_id": "V12-R50", "gap_m": 6.04, "x": 629832.03, "y": 5219980.96}, "geometry": {"type": "Point", "coordinates": [629832.03, 5219980.96]}}, {"type": "Feature", "properties": {"target_id": "T0651", "type": "row_gap", "vineyard_id": "V12", "row_id": "V12-R50", "gap_m": 29.61, "x": 629846.35, "y": 5219962.15}, "geometry": {"type": "Point", "coordinates": [629846.35, 5219962.15]}}, {"type": "Feature", "properties": {"target_id": "T0652", "type": "row_gap", "vineyard_id": "V12", "row_id": "V12-R49", "gap_m": 8.1, "x": 629825.79, "y": 5219984.15}, "geometry": {"type": "Point", "coordinates": [629825.79, 5219984.15]}}, {"type": "Feature", "properties": {"target_id": "T0653", "type": "row_gap", "vineyard_id": "V12", "row_id": "V12-R49", "gap_m": 16.44, "x": 629833.9, "y": 5219973.57}, "geometry": {"type": "Point", "coordinates": [629833.9, 5219973.57]}}, {"type": "Feature", "properties": {"target_id": "T0654", "type": "row_gap", "vineyard_id": "V12", "row_id": "V12-R49", "gap_m": 9.12, "x": 629843.27, "y": 5219961.32}, "geometry": {"type": "Point", "coordinates": [629843.27, 5219961.32]}}, {"type": "Feature", "properties": {"target_id": "T0655", "type": "row_gap", "vineyard_id": "V12", "row_id": "V12-R49", "gap_m": 6.54, "x": 629849.26, "y": 5219953.51}, "geometry": {"type": "Point", "coordinates": [629849.26, 5219953.51]}}, {"type": "Feature", "properties": {"target_id": "T0656", "type": "row_gap", "vineyard_id": "V12", "row_id": "V12-R49", "gap_m": 5.37, "x": 629856.3, "y": 5219944.3}, "geometry": {"type": "Point", "coordinates": [629856.3, 5219944.3]}}, {"type": "Feature", "properties": {"target_id": "T0657", "type": "row_gap", "vineyard_id": "V12", "row_id": "V12-R49", "gap_m": 16.83, "x": 629863.05, "y": 5219935.49}, "geometry": {"type": "Point", "coordinates": [629863.05, 5219935.49]}}, {"type": "Feature", "properties": {"target_id": "T0658", "type": "row_gap", "vineyard_id": "V12", "row_id": "V12-R49", "gap_m": 9.28, "x": 629925.22, "y": 5219855.89}, "geometry": {"type": "Point", "coordinates": [629925.22, 5219855.89]}}, {"type": "Feature", "properties": {"target_id": "T0659", "type": "row_gap", "vineyard_id": "V12", "row_id": "V12-R49", "gap_m": 5.66, "x": 629930.45, "y": 5219849.19}, "geometry": {"type": "Point", "coordinates": [629930.45, 5219849.19]}}, {"type": "Feature", "properties": {"target_id": "T0660", "type": "row_gap", "vineyard_id": "V12", "row_id": "V12-R49", "gap_m": 10.75, "x": 629986.43, "y": 5219777.68}, "geometry": {"type": "Point", "coordinates": [629986.43, 5219777.68]}}, {"type": "Feature", "properties": {"target_id": "T0661", "type": "row_gap", "vineyard_id": "V12", "row_id": "V12-R49", "gap_m": 13.09, "x": 629994.56, "y": 5219767.27}, "geometry": {"type": "Point", "coordinates": [629994.56, 5219767.27]}}, {"type": "Feature", "properties": {"target_id": "T0662", "type": "row_gap", "vineyard_id": "V12", "row_id": "V12-R48", "gap_m": 9.42, "x": 629818.05, "y": 5219989.38}, "geometry": {"type": "Point", "coordinates": [629818.05, 5219989.38]}}, {"type": "Feature", "properties": {"target_id": "T0663", "type": "row_gap", "vineyard_id": "V12", "row_id": "V12-R48", "gap_m": 8.56, "x": 629825.83, "y": 5219979.18}, "geometry": {"type": "Point", "coordinates": [629825.83, 5219979.18]}}, {"type": "Feature", "properties": {"target_id": "T0664", "type": "row_gap", "vineyard_id": "V12", "row_id": "V12-R48", "gap_m": 23.41, "x": 629836.63, "y": 5219965.09}, "geometry": {"type": "Point", "coordinates": [629836.63, 5219965.09]}}, {"type": "Feature", "properties": {"target_id": "T0665", "type": "row_gap", "vineyard_id": "V12", "row_id": "V12-R48", "gap_m": 13.47, "x": 629850.29, "y": 5219947.31}, "geometry": {"type": "Point", "coordinates": [629850.29, 5219947.31]}}, {"type": "Feature", "properties": {"target_id": "T0666", "type": "row_gap", "vineyard_id": "V12", "row_id": "V12-R48", "gap_m": 9.87, "x": 629858.13, "y": 5219937.11}, "geometry": {"type": "Point", "coordinates": [629858.13, 5219937.11]}}, {"type": "Feature", "properties": {"target_id": "T0667", "type": "row_gap", "vineyard_id": "V12", "row_id": "V12-R48", "gap_m": 13.71, "x": 629867.75, "y": 5219924.58}, "geometry": {"type": "Point", "coordinates": [629867.75, 5219924.58]}}, {"type": "Feature", "properties": {"target_id": "T0668", "type": "row_gap", "vineyard_id": "V12", "row_id": "V12-R48", "gap_m": 6.85, "x": 629877.51, "y": 5219911.88}, "geometry": {"type": "Point", "coordinates": [629877.51, 5219911.88]}}, {"type": "Feature", "properties": {"target_id": "T0669", "type": "row_gap", "vineyard_id": "V12", "row_id": "V12-R48", "gap_m": 6.52, "x": 629882.1, "y": 5219905.97}, "geometry": {"type": "Point", "coordinates": [629882.1, 5219905.97]}}, {"type": "Feature", "properties": {"target_id": "T0670", "type": "row_gap", "vineyard_id": "V12", "row_id": "V12-R48", "gap_m": 6.92, "x": 629891.98, "y": 5219893.29}, "geometry": {"type": "Point", "coordinates": [629891.98, 5219893.29]}}, {"type": "Feature", "properties": {"target_id": "T0671", "type": "row_gap", "vineyard_id": "V12", "row_id": "V12-R48", "gap_m": 8.29, "x": 629904.62, "y": 5219877.17}, "geometry": {"type": "Point", "coordinates": [629904.62, 5219877.17]}}, {"type": "Feature", "properties": {"target_id": "T0672", "type": "row_gap", "vineyard_id": "V12", "row_id": "V12-R48", "gap_m": 7.8, "x": 629923.4, "y": 5219853.07}, "geometry": {"type": "Point", "coordinates": [629923.4, 5219853.07]}}, {"type": "Feature", "properties": {"target_id": "T0673", "type": "row_gap", "vineyard_id": "V12", "row_id": "V12-R48", "gap_m": 7.86, "x": 629931.75, "y": 5219842.47}, "geometry": {"type": "Point", "coordinates": [629931.75, 5219842.47]}}, {"type": "Feature", "properties": {"target_id": "T0674", "type": "row_gap", "vineyard_id": "V12", "row_id": "V12-R48", "gap_m": 7.67, "x": 629936.56, "y": 5219836.38}, "geometry": {"type": "Point", "coordinates": [629936.56, 5219836.38]}}, {"type": "Feature", "properties": {"target_id": "T0675", "type": "row_gap", "vineyard_id": "V12", "row_id": "V12-R48", "gap_m": 17.64, "x": 629951.68, "y": 5219817.21}, "geometry": {"type": "Point", "coordinates": [629951.68, 5219817.21]}}, {"type": "Feature", "properties": {"target_id": "T0676", "type": "row_gap", "vineyard_id": "V12", "row_id": "V12-R48", "gap_m": 7.93, "x": 629962.9, "y": 5219802.92}, "geometry": {"type": "Point", "coordinates": [629962.9, 5219802.92]}}, {"type": "Feature", "properties": {"target_id": "T0677", "type": "row_gap", "vineyard_id": "V12", "row_id": "V12-R48", "gap_m": 26.75, "x": 629987.88, "y": 5219770.98}, "geometry": {"type": "Point", "coordinates": [629987.88, 5219770.98]}}, {"type": "Feature", "properties": {"target_id": "T0678", "type": "row_gap", "vineyard_id": "V12", "row_id": "V12-R48", "gap_m": 14.35, "x": 630002.28, "y": 5219752.75}, "geometry": {"type": "Point", "coordinates": [630002.28, 5219752.75]}}, {"type": "Feature", "properties": {"target_id": "T0679", "type": "row_gap", "vineyard_id": "V12", "row_id": "V12-R46", "gap_m": 5.34, "x": 629797.32, "y": 5220012.37}, "geometry": {"type": "Point", "coordinates": [629797.32, 5220012.37]}}, {"type": "Feature", "properties": {"target_id": "T0680", "type": "row_gap", "vineyard_id": "V12", "row_id": "V12-R46", "gap_m": 11.36, "x": 629806.64, "y": 5219999.49}, "geometry": {"type": "Point", "coordinates": [629806.64, 5219999.49]}}, {"type": "Feature", "properties": {"target_id": "T0681", "type": "row_gap", "vineyard_id": "V12", "row_id": "V12-R43", "gap_m": 31.16, "x": 629778.51, "y": 5220031.98}, "geometry": {"type": "Point", "coordinates": [629778.51, 5220031.98]}}, {"type": "Feature", "properties": {"target_id": "T0682", "type": "row_gap", "vineyard_id": "V12", "row_id": "V12-R43", "gap_m": 5.08, "x": 629790.06, "y": 5220017.01}, "geometry": {"type": "Point", "coordinates": [629790.06, 5220017.01]}}, {"type": "Feature", "properties": {"target_id": "T0683", "type": "row_gap", "vineyard_id": "V12", "row_id": "V12-R43", "gap_m": 8.87, "x": 629833.28, "y": 5219959.95}, "geometry": {"type": "Point", "coordinates": [629833.28, 5219959.95]}}, {"type": "Feature", "properties": {"target_id": "T0684", "type": "row_gap", "vineyard_id": "V12", "row_id": "V12-R40", "gap_m": 11.03, "x": 629791.74, "y": 5220008.65}, "geometry": {"type": "Point", "coordinates": [629791.74, 5220008.65]}}, {"type": "Feature", "properties": {"target_id": "T0685", "type": "row_gap", "vineyard_id": "V12", "row_id": "V12-R40", "gap_m": 26.18, "x": 629802.9, "y": 5219993.79}, "geometry": {"type": "Point", "coordinates": [629802.9, 5219993.79]}}, {"type": "Feature", "properties": {"target_id": "T0686", "type": "row_gap", "vineyard_id": "V12", "row_id": "V12-R40", "gap_m": 5.32, "x": 629812.94, "y": 5219981.66}, "geometry": {"type": "Point", "coordinates": [629812.94, 5219981.66]}}, {"type": "Feature", "properties": {"target_id": "T0687", "type": "row_gap", "vineyard_id": "V12", "row_id": "V12-R40", "gap_m": 6.69, "x": 629818.23, "y": 5219974.73}, "geometry": {"type": "Point", "coordinates": [629818.23, 5219974.73]}}, {"type": "Feature", "properties": {"target_id": "T0688", "type": "row_gap", "vineyard_id": "V12", "row_id": "V12-R40", "gap_m": 25.73, "x": 629828.19, "y": 5219961.93}, "geometry": {"type": "Point", "coordinates": [629828.19, 5219961.93]}}, {"type": "Feature", "properties": {"target_id": "T0689", "type": "row_gap", "vineyard_id": "V12", "row_id": "V12-R40", "gap_m": 7.34, "x": 629839.25, "y": 5219947.84}, "geometry": {"type": "Point", "coordinates": [629839.25, 5219947.84]}}, {"type": "Feature", "properties": {"target_id": "T0690", "type": "row_gap", "vineyard_id": "V12", "row_id": "V12-R65", "gap_m": 41.55, "x": 629840.23, "y": 5220021.37}, "geometry": {"type": "Point", "coordinates": [629840.23, 5220021.37]}}, {"type": "Feature", "properties": {"target_id": "T0691", "type": "row_gap", "vineyard_id": "V12", "row_id": "V12-R65", "gap_m": 31.32, "x": 629862.18, "y": 5219992.29}, "geometry": {"type": "Point", "coordinates": [629862.18, 5219992.29]}}, {"type": "Feature", "properties": {"target_id": "T0692", "type": "row_gap", "vineyard_id": "V12", "row_id": "V12-R65", "gap_m": 7.37, "x": 629873.84, "y": 5219976.85}, "geometry": {"type": "Point", "coordinates": [629873.84, 5219976.85]}}, {"type": "Feature", "properties": {"target_id": "T0693", "type": "row_gap", "vineyard_id": "V12", "row_id": "V12-R64", "gap_m": 60.96, "x": 629831.33, "y": 5220020.32}, "geometry": {"type": "Point", "coordinates": [629831.33, 5220020.32]}}, {"type": "Feature", "properties": {"target_id": "T0694", "type": "row_gap", "vineyard_id": "V12", "row_id": "V12-R58", "gap_m": 26.09, "x": 629830.0, "y": 5220003.3}, "geometry": {"type": "Point", "coordinates": [629830.0, 5220003.3]}}, {"type": "Feature", "properties": {"target_id": "T0695", "type": "row_gap", "vineyard_id": "V12", "row_id": "V12-R58", "gap_m": 7.93, "x": 629840.28, "y": 5219989.75}, "geometry": {"type": "Point", "coordinates": [629840.28, 5219989.75]}}, {"type": "Feature", "properties": {"target_id": "T0696", "type": "row_gap", "vineyard_id": "V12", "row_id": "V12-R58", "gap_m": 22.37, "x": 629854.66, "y": 5219970.83}, "geometry": {"type": "Point", "coordinates": [629854.66, 5219970.83]}}, {"type": "Feature", "properties": {"target_id": "T0697", "type": "row_gap", "vineyard_id": "V12", "row_id": "V12-R58", "gap_m": 14.06, "x": 629866.99, "y": 5219954.6}, "geometry": {"type": "Point", "coordinates": [629866.99, 5219954.6]}}, {"type": "Feature", "properties": {"target_id": "T0698", "type": "row_gap", "vineyard_id": "V12", "row_id": "V12-R57", "gap_m": 17.13, "x": 629820.37, "y": 5220010.97}, "geometry": {"type": "Point", "coordinates": [629820.37, 5220010.97]}}, {"type": "Feature", "properties": {"target_id": "T0699", "type": "row_gap", "vineyard_id": "V12", "row_id": "V12-R57", "gap_m": 5.3, "x": 629830.54, "y": 5219997.62}, "geometry": {"type": "Point", "coordinates": [629830.54, 5219997.62]}}, {"type": "Feature", "properties": {"target_id": "T0700", "type": "row_gap", "vineyard_id": "V12", "row_id": "V12-R57", "gap_m": 9.79, "x": 629836.01, "y": 5219990.43}, "geometry": {"type": "Point", "coordinates": [629836.01, 5219990.43]}}, {"type": "Feature", "properties": {"target_id": "T0701", "type": "row_gap", "vineyard_id": "V12", "row_id": "V12-R57", "gap_m": 34.6, "x": 629849.46, "y": 5219972.77}, "geometry": {"type": "Point", "coordinates": [629849.46, 5219972.77]}}, {"type": "Feature", "properties": {"target_id": "T0702", "type": "row_gap", "vineyard_id": "V12", "row_id": "V12-R57", "gap_m": 7.31, "x": 629864.92, "y": 5219952.45}, "geometry": {"type": "Point", "coordinates": [629864.92, 5219952.45]}}, {"type": "Feature", "properties": {"target_id": "T0703", "type": "row_gap", "vineyard_id": "V12", "row_id": "V12-R54", "gap_m": 9.84, "x": 629824.7, "y": 5220000.15}, "geometry": {"type": "Point", "coordinates": [629824.7, 5220000.15]}}, {"type": "Feature", "properties": {"target_id": "T0704", "type": "row_gap", "vineyard_id": "V12", "row_id": "V12-R54", "gap_m": 28.64, "x": 629841.79, "y": 5219977.85}, "geometry": {"type": "Point", "coordinates": [629841.79, 5219977.85]}}, {"type": "Feature", "properties": {"target_id": "T0705", "type": "row_gap", "vineyard_id": "V12", "row_id": "V12-R54", "gap_m": 6.69, "x": 629859.53, "y": 5219954.82}, "geometry": {"type": "Point", "coordinates": [629859.53, 5219954.82]}}, {"type": "Feature", "properties": {"target_id": "T0706", "type": "row_gap", "vineyard_id": "V12", "row_id": "V12-R54", "gap_m": 27.95, "x": 629872.55, "y": 5219937.09}, "geometry": {"type": "Point", "coordinates": [629872.55, 5219937.09]}}, {"type": "Feature", "properties": {"target_id": "T0707", "type": "row_gap", "vineyard_id": "V12", "row_id": "V12-R54", "gap_m": 6.73, "x": 629888.65, "y": 5219916.82}, "geometry": {"type": "Point", "coordinates": [629888.65, 5219916.82]}}, {"type": "Feature", "properties": {"target_id": "T0708", "type": "row_gap", "vineyard_id": "V12", "row_id": "V12-R54", "gap_m": 21.0, "x": 629897.23, "y": 5219905.93}, "geometry": {"type": "Point", "coordinates": [629897.23, 5219905.93]}}, {"type": "Feature", "properties": {"target_id": "T0709", "type": "row_gap", "vineyard_id": "V12", "row_id": "V12-R54", "gap_m": 5.79, "x": 629908.45, "y": 5219891.34}, "geometry": {"type": "Point", "coordinates": [629908.45, 5219891.34]}}, {"type": "Feature", "properties": {"target_id": "T0710", "type": "row_gap", "vineyard_id": "V12", "row_id": "V12-R52", "gap_m": 7.73, "x": 629819.03, "y": 5220002.76}, "geometry": {"type": "Point", "coordinates": [629819.03, 5220002.76]}}, {"type": "Feature", "properties": {"target_id": "T0711", "type": "row_gap", "vineyard_id": "V12", "row_id": "V12-R52", "gap_m": 22.76, "x": 629838.15, "y": 5219977.7}, "geometry": {"type": "Point", "coordinates": [629838.15, 5219977.7]}}, {"type": "Feature", "properties": {"target_id": "T0712", "type": "row_gap", "vineyard_id": "V12", "row_id": "V12-R63", "gap_m": 16.44, "x": 629854.99, "y": 5219985.42}, "geometry": {"type": "Point", "coordinates": [629854.99, 5219985.42]}}, {"type": "Feature", "properties": {"target_id": "T0713", "type": "row_gap", "vineyard_id": "V12", "row_id": "V12-R47", "gap_m": 11.39, "x": 629827.74, "y": 5219971.95}, "geometry": {"type": "Point", "coordinates": [629827.74, 5219971.95]}}, {"type": "Feature", "properties": {"target_id": "T0714", "type": "row_gap", "vineyard_id": "V12", "row_id": "V12-R47", "gap_m": 7.28, "x": 629835.03, "y": 5219962.47}, "geometry": {"type": "Point", "coordinates": [629835.03, 5219962.47]}}, {"type": "Feature", "properties": {"target_id": "T0715", "type": "row_gap", "vineyard_id": "V12", "row_id": "V12-R47", "gap_m": 6.33, "x": 629841.45, "y": 5219954.12}, "geometry": {"type": "Point", "coordinates": [629841.45, 5219954.12]}}, {"type": "Feature", "properties": {"target_id": "T0716", "type": "row_gap", "vineyard_id": "V12", "row_id": "V12-R47", "gap_m": 10.94, "x": 629854.92, "y": 5219936.4}, "geometry": {"type": "Point", "coordinates": [629854.92, 5219936.4]}}, {"type": "Feature", "properties": {"target_id": "T0717", "type": "row_gap", "vineyard_id": "V12", "row_id": "V12-R47", "gap_m": 23.85, "x": 629869.46, "y": 5219917.5}, "geometry": {"type": "Point", "coordinates": [629869.46, 5219917.5]}}, {"type": "Feature", "properties": {"target_id": "T0718", "type": "row_gap", "vineyard_id": "V12", "row_id": "V12-R47", "gap_m": 10.42, "x": 629916.19, "y": 5219857.6}, "geometry": {"type": "Point", "coordinates": [629916.19, 5219857.6]}}, {"type": "Feature", "properties": {"target_id": "T0719", "type": "row_gap", "vineyard_id": "V12", "row_id": "V12-R47", "gap_m": 5.32, "x": 629932.74, "y": 5219836.63}, "geometry": {"type": "Point", "coordinates": [629932.74, 5219836.63]}}, {"type": "Feature", "properties": {"target_id": "T0720", "type": "row_gap", "vineyard_id": "V12", "row_id": "V12-R47", "gap_m": 7.64, "x": 629979.12, "y": 5219777.57}, "geometry": {"type": "Point", "coordinates": [629979.12, 5219777.57]}}, {"type": "Feature", "properties": {"target_id": "T0721", "type": "row_gap", "vineyard_id": "V12", "row_id": "V12-R47", "gap_m": 6.32, "x": 629986.67, "y": 5219767.92}, "geometry": {"type": "Point", "coordinates": [629986.67, 5219767.92]}}, {"type": "Feature", "properties": {"target_id": "T0722", "type": "row_gap", "vineyard_id": "V12", "row_id": "V12-R42", "gap_m": 18.42, "x": 629854.1, "y": 5219931.42}, "geometry": {"type": "Point", "coordinates": [629854.1, 5219931.42]}}, {"type": "Feature", "properties": {"target_id": "T0723", "type": "row_gap", "vineyard_id": "V12", "row_id": "V12-R38", "gap_m": 5.53, "x": 629849.89, "y": 5219930.62}, "geometry": {"type": "Point", "coordinates": [629849.89, 5219930.62]}}, {"type": "Feature", "properties": {"target_id": "T0724", "type": "row_gap", "vineyard_id": "V12", "row_id": "V12-R36", "gap_m": 7.52, "x": 629851.46, "y": 5219924.27}, "geometry": {"type": "Point", "coordinates": [629851.46, 5219924.27]}}, {"type": "Feature", "properties": {"target_id": "T0725", "type": "row_gap", "vineyard_id": "V37", "row_id": "V37-R03", "gap_m": 9.97, "x": 629830.9, "y": 5219933.67}, "geometry": {"type": "Point", "coordinates": [629830.9, 5219933.67]}}, {"type": "Feature", "properties": {"target_id": "T0726", "type": "row_gap", "vineyard_id": "V37", "row_id": "V37-R03", "gap_m": 7.45, "x": 629836.32, "y": 5219926.86}, "geometry": {"type": "Point", "coordinates": [629836.32, 5219926.86]}}, {"type": "Feature", "properties": {"target_id": "T0727", "type": "row_gap", "vineyard_id": "V37", "row_id": "V37-R03", "gap_m": 12.93, "x": 629842.71, "y": 5219918.93}, "geometry": {"type": "Point", "coordinates": [629842.71, 5219918.93]}}, {"type": "Feature", "properties": {"target_id": "T0728", "type": "row_gap", "vineyard_id": "V37", "row_id": "V37-R03", "gap_m": 13.38, "x": 629851.0, "y": 5219908.71}, "geometry": {"type": "Point", "coordinates": [629851.0, 5219908.71]}}, {"type": "Feature", "properties": {"target_id": "T0729", "type": "row_gap", "vineyard_id": "V37", "row_id": "V37-R03", "gap_m": 11.36, "x": 629858.79, "y": 5219899.11}, "geometry": {"type": "Point", "coordinates": [629858.79, 5219899.11]}}, {"type": "Feature", "properties": {"target_id": "T0730", "type": "row_gap", "vineyard_id": "V37", "row_id": "V37-R03", "gap_m": 9.06, "x": 629865.14, "y": 5219891.12}, "geometry": {"type": "Point", "coordinates": [629865.14, 5219891.12]}}, {"type": "Feature", "properties": {"target_id": "T0731", "type": "row_gap", "vineyard_id": "V37", "row_id": "V37-R03", "gap_m": 22.14, "x": 629874.6, "y": 5219878.71}, "geometry": {"type": "Point", "coordinates": [629874.6, 5219878.71]}}, {"type": "Feature", "properties": {"target_id": "T0732", "type": "row_gap", "vineyard_id": "V37", "row_id": "V37-R03", "gap_m": 37.88, "x": 629893.21, "y": 5219855.17}, "geometry": {"type": "Point", "coordinates": [629893.21, 5219855.17]}}, {"type": "Feature", "properties": {"target_id": "T0733", "type": "row_gap", "vineyard_id": "V37", "row_id": "V37-R03", "gap_m": 28.73, "x": 629913.67, "y": 5219828.91}, "geometry": {"type": "Point", "coordinates": [629913.67, 5219828.91]}}, {"type": "Feature", "properties": {"target_id": "T0734", "type": "row_gap", "vineyard_id": "V37", "row_id": "V37-R03", "gap_m": 16.42, "x": 629928.39, "y": 5219810.47}, "geometry": {"type": "Point", "coordinates": [629928.39, 5219810.47]}}, {"type": "Feature", "properties": {"target_id": "T0735", "type": "row_gap", "vineyard_id": "V37", "row_id": "V37-R02", "gap_m": 10.71, "x": 629851.71, "y": 5219905.43}, "geometry": {"type": "Point", "coordinates": [629851.71, 5219905.43]}}, {"type": "Feature", "properties": {"target_id": "T0736", "type": "row_gap", "vineyard_id": "V12", "row_id": "V12-R53", "gap_m": 11.77, "x": 629872.59, "y": 5219932.48}, "geometry": {"type": "Point", "coordinates": [629872.59, 5219932.48]}}, {"type": "Feature", "properties": {"target_id": "T0737", "type": "row_gap", "vineyard_id": "V12", "row_id": "V12-R53", "gap_m": 5.28, "x": 629914.79, "y": 5219878.63}, "geometry": {"type": "Point", "coordinates": [629914.79, 5219878.63]}}, {"type": "Feature", "properties": {"target_id": "T0738", "type": "row_gap", "vineyard_id": "V12", "row_id": "V12-R53", "gap_m": 5.46, "x": 629969.76, "y": 5219808.49}, "geometry": {"type": "Point", "coordinates": [629969.76, 5219808.49]}}, {"type": "Feature", "properties": {"target_id": "T0739", "type": "row_gap", "vineyard_id": "V12", "row_id": "V12-R51", "gap_m": 10.06, "x": 629880.78, "y": 5219917.46}, "geometry": {"type": "Point", "coordinates": [629880.78, 5219917.46]}}, {"type": "Feature", "properties": {"target_id": "T0740", "type": "row_gap", "vineyard_id": "V12", "row_id": "V12-R51", "gap_m": 7.03, "x": 629891.61, "y": 5219903.63}, "geometry": {"type": "Point", "coordinates": [629891.61, 5219903.63]}}, {"type": "Feature", "properties": {"target_id": "T0741", "type": "row_gap", "vineyard_id": "V12", "row_id": "V12-R51", "gap_m": 7.7, "x": 629905.31, "y": 5219886.13}, "geometry": {"type": "Point", "coordinates": [629905.31, 5219886.13]}}, {"type": "Feature", "properties": {"target_id": "T0742", "type": "row_gap", "vineyard_id": "V12", "row_id": "V12-R51", "gap_m": 6.92, "x": 629953.49, "y": 5219824.6}, "geometry": {"type": "Point", "coordinates": [629953.49, 5219824.6]}}, {"type": "Feature", "properties": {"target_id": "T0743", "type": "row_gap", "vineyard_id": "V12", "row_id": "V12-R51", "gap_m": 9.29, "x": 629960.3, "y": 5219815.9}, "geometry": {"type": "Point", "coordinates": [629960.3, 5219815.9]}}, {"type": "Feature", "properties": {"target_id": "T0744", "type": "row_gap", "vineyard_id": "V12", "row_id": "V12-R51", "gap_m": 7.52, "x": 629978.51, "y": 5219792.64}, "geometry": {"type": "Point", "coordinates": [629978.51, 5219792.64]}}, {"type": "Feature", "properties": {"target_id": "T0745", "type": "row_gap", "vineyard_id": "V12", "row_id": "V12-R51", "gap_m": 15.03, "x": 629990.67, "y": 5219777.12}, "geometry": {"type": "Point", "coordinates": [629990.67, 5219777.12]}}, {"type": "Feature", "properties": {"target_id": "T0746", "type": "row_gap", "vineyard_id": "V37", "row_id": "V37-R04", "gap_m": 14.78, "x": 629868.72, "y": 5219889.02}, "geometry": {"type": "Point", "coordinates": [629868.72, 5219889.02]}}, {"type": "Feature", "properties": {"target_id": "T0747", "type": "row_gap", "vineyard_id": "V37", "row_id": "V37-R04", "gap_m": 14.87, "x": 629879.79, "y": 5219874.74}, "geometry": {"type": "Point", "coordinates": [629879.79, 5219874.74]}}, {"type": "Feature", "properties": {"target_id": "T0748", "type": "row_gap", "vineyard_id": "V37", "row_id": "V37-R04", "gap_m": 16.56, "x": 629891.63, "y": 5219860.08}, "geometry": {"type": "Point", "coordinates": [629891.63, 5219860.08]}}, {"type": "Feature", "properties": {"target_id": "T0749", "type": "row_gap", "vineyard_id": "V37", "row_id": "V37-R04", "gap_m": 12.54, "x": 629902.1, "y": 5219847.55}, "geometry": {"type": "Point", "coordinates": [629902.1, 5219847.55]}}, {"type": "Feature", "properties": {"target_id": "T0750", "type": "row_gap", "vineyard_id": "V37", "row_id": "V37-R07", "gap_m": 46.91, "x": 629896.49, "y": 5219866.0}, "geometry": {"type": "Point", "coordinates": [629896.49, 5219866.0]}}, {"type": "Feature", "properties": {"target_id": "T0751", "type": "row_gap", "vineyard_id": "V37", "row_id": "V37-R05", "gap_m": 17.3, "x": 629882.77, "y": 5219875.25}, "geometry": {"type": "Point", "coordinates": [629882.77, 5219875.25]}}, {"type": "Feature", "properties": {"target_id": "T0752", "type": "row_gap", "vineyard_id": "V37", "row_id": "V37-R01", "gap_m": 14.38, "x": 629869.81, "y": 5219881.48}, "geometry": {"type": "Point", "coordinates": [629869.81, 5219881.48]}}, {"type": "Feature", "properties": {"target_id": "T0753", "type": "row_gap", "vineyard_id": "V49", "row_id": "V49-R04", "gap_m": 18.36, "x": 629943.97, "y": 5219878.76}, "geometry": {"type": "Point", "coordinates": [629943.97, 5219878.76]}}, {"type": "Feature", "properties": {"target_id": "T0754", "type": "row_gap", "vineyard_id": "V49", "row_id": "V49-R03", "gap_m": 38.25, "x": 629948.81, "y": 5219867.28}, "geometry": {"type": "Point", "coordinates": [629948.81, 5219867.28]}}, {"type": "Feature", "properties": {"target_id": "T0755", "type": "row_gap", "vineyard_id": "V49", "row_id": "V49-R02", "gap_m": 11.15, "x": 629944.21, "y": 5219868.27}, "geometry": {"type": "Point", "coordinates": [629944.21, 5219868.27]}}, {"type": "Feature", "properties": {"target_id": "T0756", "type": "row_gap", "vineyard_id": "V49", "row_id": "V49-R02", "gap_m": 17.28, "x": 629934.85, "y": 5219878.98}, "geometry": {"type": "Point", "coordinates": [629934.85, 5219878.98]}}, {"type": "Feature", "properties": {"target_id": "T0757", "type": "row_gap", "vineyard_id": "V49", "row_id": "V49-R01", "gap_m": 11.96, "x": 629937.9, "y": 5219870.88}, "geometry": {"type": "Point", "coordinates": [629937.9, 5219870.88]}}, {"type": "Feature", "properties": {"target_id": "T0758", "type": "row_gap", "vineyard_id": "V12", "row_id": "V12-R55", "gap_m": 20.6, "x": 629940.7, "y": 5219849.84}, "geometry": {"type": "Point", "coordinates": [629940.7, 5219849.84]}}, {"type": "Feature", "properties": {"target_id": "T0759", "type": "row_gap", "vineyard_id": "V12", "row_id": "V12-R56", "gap_m": 6.22, "x": 629958.3, "y": 5219827.85}, "geometry": {"type": "Point", "coordinates": [629958.3, 5219827.85]}}, {"type": "Feature", "properties": {"target_id": "T0760", "type": "row_gap", "vineyard_id": "V12", "row_id": "V12-R56", "gap_m": 5.95, "x": 629954.59, "y": 5219833.02}, "geometry": {"type": "Point", "coordinates": [629954.59, 5219833.02]}}, {"type": "Feature", "properties": {"target_id": "T0761", "type": "row_gap", "vineyard_id": "V12", "row_id": "V12-R44", "gap_m": 5.34, "x": 629954.03, "y": 5219804.95}, "geometry": {"type": "Point", "coordinates": [629954.03, 5219804.95]}}, {"type": "Feature", "properties": {"target_id": "T0762", "type": "row_gap", "vineyard_id": "V12", "row_id": "V12-R44", "gap_m": 11.52, "x": 629948.28, "y": 5219812.23}, "geometry": {"type": "Point", "coordinates": [629948.28, 5219812.23]}}, {"type": "Feature", "properties": {"target_id": "T0763", "type": "row_gap", "vineyard_id": "V12", "row_id": "V12-R44", "gap_m": 8.03, "x": 629929.81, "y": 5219835.62}, "geometry": {"type": "Point", "coordinates": [629929.81, 5219835.62]}}, {"type": "Feature", "properties": {"target_id": "T0764", "type": "row_gap", "vineyard_id": "V12", "row_id": "V12-R41", "gap_m": 6.69, "x": 629937.57, "y": 5219821.09}, "geometry": {"type": "Point", "coordinates": [629937.57, 5219821.09]}}, {"type": "Feature", "properties": {"target_id": "T0765", "type": "row_gap", "vineyard_id": "V12", "row_id": "V12-R41", "gap_m": 15.1, "x": 629949.02, "y": 5219806.43}, "geometry": {"type": "Point", "coordinates": [629949.02, 5219806.43]}}, {"type": "Feature", "properties": {"target_id": "T0766", "type": "row_gap", "vineyard_id": "V12", "row_id": "V12-R41", "gap_m": 11.22, "x": 629958.24, "y": 5219794.61}, "geometry": {"type": "Point", "coordinates": [629958.24, 5219794.61]}}, {"type": "Feature", "properties": {"target_id": "T0767", "type": "row_gap", "vineyard_id": "V52", "row_id": "V52-R03", "gap_m": 6.73, "x": 629998.62, "y": 5219833.35}, "geometry": {"type": "Point", "coordinates": [629998.62, 5219833.35]}}, {"type": "Feature", "properties": {"target_id": "T0768", "type": "row_gap", "vineyard_id": "V52", "row_id": "V52-R02", "gap_m": 6.35, "x": 629998.81, "y": 5219828.27}, "geometry": {"type": "Point", "coordinates": [629998.81, 5219828.27]}}, {"type": "Feature", "properties": {"target_id": "T0769", "type": "row_gap", "vineyard_id": "V52", "row_id": "V52-R02", "gap_m": 20.36, "x": 630007.25, "y": 5219817.92}, "geometry": {"type": "Point", "coordinates": [630007.25, 5219817.92]}}, {"type": "Feature", "properties": {"target_id": "T0770", "type": "row_gap", "vineyard_id": "V52", "row_id": "V52-R01", "gap_m": 32.71, "x": 629997.24, "y": 5219826.44}, "geometry": {"type": "Point", "coordinates": [629997.24, 5219826.44]}}, {"type": "Feature", "properties": {"target_id": "T0771", "type": "row_gap", "vineyard_id": "V12", "row_id": "V12-R45", "gap_m": 18.22, "x": 629979.94, "y": 5219771.76}, "geometry": {"type": "Point", "coordinates": [629979.94, 5219771.76]}}, {"type": "Feature", "properties": {"target_id": "T0772", "type": "row_gap", "vineyard_id": "V12", "row_id": "V12-R45", "gap_m": 5.15, "x": 629987.58, "y": 5219761.97}, "geometry": {"type": "Point", "coordinates": [629987.58, 5219761.97]}}, {"type": "Feature", "properties": {"target_id": "T0773", "type": "row_gap", "vineyard_id": "V42", "row_id": "V42-R06", "gap_m": 30.13, "x": 629980.44, "y": 5219766.43}, "geometry": {"type": "Point", "coordinates": [629980.44, 5219766.43]}}, {"type": "Feature", "properties": {"target_id": "T0774", "type": "row_gap", "vineyard_id": "V42", "row_id": "V42-R06", "gap_m": 7.23, "x": 629968.83, "y": 5219781.07}, "geometry": {"type": "Point", "coordinates": [629968.83, 5219781.07]}}, {"type": "Feature", "properties": {"target_id": "T0775", "type": "row_gap", "vineyard_id": "V42", "row_id": "V42-R05", "gap_m": 7.45, "x": 629994.19, "y": 5219745.35}, "geometry": {"type": "Point", "coordinates": [629994.19, 5219745.35]}}, {"type": "Feature", "properties": {"target_id": "T0776", "type": "row_gap", "vineyard_id": "V42", "row_id": "V42-R05", "gap_m": 19.18, "x": 629984.65, "y": 5219757.1}, "geometry": {"type": "Point", "coordinates": [629984.65, 5219757.1]}}, {"type": "Feature", "properties": {"target_id": "T0777", "type": "row_gap", "vineyard_id": "V42", "row_id": "V42-R05", "gap_m": 9.27, "x": 629974.82, "y": 5219769.21}, "geometry": {"type": "Point", "coordinates": [629974.82, 5219769.21]}}, {"type": "Feature", "properties": {"target_id": "T0778", "type": "row_gap", "vineyard_id": "V42", "row_id": "V42-R04", "gap_m": 11.1, "x": 629991.27, "y": 5219744.56}, "geometry": {"type": "Point", "coordinates": [629991.27, 5219744.56]}}, {"type": "Feature", "properties": {"target_id": "T0779", "type": "row_gap", "vineyard_id": "V42", "row_id": "V42-R04", "gap_m": 7.02, "x": 629983.55, "y": 5219754.55}, "geometry": {"type": "Point", "coordinates": [629983.55, 5219754.55]}}, {"type": "Feature", "properties": {"target_id": "T0780", "type": "row_gap", "vineyard_id": "V42", "row_id": "V42-R04", "gap_m": 7.83, "x": 629979.01, "y": 5219760.42}, "geometry": {"type": "Point", "coordinates": [629979.01, 5219760.42]}}, {"type": "Feature", "properties": {"target_id": "T0781", "type": "row_gap", "vineyard_id": "V42", "row_id": "V42-R03", "gap_m": 12.7, "x": 629985.93, "y": 5219746.82}, "geometry": {"type": "Point", "coordinates": [629985.93, 5219746.82]}}, {"type": "Feature", "properties": {"target_id": "T0782", "type": "row_gap", "vineyard_id": "V56", "row_id": "V56-R02", "gap_m": 7.23, "x": 630054.2, "y": 5219750.49}, "geometry": {"type": "Point", "coordinates": [630054.2, 5219750.49]}}, {"type": "Feature", "properties": {"target_id": "T0783", "type": "row_gap", "vineyard_id": "V56", "row_id": "V56-R02", "gap_m": 5.96, "x": 630057.8, "y": 5219756.02}, "geometry": {"type": "Point", "coordinates": [630057.8, 5219756.02]}}, {"type": "Feature", "properties": {"target_id": "T0784", "type": "row_gap", "vineyard_id": "V56", "row_id": "V56-R02", "gap_m": 5.45, "x": 630062.55, "y": 5219763.3}, "geometry": {"type": "Point", "coordinates": [630062.55, 5219763.3]}}, {"type": "Feature", "properties": {"target_id": "T0785", "type": "row_gap", "vineyard_id": "V14", "row_id": "V14-R10", "gap_m": 33.05, "x": 630046.29, "y": 5219761.86}, "geometry": {"type": "Point", "coordinates": [630046.29, 5219761.86]}}, {"type": "Feature", "properties": {"target_id": "T0786", "type": "row_gap", "vineyard_id": "V14", "row_id": "V14-R09", "gap_m": 8.11, "x": 630030.41, "y": 5219741.98}, "geometry": {"type": "Point", "coordinates": [630030.41, 5219741.98]}}, {"type": "Feature", "properties": {"target_id": "T0787", "type": "row_gap", "vineyard_id": "V14", "row_id": "V14-R09", "gap_m": 31.6, "x": 630043.75, "y": 5219767.39}, "geometry": {"type": "Point", "coordinates": [630043.75, 5219767.39]}}, {"type": "Feature", "properties": {"target_id": "T0788", "type": "row_gap", "vineyard_id": "V14", "row_id": "V14-R08", "gap_m": 14.31, "x": 630037.24, "y": 5219761.48}, "geometry": {"type": "Point", "coordinates": [630037.24, 5219761.48]}}, {"type": "Feature", "properties": {"target_id": "T0789", "type": "row_gap", "vineyard_id": "V14", "row_id": "V14-R07", "gap_m": 25.44, "x": 630028.0, "y": 5219749.61}, "geometry": {"type": "Point", "coordinates": [630028.0, 5219749.61]}}, {"type": "Feature", "properties": {"target_id": "T0790", "type": "row_gap", "vineyard_id": "V14", "row_id": "V14-R06", "gap_m": 12.26, "x": 630024.72, "y": 5219748.64}, "geometry": {"type": "Point", "coordinates": [630024.72, 5219748.64]}}, {"type": "Feature", "properties": {"target_id": "T0791", "type": "row_gap", "vineyard_id": "V14", "row_id": "V14-R05", "gap_m": 9.69, "x": 630027.16, "y": 5219757.18}, "geometry": {"type": "Point", "coordinates": [630027.16, 5219757.18]}}, {"type": "Feature", "properties": {"target_id": "T0792", "type": "row_gap", "vineyard_id": "V14", "row_id": "V14-R02", "gap_m": 6.75, "x": 630026.79, "y": 5219772.16}, "geometry": {"type": "Point", "coordinates": [630026.79, 5219772.16]}}, {"type": "Feature", "properties": {"target_id": "T0793", "type": "row_gap", "vineyard_id": "V14", "row_id": "V14-R02", "gap_m": 10.69, "x": 630022.92, "y": 5219764.35}, "geometry": {"type": "Point", "coordinates": [630022.92, 5219764.35]}}, {"type": "Feature", "properties": {"target_id": "T0794", "type": "row_gap", "vineyard_id": "V16", "row_id": "V16-R05", "gap_m": 21.82, "x": 630202.31, "y": 5219728.8}, "geometry": {"type": "Point", "coordinates": [630202.31, 5219728.8]}}, {"type": "Feature", "properties": {"target_id": "T0795", "type": "row_gap", "vineyard_id": "V16", "row_id": "V16-R05", "gap_m": 5.92, "x": 630217.55, "y": 5219701.52}, "geometry": {"type": "Point", "coordinates": [630217.55, 5219701.52]}}, {"type": "Feature", "properties": {"target_id": "T0796", "type": "row_gap", "vineyard_id": "V16", "row_id": "V16-R05", "gap_m": 11.8, "x": 630228.77, "y": 5219681.43}, "geometry": {"type": "Point", "coordinates": [630228.77, 5219681.43]}}, {"type": "Feature", "properties": {"target_id": "T0797", "type": "row_gap", "vineyard_id": "V16", "row_id": "V16-R05", "gap_m": 12.31, "x": 630235.4, "y": 5219669.57}, "geometry": {"type": "Point", "coordinates": [630235.4, 5219669.57]}}, {"type": "Feature", "properties": {"target_id": "T0798", "type": "row_gap", "vineyard_id": "V16", "row_id": "V16-R04", "gap_m": 8.79, "x": 630207.37, "y": 5219714.11}, "geometry": {"type": "Point", "coordinates": [630207.37, 5219714.11]}}, {"type": "Feature", "properties": {"target_id": "T0799", "type": "row_gap", "vineyard_id": "V16", "row_id": "V16-R04", "gap_m": 6.6, "x": 630213.39, "y": 5219703.32}, "geometry": {"type": "Point", "coordinates": [630213.39, 5219703.32]}}, {"type": "Feature", "properties": {"target_id": "T0800", "type": "row_gap", "vineyard_id": "V16", "row_id": "V16-R04", "gap_m": 16.48, "x": 630233.42, "y": 5219667.46}, "geometry": {"type": "Point", "coordinates": [630233.42, 5219667.46]}}, {"type": "Feature", "properties": {"target_id": "T0801", "type": "row_gap", "vineyard_id": "V18", "row_id": "V18-R06", "gap_m": 7.71, "x": 629950.31, "y": 5219665.98}, "geometry": {"type": "Point", "coordinates": [629950.31, 5219665.98]}}, {"type": "Feature", "properties": {"target_id": "T0802", "type": "row_gap", "vineyard_id": "V18", "row_id": "V18-R06", "gap_m": 8.68, "x": 629935.9, "y": 5219652.45}, "geometry": {"type": "Point", "coordinates": [629935.9, 5219652.45]}}, {"type": "Feature", "properties": {"target_id": "T0803", "type": "row_gap", "vineyard_id": "V18", "row_id": "V18-R05", "gap_m": 7.75, "x": 629974.2, "y": 5219692.45}, "geometry": {"type": "Point", "coordinates": [629974.2, 5219692.45]}}, {"type": "Feature", "properties": {"target_id": "T0804", "type": "row_gap", "vineyard_id": "V18", "row_id": "V18-R04", "gap_m": 6.2, "x": 629964.22, "y": 5219686.65}, "geometry": {"type": "Point", "coordinates": [629964.22, 5219686.65]}}, {"type": "Feature", "properties": {"target_id": "T0805", "type": "row_gap", "vineyard_id": "V18", "row_id": "V18-R04", "gap_m": 10.35, "x": 629940.66, "y": 5219664.43}, "geometry": {"type": "Point", "coordinates": [629940.66, 5219664.43]}}, {"type": "Feature", "properties": {"target_id": "T0806", "type": "row_gap", "vineyard_id": "V18", "row_id": "V18-R04", "gap_m": 12.0, "x": 629932.53, "y": 5219656.76}, "geometry": {"type": "Point", "coordinates": [629932.53, 5219656.76]}}, {"type": "Feature", "properties": {"target_id": "T0807", "type": "row_gap", "vineyard_id": "V18", "row_id": "V18-R02", "gap_m": 22.56, "x": 629979.42, "y": 5219706.06}, "geometry": {"type": "Point", "coordinates": [629979.42, 5219706.06]}}, {"type": "Feature", "properties": {"target_id": "T0808", "type": "row_gap", "vineyard_id": "V42", "row_id": "V42-R01", "gap_m": 23.42, "x": 629987.57, "y": 5219729.04}, "geometry": {"type": "Point", "coordinates": [629987.57, 5219729.04]}}, {"type": "Feature", "properties": {"target_id": "T0809", "type": "row_gap", "vineyard_id": "V17", "row_id": "V17-R07", "gap_m": 11.81, "x": 630075.16, "y": 5219698.5}, "geometry": {"type": "Point", "coordinates": [630075.16, 5219698.5]}}, {"type": "Feature", "properties": {"target_id": "T0810", "type": "row_gap", "vineyard_id": "V17", "row_id": "V17-R07", "gap_m": 7.27, "x": 630116.8, "y": 5219639.78}, "geometry": {"type": "Point", "coordinates": [630116.8, 5219639.78]}}, {"type": "Feature", "properties": {"target_id": "T0811", "type": "row_gap", "vineyard_id": "V17", "row_id": "V17-R06", "gap_m": 6.78, "x": 630065.47, "y": 5219707.46}, "geometry": {"type": "Point", "coordinates": [630065.47, 5219707.46]}}, {"type": "Feature", "properties": {"target_id": "T0812", "type": "row_gap", "vineyard_id": "V17", "row_id": "V17-R06", "gap_m": 16.62, "x": 630073.42, "y": 5219696.29}, "geometry": {"type": "Point", "coordinates": [630073.42, 5219696.29]}}, {"type": "Feature", "properties": {"target_id": "T0813", "type": "row_gap", "vineyard_id": "V17", "row_id": "V17-R06", "gap_m": 11.08, "x": 630088.44, "y": 5219675.19}, "geometry": {"type": "Point", "coordinates": [630088.44, 5219675.19]}}, {"type": "Feature", "properties": {"target_id": "T0814", "type": "row_gap", "vineyard_id": "V17", "row_id": "V17-R05", "gap_m": 17.05, "x": 630087.22, "y": 5219671.71}, "geometry": {"type": "Point", "coordinates": [630087.22, 5219671.71]}}, {"type": "Feature", "properties": {"target_id": "T0815", "type": "row_gap", "vineyard_id": "V17", "row_id": "V17-R02", "gap_m": 7.59, "x": 630063.2, "y": 5219730.62}, "geometry": {"type": "Point", "coordinates": [630063.2, 5219730.62]}}, {"type": "Feature", "properties": {"target_id": "T0816", "type": "row_gap", "vineyard_id": "V17", "row_id": "V17-R02", "gap_m": 14.98, "x": 630055.4, "y": 5219720.01}, "geometry": {"type": "Point", "coordinates": [630055.4, 5219720.01]}}, {"type": "Feature", "properties": {"target_id": "T0817", "type": "row_gap", "vineyard_id": "V17", "row_id": "V17-R02", "gap_m": 15.41, "x": 630044.85, "y": 5219705.23}, "geometry": {"type": "Point", "coordinates": [630044.85, 5219705.23]}}, {"type": "Feature", "properties": {"target_id": "T0818", "type": "row_gap", "vineyard_id": "V17", "row_id": "V17-R02", "gap_m": 14.91, "x": 630033.1, "y": 5219688.36}, "geometry": {"type": "Point", "coordinates": [630033.1, 5219688.36]}}, {"type": "Feature", "properties": {"target_id": "T0819", "type": "row_gap", "vineyard_id": "V17", "row_id": "V17-R02", "gap_m": 5.4, "x": 630026.08, "y": 5219678.28}, "geometry": {"type": "Point", "coordinates": [630026.08, 5219678.28]}}, {"type": "Feature", "properties": {"target_id": "T0820", "type": "row_gap", "vineyard_id": "V17", "row_id": "V17-R01", "gap_m": 9.35, "x": 630043.44, "y": 5219708.06}, "geometry": {"type": "Point", "coordinates": [630043.44, 5219708.06]}}, {"type": "Feature", "properties": {"target_id": "T0821", "type": "row_gap", "vineyard_id": "V17", "row_id": "V17-R01", "gap_m": 13.26, "x": 630034.47, "y": 5219695.08}, "geometry": {"type": "Point", "coordinates": [630034.47, 5219695.08]}}, {"type": "Feature", "properties": {"target_id": "T0822", "type": "row_gap", "vineyard_id": "V16", "row_id": "V16-R03", "gap_m": 8.75, "x": 630225.05, "y": 5219676.35}, "geometry": {"type": "Point", "coordinates": [630225.05, 5219676.35]}}, {"type": "Feature", "properties": {"target_id": "T0823", "type": "row_gap", "vineyard_id": "V16", "row_id": "V16-R03", "gap_m": 18.55, "x": 630205.02, "y": 5219712.36}, "geometry": {"type": "Point", "coordinates": [630205.02, 5219712.36]}}, {"type": "Feature", "properties": {"target_id": "T0824", "type": "row_gap", "vineyard_id": "V16", "row_id": "V16-R02", "gap_m": 15.46, "x": 630227.55, "y": 5219665.78}, "geometry": {"type": "Point", "coordinates": [630227.55, 5219665.78]}}, {"type": "Feature", "properties": {"target_id": "T0825", "type": "row_gap", "vineyard_id": "V16", "row_id": "V16-R02", "gap_m": 6.22, "x": 630221.84, "y": 5219676.11}, "geometry": {"type": "Point", "coordinates": [630221.84, 5219676.11]}}, {"type": "Feature", "properties": {"target_id": "T0826", "type": "row_gap", "vineyard_id": "V16", "row_id": "V16-R02", "gap_m": 9.86, "x": 630207.13, "y": 5219702.76}, "geometry": {"type": "Point", "coordinates": [630207.13, 5219702.76]}}, {"type": "Feature", "properties": {"target_id": "T0827", "type": "row_gap", "vineyard_id": "V16", "row_id": "V16-R02", "gap_m": 10.63, "x": 630197.6, "y": 5219720.02}, "geometry": {"type": "Point", "coordinates": [630197.6, 5219720.02]}}, {"type": "Feature", "properties": {"target_id": "T0828", "type": "row_gap", "vineyard_id": "V16", "row_id": "V16-R01", "gap_m": 7.57, "x": 630201.24, "y": 5219708.17}, "geometry": {"type": "Point", "coordinates": [630201.24, 5219708.17]}}, {"type": "Feature", "properties": {"target_id": "T0829", "type": "row_gap", "vineyard_id": "V16", "row_id": "V16-R01", "gap_m": 17.8, "x": 630195.07, "y": 5219719.26}, "geometry": {"type": "Point", "coordinates": [630195.07, 5219719.26]}}, {"type": "Feature", "properties": {"target_id": "T0830", "type": "row_gap", "vineyard_id": "V20", "row_id": "V20-R04", "gap_m": 5.96, "x": 629862.94, "y": 5219639.14}, "geometry": {"type": "Point", "coordinates": [629862.94, 5219639.14]}}, {"type": "Feature", "properties": {"target_id": "T0831", "type": "row_gap", "vineyard_id": "V20", "row_id": "V20-R04", "gap_m": 7.79, "x": 629867.51, "y": 5219644.27}, "geometry": {"type": "Point", "coordinates": [629867.51, 5219644.27]}}, {"type": "Feature", "properties": {"target_id": "T0832", "type": "row_gap", "vineyard_id": "V20", "row_id": "V20-R04", "gap_m": 5.31, "x": 629876.05, "y": 5219653.86}, "geometry": {"type": "Point", "coordinates": [629876.05, 5219653.86]}}, {"type": "Feature", "properties": {"target_id": "T0833", "type": "row_gap", "vineyard_id": "V19", "row_id": "V19-R09", "gap_m": 11.67, "x": 629858.43, "y": 5219658.71}, "geometry": {"type": "Point", "coordinates": [629858.43, 5219658.71]}}, {"type": "Feature", "properties": {"target_id": "T0834", "type": "row_gap", "vineyard_id": "V19", "row_id": "V19-R08", "gap_m": 5.66, "x": 629852.96, "y": 5219655.75}, "geometry": {"type": "Point", "coordinates": [629852.96, 5219655.75]}}, {"type": "Feature", "properties": {"target_id": "T0835", "type": "row_gap", "vineyard_id": "V19", "row_id": "V19-R07", "gap_m": 8.97, "x": 629850.7, "y": 5219656.74}, "geometry": {"type": "Point", "coordinates": [629850.7, 5219656.74]}}, {"type": "Feature", "properties": {"target_id": "T0836", "type": "row_gap", "vineyard_id": "V19", "row_id": "V19-R06", "gap_m": 8.64, "x": 629851.81, "y": 5219662.34}, "geometry": {"type": "Point", "coordinates": [629851.81, 5219662.34]}}, {"type": "Feature", "properties": {"target_id": "T0837", "type": "row_gap", "vineyard_id": "V19", "row_id": "V19-R04", "gap_m": 9.28, "x": 629852.45, "y": 5219671.29}, "geometry": {"type": "Point", "coordinates": [629852.45, 5219671.29]}}, {"type": "Feature", "properties": {"target_id": "T0838", "type": "row_gap", "vineyard_id": "V19", "row_id": "V19-R01", "gap_m": 9.89, "x": 629842.55, "y": 5219671.63}, "geometry": {"type": "Point", "coordinates": [629842.55, 5219671.63]}}, {"type": "Feature", "properties": {"target_id": "T0839", "type": "row_gap", "vineyard_id": "V19", "row_id": "V19-R01", "gap_m": 8.23, "x": 629847.9, "y": 5219678.94}, "geometry": {"type": "Point", "coordinates": [629847.9, 5219678.94]}}, {"type": "Feature", "properties": {"target_id": "T0840", "type": "row_gap", "vineyard_id": "V20", "row_id": "V20-R08", "gap_m": 10.66, "x": 629868.26, "y": 5219631.95}, "geometry": {"type": "Point", "coordinates": [629868.26, 5219631.95]}}, {"type": "Feature", "properties": {"target_id": "T0841", "type": "row_gap", "vineyard_id": "V20", "row_id": "V20-R08", "gap_m": 6.04, "x": 629874.54, "y": 5219638.65}, "geometry": {"type": "Point", "coordinates": [629874.54, 5219638.65]}}, {"type": "Feature", "properties": {"target_id": "T0842", "type": "row_gap", "vineyard_id": "V20", "row_id": "V20-R08", "gap_m": 9.21, "x": 629880.98, "y": 5219645.51}, "geometry": {"type": "Point", "coordinates": [629880.98, 5219645.51]}}, {"type": "Feature", "properties": {"target_id": "T0843", "type": "row_gap", "vineyard_id": "V20", "row_id": "V20-R07", "gap_m": 6.36, "x": 629870.88, "y": 5219637.92}, "geometry": {"type": "Point", "coordinates": [629870.88, 5219637.92]}}, {"type": "Feature", "properties": {"target_id": "T0844", "type": "row_gap", "vineyard_id": "V20", "row_id": "V20-R05", "gap_m": 8.21, "x": 629867.25, "y": 5219641.03}, "geometry": {"type": "Point", "coordinates": [629867.25, 5219641.03]}}, {"type": "Feature", "properties": {"target_id": "T0845", "type": "row_gap", "vineyard_id": "V20", "row_id": "V20-R03", "gap_m": 32.06, "x": 629881.91, "y": 5219663.35}, "geometry": {"type": "Point", "coordinates": [629881.91, 5219663.35]}}, {"type": "Feature", "properties": {"target_id": "T0846", "type": "row_gap", "vineyard_id": "V20", "row_id": "V20-R03", "gap_m": 15.16, "x": 629898.07, "y": 5219680.56}, "geometry": {"type": "Point", "coordinates": [629898.07, 5219680.56]}}, {"type": "Feature", "properties": {"target_id": "T0847", "type": "row_gap", "vineyard_id": "V20", "row_id": "V20-R02", "gap_m": 9.48, "x": 629866.94, "y": 5219649.27}, "geometry": {"type": "Point", "coordinates": [629866.94, 5219649.27]}}, {"type": "Feature", "properties": {"target_id": "T0848", "type": "row_gap", "vineyard_id": "V20", "row_id": "V20-R01", "gap_m": 21.74, "x": 629870.26, "y": 5219655.01}, "geometry": {"type": "Point", "coordinates": [629870.26, 5219655.01]}}, {"type": "Feature", "properties": {"target_id": "T0849", "type": "row_gap", "vineyard_id": "V18", "row_id": "V18-R03", "gap_m": 9.74, "x": 629935.66, "y": 5219663.8}, "geometry": {"type": "Point", "coordinates": [629935.66, 5219663.8]}}, {"type": "Feature", "properties": {"target_id": "T0850", "type": "row_gap", "vineyard_id": "V18", "row_id": "V18-R03", "gap_m": 9.22, "x": 629942.57, "y": 5219670.29}, "geometry": {"type": "Point", "coordinates": [629942.57, 5219670.29]}}, {"type": "Feature", "properties": {"target_id": "T0851", "type": "row_gap", "vineyard_id": "V18", "row_id": "V18-R03", "gap_m": 6.45, "x": 629951.95, "y": 5219679.12}, "geometry": {"type": "Point", "coordinates": [629951.95, 5219679.12]}}, {"type": "Feature", "properties": {"target_id": "T0852", "type": "row_gap", "vineyard_id": "V21", "row_id": "V21-R06", "gap_m": 7.93, "x": 630020.9, "y": 5219646.46}, "geometry": {"type": "Point", "coordinates": [630020.9, 5219646.46]}}, {"type": "Feature", "properties": {"target_id": "T0853", "type": "row_gap", "vineyard_id": "V21", "row_id": "V21-R06", "gap_m": 12.19, "x": 630007.95, "y": 5219631.18}, "geometry": {"type": "Point", "coordinates": [630007.95, 5219631.18]}}, {"type": "Feature", "properties": {"target_id": "T0854", "type": "row_gap", "vineyard_id": "V21", "row_id": "V21-R05", "gap_m": 8.22, "x": 630024.44, "y": 5219654.09}, "geometry": {"type": "Point", "coordinates": [630024.44, 5219654.09]}}, {"type": "Feature", "properties": {"target_id": "T0855", "type": "row_gap", "vineyard_id": "V21", "row_id": "V21-R05", "gap_m": 10.17, "x": 630014.26, "y": 5219642.41}, "geometry": {"type": "Point", "coordinates": [630014.26, 5219642.41]}}, {"type": "Feature", "properties": {"target_id": "T0856", "type": "row_gap", "vineyard_id": "V21", "row_id": "V21-R05", "gap_m": 8.3, "x": 629989.18, "y": 5219613.05}, "geometry": {"type": "Point", "coordinates": [629989.18, 5219613.05]}}, {"type": "Feature", "properties": {"target_id": "T0857", "type": "row_gap", "vineyard_id": "V21", "row_id": "V21-R01", "gap_m": 6.07, "x": 630012.62, "y": 5219652.04}, "geometry": {"type": "Point", "coordinates": [630012.62, 5219652.04]}}, {"type": "Feature", "properties": {"target_id": "T0858", "type": "row_gap", "vineyard_id": "V21", "row_id": "V21-R01", "gap_m": 8.15, "x": 630007.98, "y": 5219646.66}, "geometry": {"type": "Point", "coordinates": [630007.98, 5219646.66]}}, {"type": "Feature", "properties": {"target_id": "T0859", "type": "row_gap", "vineyard_id": "V21", "row_id": "V21-R01", "gap_m": 6.79, "x": 629996.46, "y": 5219633.3}, "geometry": {"type": "Point", "coordinates": [629996.46, 5219633.3]}}, {"type": "Feature", "properties": {"target_id": "T0860", "type": "row_gap", "vineyard_id": "V46", "row_id": "V46-R02", "gap_m": 13.38, "x": 630045.85, "y": 5219641.63}, "geometry": {"type": "Point", "coordinates": [630045.85, 5219641.63]}}, {"type": "Feature", "properties": {"target_id": "T0861", "type": "row_gap", "vineyard_id": "V46", "row_id": "V46-R02", "gap_m": 7.92, "x": 630038.03, "y": 5219631.82}, "geometry": {"type": "Point", "coordinates": [630038.03, 5219631.82]}}, {"type": "Feature", "properties": {"target_id": "T0862", "type": "row_gap", "vineyard_id": "V46", "row_id": "V46-R02", "gap_m": 6.26, "x": 630033.53, "y": 5219626.35}, "geometry": {"type": "Point", "coordinates": [630033.53, 5219626.35]}}, {"type": "Feature", "properties": {"target_id": "T0863", "type": "row_gap", "vineyard_id": "V46", "row_id": "V46-R02", "gap_m": 11.38, "x": 630027.19, "y": 5219618.68}, "geometry": {"type": "Point", "coordinates": [630027.19, 5219618.68]}}, {"type": "Feature", "properties": {"target_id": "T0864", "type": "row_gap", "vineyard_id": "V46", "row_id": "V46-R02", "gap_m": 8.04, "x": 630019.97, "y": 5219610.1}, "geometry": {"type": "Point", "coordinates": [630019.97, 5219610.1]}}, {"type": "Feature", "properties": {"target_id": "T0865", "type": "row_gap", "vineyard_id": "V21", "row_id": "V21-R09", "gap_m": 22.88, "x": 630030.54, "y": 5219646.81}, "geometry": {"type": "Point", "coordinates": [630030.54, 5219646.81]}}, {"type": "Feature", "properties": {"target_id": "T0866", "type": "row_gap", "vineyard_id": "V21", "row_id": "V21-R08", "gap_m": 44.77, "x": 630037.05, "y": 5219659.0}, "geometry": {"type": "Point", "coordinates": [630037.05, 5219659.0]}}, {"type": "Feature", "properties": {"target_id": "T0867", "type": "row_gap", "vineyard_id": "V21", "row_id": "V21-R08", "gap_m": 5.73, "x": 630019.49, "y": 5219637.25}, "geometry": {"type": "Point", "coordinates": [630019.49, 5219637.25]}}, {"type": "Feature", "properties": {"target_id": "T0868", "type": "row_gap", "vineyard_id": "V21", "row_id": "V21-R08", "gap_m": 9.34, "x": 630013.51, "y": 5219629.95}, "geometry": {"type": "Point", "coordinates": [630013.51, 5219629.95]}}, {"type": "Feature", "properties": {"target_id": "T0869", "type": "row_gap", "vineyard_id": "V21", "row_id": "V21-R08", "gap_m": 6.84, "x": 630005.78, "y": 5219620.51}, "geometry": {"type": "Point", "coordinates": [630005.78, 5219620.51]}}, {"type": "Feature", "properties": {"target_id": "T0870", "type": "row_gap", "vineyard_id": "V21", "row_id": "V21-R04", "gap_m": 8.43, "x": 629995.35, "y": 5219624.25}, "geometry": {"type": "Point", "coordinates": [629995.35, 5219624.25]}}, {"type": "Feature", "properties": {"target_id": "T0871", "type": "row_gap", "vineyard_id": "V21", "row_id": "V21-R04", "gap_m": 7.13, "x": 629986.92, "y": 5219614.4}, "geometry": {"type": "Point", "coordinates": [629986.92, 5219614.4]}}, {"type": "Feature", "properties": {"target_id": "T0872", "type": "row_gap", "vineyard_id": "V21", "row_id": "V21-R02", "gap_m": 6.22, "x": 629984.51, "y": 5219615.5}, "geometry": {"type": "Point", "coordinates": [629984.51, 5219615.5]}}, {"type": "Feature", "properties": {"target_id": "T0873", "type": "row_gap", "vineyard_id": "V21", "row_id": "V21-R02", "gap_m": 6.44, "x": 629980.45, "y": 5219610.65}, "geometry": {"type": "Point", "coordinates": [629980.45, 5219610.65]}}, {"type": "Feature", "properties": {"target_id": "T0874", "type": "row_gap", "vineyard_id": "V17", "row_id": "V17-R04", "gap_m": 11.28, "x": 630079.15, "y": 5219679.39}, "geometry": {"type": "Point", "coordinates": [630079.15, 5219679.39]}}, {"type": "Feature", "properties": {"target_id": "T0875", "type": "row_gap", "vineyard_id": "V17", "row_id": "V17-R03", "gap_m": 15.21, "x": 630076.27, "y": 5219676.25}, "geometry": {"type": "Point", "coordinates": [630076.27, 5219676.25]}}, {"type": "Feature", "properties": {"target_id": "T0876", "type": "row_gap", "vineyard_id": "V41", "row_id": "V41-R05", "gap_m": 28.83, "x": 629902.89, "y": 5219609.29}, "geometry": {"type": "Point", "coordinates": [629902.89, 5219609.29]}}, {"type": "Feature", "properties": {"target_id": "T0877", "type": "row_gap", "vineyard_id": "V41", "row_id": "V41-R04", "gap_m": 5.87, "x": 629908.63, "y": 5219619.74}, "geometry": {"type": "Point", "coordinates": [629908.63, 5219619.74]}}, {"type": "Feature", "properties": {"target_id": "T0878", "type": "row_gap", "vineyard_id": "V41", "row_id": "V41-R04", "gap_m": 13.55, "x": 629896.81, "y": 5219605.93}, "geometry": {"type": "Point", "coordinates": [629896.81, 5219605.93]}}, {"type": "Feature", "properties": {"target_id": "T0879", "type": "row_gap", "vineyard_id": "V41", "row_id": "V41-R03", "gap_m": 6.32, "x": 629894.78, "y": 5219607.43}, "geometry": {"type": "Point", "coordinates": [629894.78, 5219607.43]}}, {"type": "Feature", "properties": {"target_id": "T0880", "type": "row_gap", "vineyard_id": "V41", "row_id": "V41-R02", "gap_m": 5.4, "x": 629890.7, "y": 5219606.59}, "geometry": {"type": "Point", "coordinates": [629890.7, 5219606.59]}}, {"type": "Feature", "properties": {"target_id": "T0881", "type": "row_gap", "vineyard_id": "V41", "row_id": "V41-R02", "gap_m": 6.21, "x": 629895.83, "y": 5219612.53}, "geometry": {"type": "Point", "coordinates": [629895.83, 5219612.53]}}, {"type": "Feature", "properties": {"target_id": "T0882", "type": "row_gap", "vineyard_id": "V41", "row_id": "V41-R01", "gap_m": 16.89, "x": 629888.96, "y": 5219608.14}, "geometry": {"type": "Point", "coordinates": [629888.96, 5219608.14]}}, {"type": "Feature", "properties": {"target_id": "T0883", "type": "row_gap", "vineyard_id": "V41", "row_id": "V41-R01", "gap_m": 5.3, "x": 629901.51, "y": 5219622.81}, "geometry": {"type": "Point", "coordinates": [629901.51, 5219622.81]}}, {"type": "Feature", "properties": {"target_id": "T0884", "type": "row_gap", "vineyard_id": "V41", "row_id": "V41-R01", "gap_m": 8.01, "x": 629907.95, "y": 5219630.33}, "geometry": {"type": "Point", "coordinates": [629907.95, 5219630.33]}}, {"type": "Feature", "properties": {"target_id": "T0885", "type": "row_gap", "vineyard_id": "V22", "row_id": "V22-R04", "gap_m": 6.62, "x": 629945.77, "y": 5219581.72}, "geometry": {"type": "Point", "coordinates": [629945.77, 5219581.72]}}, {"type": "Feature", "properties": {"target_id": "T0886", "type": "row_gap", "vineyard_id": "V22", "row_id": "V22-R04", "gap_m": 7.26, "x": 629940.29, "y": 5219574.89}, "geometry": {"type": "Point", "coordinates": [629940.29, 5219574.89]}}, {"type": "Feature", "properties": {"target_id": "T0887", "type": "row_gap", "vineyard_id": "V22", "row_id": "V22-R04", "gap_m": 7.7, "x": 629928.41, "y": 5219560.08}, "geometry": {"type": "Point", "coordinates": [629928.41, 5219560.08]}}, {"type": "Feature", "properties": {"target_id": "T0888", "type": "row_gap", "vineyard_id": "V22", "row_id": "V22-R03", "gap_m": 6.11, "x": 629940.51, "y": 5219579.12}, "geometry": {"type": "Point", "coordinates": [629940.51, 5219579.12]}}, {"type": "Feature", "properties": {"target_id": "T0889", "type": "row_gap", "vineyard_id": "V22", "row_id": "V22-R03", "gap_m": 5.51, "x": 629924.17, "y": 5219558.57}, "geometry": {"type": "Point", "coordinates": [629924.17, 5219558.57]}}, {"type": "Feature", "properties": {"target_id": "T0890", "type": "row_gap", "vineyard_id": "V21", "row_id": "V21-R12", "gap_m": 11.76, "x": 630019.84, "y": 5219626.37}, "geometry": {"type": "Point", "coordinates": [630019.84, 5219626.37]}}, {"type": "Feature", "properties": {"target_id": "T0891", "type": "row_gap", "vineyard_id": "V21", "row_id": "V21-R12", "gap_m": 11.9, "x": 630011.01, "y": 5219615.64}, "geometry": {"type": "Point", "coordinates": [630011.01, 5219615.64]}}, {"type": "Feature", "properties": {"target_id": "T0892", "type": "row_gap", "vineyard_id": "V21", "row_id": "V21-R12", "gap_m": 18.19, "x": 629999.01, "y": 5219601.36}, "geometry": {"type": "Point", "coordinates": [629999.01, 5219601.36]}}, {"type": "Feature", "properties": {"target_id": "T0893", "type": "row_gap", "vineyard_id": "V21", "row_id": "V21-R11", "gap_m": 19.48, "x": 630006.59, "y": 5219612.99}, "geometry": {"type": "Point", "coordinates": [630006.59, 5219612.99]}}, {"type": "Feature", "properties": {"target_id": "T0894", "type": "row_gap", "vineyard_id": "V21", "row_id": "V21-R11", "gap_m": 10.12, "x": 630015.9, "y": 5219624.49}, "geometry": {"type": "Point", "coordinates": [630015.9, 5219624.49]}}, {"type": "Feature", "properties": {"target_id": "T0895", "type": "row_gap", "vineyard_id": "V21", "row_id": "V21-R10", "gap_m": 9.99, "x": 630004.68, "y": 5219615.28}, "geometry": {"type": "Point", "coordinates": [630004.68, 5219615.28]}}, {"type": "Feature", "properties": {"target_id": "T0896", "type": "row_gap", "vineyard_id": "V21", "row_id": "V21-R07", "gap_m": 5.43, "x": 630003.57, "y": 5219621.71}, "geometry": {"type": "Point", "coordinates": [630003.57, 5219621.71]}}, {"type": "Feature", "properties": {"target_id": "T0897", "type": "row_gap", "vineyard_id": "V39", "row_id": "V39-R12", "gap_m": 5.09, "x": 630060.7, "y": 5219584.52}, "geometry": {"type": "Point", "coordinates": [630060.7, 5219584.52]}}, {"type": "Feature", "properties": {"target_id": "T0898", "type": "row_gap", "vineyard_id": "V25", "row_id": "V25-R04", "gap_m": 15.19, "x": 630023.64, "y": 5219540.57}, "geometry": {"type": "Point", "coordinates": [630023.64, 5219540.57]}}, {"type": "Feature", "properties": {"target_id": "T0899", "type": "row_gap", "vineyard_id": "V39", "row_id": "V39-R11", "gap_m": 11.32, "x": 630055.99, "y": 5219582.33}, "geometry": {"type": "Point", "coordinates": [630055.99, 5219582.33]}}, {"type": "Feature", "properties": {"target_id": "T0900", "type": "row_gap", "vineyard_id": "V39", "row_id": "V39-R08", "gap_m": 5.24, "x": 630051.66, "y": 5219587.9}, "geometry": {"type": "Point", "coordinates": [630051.66, 5219587.9]}}, {"type": "Feature", "properties": {"target_id": "T0901", "type": "row_gap", "vineyard_id": "V39", "row_id": "V39-R08", "gap_m": 8.3, "x": 630045.2, "y": 5219579.77}, "geometry": {"type": "Point", "coordinates": [630045.2, 5219579.77]}}, {"type": "Feature", "properties": {"target_id": "T0902", "type": "row_gap", "vineyard_id": "V39", "row_id": "V39-R07", "gap_m": 16.03, "x": 630061.49, "y": 5219604.1}, "geometry": {"type": "Point", "coordinates": [630061.49, 5219604.1]}}, {"type": "Feature", "properties": {"target_id": "T0903", "type": "row_gap", "vineyard_id": "V39", "row_id": "V39-R06", "gap_m": 15.85, "x": 630048.39, "y": 5219591.64}, "geometry": {"type": "Point", "coordinates": [630048.39, 5219591.64]}}, {"type": "Feature", "properties": {"target_id": "T0904", "type": "row_gap", "vineyard_id": "V39", "row_id": "V39-R05", "gap_m": 5.78, "x": 630043.86, "y": 5219589.67}, "geometry": {"type": "Point", "coordinates": [630043.86, 5219589.67]}}, {"type": "Feature", "properties": {"target_id": "T0905", "type": "row_gap", "vineyard_id": "V39", "row_id": "V39-R05", "gap_m": 9.17, "x": 630049.23, "y": 5219596.74}, "geometry": {"type": "Point", "coordinates": [630049.23, 5219596.74]}}, {"type": "Feature", "properties": {"target_id": "T0906", "type": "row_gap", "vineyard_id": "V39", "row_id": "V39-R04", "gap_m": 5.8, "x": 630052.13, "y": 5219604.04}, "geometry": {"type": "Point", "coordinates": [630052.13, 5219604.04]}}, {"type": "Feature", "properties": {"target_id": "T0907", "type": "row_gap", "vineyard_id": "V39", "row_id": "V39-R04", "gap_m": 14.31, "x": 630046.18, "y": 5219595.93}, "geometry": {"type": "Point", "coordinates": [630046.18, 5219595.93]}}, {"type": "Feature", "properties": {"target_id": "T0908", "type": "row_gap", "vineyard_id": "V39", "row_id": "V39-R03", "gap_m": 9.54, "x": 630056.77, "y": 5219614.45}, "geometry": {"type": "Point", "coordinates": [630056.77, 5219614.45]}}, {"type": "Feature", "properties": {"target_id": "T0909", "type": "row_gap", "vineyard_id": "V39", "row_id": "V39-R03", "gap_m": 25.12, "x": 630046.12, "y": 5219600.77}, "geometry": {"type": "Point", "coordinates": [630046.12, 5219600.77]}}, {"type": "Feature", "properties": {"target_id": "T0910", "type": "row_gap", "vineyard_id": "V39", "row_id": "V39-R02", "gap_m": 27.62, "x": 630051.06, "y": 5219610.35}, "geometry": {"type": "Point", "coordinates": [630051.06, 5219610.35]}}, {"type": "Feature", "properties": {"target_id": "T0911", "type": "row_gap", "vineyard_id": "V39", "row_id": "V39-R02", "gap_m": 11.2, "x": 630038.29, "y": 5219593.79}, "geometry": {"type": "Point", "coordinates": [630038.29, 5219593.79]}}, {"type": "Feature", "properties": {"target_id": "T0912", "type": "row_gap", "vineyard_id": "V39", "row_id": "V39-R02", "gap_m": 5.59, "x": 630033.17, "y": 5219587.14}, "geometry": {"type": "Point", "coordinates": [630033.17, 5219587.14]}}, {"type": "Feature", "properties": {"target_id": "T0913", "type": "row_gap", "vineyard_id": "V39", "row_id": "V39-R01", "gap_m": 5.08, "x": 630037.54, "y": 5219600.74}, "geometry": {"type": "Point", "coordinates": [630037.54, 5219600.74]}}, {"type": "Feature", "properties": {"target_id": "T0914", "type": "row_gap", "vineyard_id": "V39", "row_id": "V39-R01", "gap_m": 8.91, "x": 630043.3, "y": 5219610.56}, "geometry": {"type": "Point", "coordinates": [630043.3, 5219610.56]}}, {"type": "Feature", "properties": {"target_id": "T0915", "type": "row_gap", "vineyard_id": "V39", "row_id": "V39-R01", "gap_m": 5.44, "x": 630046.93, "y": 5219616.75}, "geometry": {"type": "Point", "coordinates": [630046.93, 5219616.75]}}, {"type": "Feature", "properties": {"target_id": "T0916", "type": "row_gap", "vineyard_id": "V46", "row_id": "V46-R05", "gap_m": 6.6, "x": 630034.12, "y": 5219614.35}, "geometry": {"type": "Point", "coordinates": [630034.12, 5219614.35]}}, {"type": "Feature", "properties": {"target_id": "T0917", "type": "row_gap", "vineyard_id": "V46", "row_id": "V46-R04", "gap_m": 14.99, "x": 630038.63, "y": 5219624.25}, "geometry": {"type": "Point", "coordinates": [630038.63, 5219624.25]}}, {"type": "Feature", "properties": {"target_id": "T0918", "type": "row_gap", "vineyard_id": "V46", "row_id": "V46-R03", "gap_m": 10.38, "x": 630019.62, "y": 5219602.45}, "geometry": {"type": "Point", "coordinates": [630019.62, 5219602.45]}}, {"type": "Feature", "properties": {"target_id": "T0919", "type": "row_gap", "vineyard_id": "V46", "row_id": "V46-R03", "gap_m": 27.11, "x": 630031.16, "y": 5219617.23}, "geometry": {"type": "Point", "coordinates": [630031.16, 5219617.23]}}, {"type": "Feature", "properties": {"target_id": "T0920", "type": "row_gap", "vineyard_id": "V46", "row_id": "V46-R03", "gap_m": 7.16, "x": 630041.71, "y": 5219630.74}, "geometry": {"type": "Point", "coordinates": [630041.71, 5219630.74]}}, {"type": "Feature", "properties": {"target_id": "T0921", "type": "row_gap", "vineyard_id": "V46", "row_id": "V46-R01", "gap_m": 8.36, "x": 630021.53, "y": 5219618.63}, "geometry": {"type": "Point", "coordinates": [630021.53, 5219618.63]}}, {"type": "Feature", "properties": {"target_id": "T0922", "type": "row_gap", "vineyard_id": "V23", "row_id": "V23-R01", "gap_m": 14.74, "x": 630079.97, "y": 5219566.79}, "geometry": {"type": "Point", "coordinates": [630079.97, 5219566.79]}}, {"type": "Feature", "properties": {"target_id": "T0923", "type": "row_gap", "vineyard_id": "V22", "row_id": "V22-R01", "gap_m": 14.74, "x": 629923.84, "y": 5219566.73}, "geometry": {"type": "Point", "coordinates": [629923.84, 5219566.73]}}, {"type": "Feature", "properties": {"target_id": "T0924", "type": "row_gap", "vineyard_id": "V39", "row_id": "V39-R09", "gap_m": 10.19, "x": 630045.91, "y": 5219576.35}, "geometry": {"type": "Point", "coordinates": [630045.91, 5219576.35]}}, {"type": "Feature", "properties": {"target_id": "T0925", "type": "row_gap", "vineyard_id": "V25", "row_id": "V25-R02", "gap_m": 9.47, "x": 629982.43, "y": 5219500.12}, "geometry": {"type": "Point", "coordinates": [629982.43, 5219500.12]}}, {"type": "Feature", "properties": {"target_id": "T0926", "type": "row_gap", "vineyard_id": "V25", "row_id": "V25-R01", "gap_m": 7.05, "x": 629985.85, "y": 5219510.1}, "geometry": {"type": "Point", "coordinates": [629985.85, 5219510.1]}}, {"type": "Feature", "properties": {"target_id": "T0927", "type": "row_gap", "vineyard_id": "V25", "row_id": "V25-R01", "gap_m": 8.83, "x": 629976.65, "y": 5219498.38}, "geometry": {"type": "Point", "coordinates": [629976.65, 5219498.38]}}, {"type": "Feature", "properties": {"target_id": "T0928", "type": "row_gap", "vineyard_id": "V58", "row_id": "V58-R02", "gap_m": 17.97, "x": 630023.17, "y": 5219524.24}, "geometry": {"type": "Point", "coordinates": [630023.17, 5219524.24]}}, {"type": "Feature", "properties": {"target_id": "T0929", "type": "row_gap", "vineyard_id": "V25", "row_id": "V25-R03", "gap_m": 14.29, "x": 630018.88, "y": 5219539.6}, "geometry": {"type": "Point", "coordinates": [630018.88, 5219539.6]}}, {"type": "Feature", "properties": {"target_id": "T0930", "type": "row_gap", "vineyard_id": "V25", "row_id": "V25-R03", "gap_m": 6.37, "x": 630009.33, "y": 5219527.96}, "geometry": {"type": "Point", "coordinates": [630009.33, 5219527.96]}}, {"type": "Feature", "properties": {"target_id": "T0931", "type": "row_gap", "vineyard_id": "V25", "row_id": "V25-R03", "gap_m": 10.97, "x": 629995.15, "y": 5219510.83}, "geometry": {"type": "Point", "coordinates": [629995.15, 5219510.83]}}, {"type": "Feature", "properties": {"target_id": "T0932", "type": "row_gap", "vineyard_id": "V25", "row_id": "V25-R03", "gap_m": 10.1, "x": 629986.86, "y": 5219500.81}, "geometry": {"type": "Point", "coordinates": [629986.86, 5219500.81]}}, {"type": "Feature", "properties": {"target_id": "T0933", "type": "row_gap", "vineyard_id": "V24", "row_id": "V24-R11", "gap_m": 7.42, "x": 630131.71, "y": 5219553.82}, "geometry": {"type": "Point", "coordinates": [630131.71, 5219553.82]}}, {"type": "Feature", "properties": {"target_id": "T0934", "type": "row_gap", "vineyard_id": "V24", "row_id": "V24-R11", "gap_m": 18.9, "x": 630123.58, "y": 5219543.47}, "geometry": {"type": "Point", "coordinates": [630123.58, 5219543.47]}}, {"type": "Feature", "properties": {"target_id": "T0935", "type": "row_gap", "vineyard_id": "V24", "row_id": "V24-R10", "gap_m": 12.11, "x": 630126.08, "y": 5219551.39}, "geometry": {"type": "Point", "coordinates": [630126.08, 5219551.39]}}, {"type": "Feature", "properties": {"target_id": "T0936", "type": "row_gap", "vineyard_id": "V24", "row_id": "V24-R09", "gap_m": 6.57, "x": 630098.72, "y": 5219521.38}, "geometry": {"type": "Point", "coordinates": [630098.72, 5219521.38]}}, {"type": "Feature", "properties": {"target_id": "T0937", "type": "row_gap", "vineyard_id": "V24", "row_id": "V24-R08", "gap_m": 10.04, "x": 630114.72, "y": 5219546.63}, "geometry": {"type": "Point", "coordinates": [630114.72, 5219546.63]}}, {"type": "Feature", "properties": {"target_id": "T0938", "type": "row_gap", "vineyard_id": "V24", "row_id": "V24-R08", "gap_m": 8.77, "x": 630104.13, "y": 5219533.13}, "geometry": {"type": "Point", "coordinates": [630104.13, 5219533.13]}}, {"type": "Feature", "properties": {"target_id": "T0939", "type": "row_gap", "vineyard_id": "V24", "row_id": "V24-R08", "gap_m": 8.01, "x": 630096.73, "y": 5219523.71}, "geometry": {"type": "Point", "coordinates": [630096.73, 5219523.71]}}, {"type": "Feature", "properties": {"target_id": "T0940", "type": "row_gap", "vineyard_id": "V24", "row_id": "V24-R07", "gap_m": 9.39, "x": 630101.31, "y": 5219532.59}, "geometry": {"type": "Point", "coordinates": [630101.31, 5219532.59]}}, {"type": "Feature", "properties": {"target_id": "T0941", "type": "row_gap", "vineyard_id": "V24", "row_id": "V24-R05", "gap_m": 7.1, "x": 630113.82, "y": 5219556.05}, "geometry": {"type": "Point", "coordinates": [630113.82, 5219556.05]}}, {"type": "Feature", "properties": {"target_id": "T0942", "type": "row_gap", "vineyard_id": "V24", "row_id": "V24-R05", "gap_m": 7.67, "x": 630104.74, "y": 5219544.06}, "geometry": {"type": "Point", "coordinates": [630104.74, 5219544.06]}}, {"type": "Feature", "properties": {"target_id": "T0943", "type": "row_gap", "vineyard_id": "V24", "row_id": "V24-R05", "gap_m": 10.34, "x": 630099.3, "y": 5219536.89}, "geometry": {"type": "Point", "coordinates": [630099.3, 5219536.89]}}, {"type": "Feature", "properties": {"target_id": "T0944", "type": "row_gap", "vineyard_id": "V24", "row_id": "V24-R04", "gap_m": 7.21, "x": 630110.66, "y": 5219555.97}, "geometry": {"type": "Point", "coordinates": [630110.66, 5219555.97]}}, {"type": "Feature", "properties": {"target_id": "T0945", "type": "row_gap", "vineyard_id": "V24", "row_id": "V24-R04", "gap_m": 23.97, "x": 630101.01, "y": 5219543.67}, "geometry": {"type": "Point", "coordinates": [630101.01, 5219543.67]}}, {"type": "Feature", "properties": {"target_id": "T0946", "type": "row_gap", "vineyard_id": "V24", "row_id": "V24-R03", "gap_m": 7.21, "x": 630096.63, "y": 5219541.83}, "geometry": {"type": "Point", "coordinates": [630096.63, 5219541.83]}}, {"type": "Feature", "properties": {"target_id": "T0947", "type": "row_gap", "vineyard_id": "V24", "row_id": "V24-R02", "gap_m": 36.48, "x": 630098.89, "y": 5219548.84}, "geometry": {"type": "Point", "coordinates": [630098.89, 5219548.84]}}, {"type": "Feature", "properties": {"target_id": "T0948", "type": "row_gap", "vineyard_id": "V24", "row_id": "V24-R01", "gap_m": 8.42, "x": 630090.46, "y": 5219544.01}, "geometry": {"type": "Point", "coordinates": [630090.46, 5219544.01]}}, {"type": "Feature", "properties": {"target_id": "T0949", "type": "row_gap", "vineyard_id": "V23", "row_id": "V23-R07", "gap_m": 7.37, "x": 630079.71, "y": 5219542.17}, "geometry": {"type": "Point", "coordinates": [630079.71, 5219542.17]}}, {"type": "Feature", "properties": {"target_id": "T0950", "type": "row_gap", "vineyard_id": "V23", "row_id": "V23-R07", "gap_m": 5.34, "x": 630091.48, "y": 5219557.33}, "geometry": {"type": "Point", "coordinates": [630091.48, 5219557.33]}}, {"type": "Feature", "properties": {"target_id": "T0951", "type": "row_gap", "vineyard_id": "V23", "row_id": "V23-R06", "gap_m": 5.29, "x": 630083.86, "y": 5219551.47}, "geometry": {"type": "Point", "coordinates": [630083.86, 5219551.47]}}, {"type": "Feature", "properties": {"target_id": "T0952", "type": "row_gap", "vineyard_id": "V23", "row_id": "V23-R06", "gap_m": 7.0, "x": 630094.9, "y": 5219565.61}, "geometry": {"type": "Point", "coordinates": [630094.9, 5219565.61]}}, {"type": "Feature", "properties": {"target_id": "T0953", "type": "row_gap", "vineyard_id": "V23", "row_id": "V23-R06", "gap_m": 7.35, "x": 630102.77, "y": 5219575.71}, "geometry": {"type": "Point", "coordinates": [630102.77, 5219575.71]}}, {"type": "Feature", "properties": {"target_id": "T0954", "type": "row_gap", "vineyard_id": "V23", "row_id": "V23-R05", "gap_m": 5.32, "x": 630097.99, "y": 5219573.88}, "geometry": {"type": "Point", "coordinates": [630097.99, 5219573.88]}}, {"type": "Feature", "properties": {"target_id": "T0955", "type": "row_gap", "vineyard_id": "V23", "row_id": "V23-R05", "gap_m": 14.97, "x": 630084.83, "y": 5219556.91}, "geometry": {"type": "Point", "coordinates": [630084.83, 5219556.91]}}, {"type": "Feature", "properties": {"target_id": "T0956", "type": "row_gap", "vineyard_id": "V23", "row_id": "V23-R03", "gap_m": 6.28, "x": 630078.25, "y": 5219556.82}, "geometry": {"type": "Point", "coordinates": [630078.25, 5219556.82]}}, {"type": "Feature", "properties": {"target_id": "T0957", "type": "row_gap", "vineyard_id": "V23", "row_id": "V23-R02", "gap_m": 7.66, "x": 630086.58, "y": 5219571.44}, "geometry": {"type": "Point", "coordinates": [630086.58, 5219571.44]}}, {"type": "Feature", "properties": {"target_id": "T0958", "type": "row_gap", "vineyard_id": "V23", "row_id": "V23-R02", "gap_m": 7.47, "x": 630081.24, "y": 5219564.52}, "geometry": {"type": "Point", "coordinates": [630081.24, 5219564.52]}}, {"type": "Feature", "properties": {"target_id": "T0959", "type": "row_gap", "vineyard_id": "V23", "row_id": "V23-R02", "gap_m": 14.93, "x": 630073.44, "y": 5219554.41}, "geometry": {"type": "Point", "coordinates": [630073.44, 5219554.41]}}, {"type": "Feature", "properties": {"target_id": "T0960", "type": "row_gap", "vineyard_id": "V24", "row_id": "V24-R19", "gap_m": 22.06, "x": 630156.23, "y": 5219543.4}, "geometry": {"type": "Point", "coordinates": [630156.23, 5219543.4]}}, {"type": "Feature", "properties": {"target_id": "T0961", "type": "row_gap", "vineyard_id": "V24", "row_id": "V24-R18", "gap_m": 6.54, "x": 630147.65, "y": 5219539.94}, "geometry": {"type": "Point", "coordinates": [630147.65, 5219539.94]}}, {"type": "Feature", "properties": {"target_id": "T0962", "type": "row_gap", "vineyard_id": "V24", "row_id": "V24-R18", "gap_m": 5.19, "x": 630140.14, "y": 5219530.49}, "geometry": {"type": "Point", "coordinates": [630140.14, 5219530.49]}}, {"type": "Feature", "properties": {"target_id": "T0963", "type": "row_gap", "vineyard_id": "V24", "row_id": "V24-R18", "gap_m": 32.8, "x": 630129.42, "y": 5219514.81}, "geometry": {"type": "Point", "coordinates": [630129.42, 5219514.81]}}, {"type": "Feature", "properties": {"target_id": "T0964", "type": "row_gap", "vineyard_id": "V24", "row_id": "V24-R17", "gap_m": 27.83, "x": 630149.54, "y": 5219547.62}, "geometry": {"type": "Point", "coordinates": [630149.54, 5219547.62]}}, {"type": "Feature", "properties": {"target_id": "T0965", "type": "row_gap", "vineyard_id": "V24", "row_id": "V24-R17", "gap_m": 5.77, "x": 630137.38, "y": 5219532.36}, "geometry": {"type": "Point", "coordinates": [630137.38, 5219532.36]}}, {"type": "Feature", "properties": {"target_id": "T0966", "type": "row_gap", "vineyard_id": "V24", "row_id": "V24-R12", "gap_m": 30.97, "x": 630145.94, "y": 5219566.9}, "geometry": {"type": "Point", "coordinates": [630145.94, 5219566.9]}}, {"type": "Feature", "properties": {"target_id": "T0967", "type": "row_gap", "vineyard_id": "V24", "row_id": "V24-R12", "gap_m": 21.7, "x": 630129.65, "y": 5219546.2}, "geometry": {"type": "Point", "coordinates": [630129.65, 5219546.2]}}, {"type": "Feature", "properties": {"target_id": "T0968", "type": "row_gap", "vineyard_id": "V45", "row_id": "V45-R04", "gap_m": 5.37, "x": 630166.93, "y": 5219488.84}, "geometry": {"type": "Point", "coordinates": [630166.93, 5219488.84]}}, {"type": "Feature", "properties": {"target_id": "T0969", "type": "row_gap", "vineyard_id": "V45", "row_id": "V45-R03", "gap_m": 5.54, "x": 630164.82, "y": 5219489.35}, "geometry": {"type": "Point", "coordinates": [630164.82, 5219489.35]}}, {"type": "Feature", "properties": {"target_id": "T0970", "type": "row_gap", "vineyard_id": "V45", "row_id": "V45-R03", "gap_m": 13.46, "x": 630159.12, "y": 5219481.75}, "geometry": {"type": "Point", "coordinates": [630159.12, 5219481.75]}}, {"type": "Feature", "properties": {"target_id": "T0971", "type": "row_gap", "vineyard_id": "V45", "row_id": "V45-R02", "gap_m": 15.81, "x": 630164.93, "y": 5219497.14}, "geometry": {"type": "Point", "coordinates": [630164.93, 5219497.14]}}, {"type": "Feature", "properties": {"target_id": "T0972", "type": "row_gap", "vineyard_id": "V45", "row_id": "V45-R02", "gap_m": 6.92, "x": 630156.75, "y": 5219484.84}, "geometry": {"type": "Point", "coordinates": [630156.75, 5219484.84]}}, {"type": "Feature", "properties": {"target_id": "T0973", "type": "row_gap", "vineyard_id": "V45", "row_id": "V45-R02", "gap_m": 34.68, "x": 630145.23, "y": 5219467.51}, "geometry": {"type": "Point", "coordinates": [630145.23, 5219467.51]}}, {"type": "Feature", "properties": {"target_id": "T0974", "type": "row_gap", "vineyard_id": "V45", "row_id": "V45-R01", "gap_m": 9.46, "x": 630154.62, "y": 5219486.27}, "geometry": {"type": "Point", "coordinates": [630154.62, 5219486.27]}}, {"type": "Feature", "properties": {"target_id": "T0975", "type": "row_gap", "vineyard_id": "V24", "row_id": "V24-R26", "gap_m": 9.5, "x": 630139.84, "y": 5219490.96}, "geometry": {"type": "Point", "coordinates": [630139.84, 5219490.96]}}, {"type": "Feature", "properties": {"target_id": "T0976", "type": "row_gap", "vineyard_id": "V24", "row_id": "V24-R26", "gap_m": 5.37, "x": 630145.74, "y": 5219497.66}, "geometry": {"type": "Point", "coordinates": [630145.74, 5219497.66]}}, {"type": "Feature", "properties": {"target_id": "T0977", "type": "row_gap", "vineyard_id": "V24", "row_id": "V24-R24", "gap_m": 6.6, "x": 630134.75, "y": 5219495.19}, "geometry": {"type": "Point", "coordinates": [630134.75, 5219495.19]}}, {"type": "Feature", "properties": {"target_id": "T0978", "type": "row_gap", "vineyard_id": "V24", "row_id": "V24-R24", "gap_m": 17.71, "x": 630146.84, "y": 5219511.77}, "geometry": {"type": "Point", "coordinates": [630146.84, 5219511.77]}}, {"type": "Feature", "properties": {"target_id": "T0979", "type": "row_gap", "vineyard_id": "V24", "row_id": "V24-R23", "gap_m": 38.2, "x": 630135.33, "y": 5219499.09}, "geometry": {"type": "Point", "coordinates": [630135.33, 5219499.09]}}, {"type": "Feature", "properties": {"target_id": "T0980", "type": "row_gap", "vineyard_id": "V24", "row_id": "V24-R22", "gap_m": 12.9, "x": 630124.96, "y": 5219487.86}, "geometry": {"type": "Point", "coordinates": [630124.96, 5219487.86]}}, {"type": "Feature", "properties": {"target_id": "T0981", "type": "row_gap", "vineyard_id": "V24", "row_id": "V24-R22", "gap_m": 17.86, "x": 630145.15, "y": 5219515.21}, "geometry": {"type": "Point", "coordinates": [630145.15, 5219515.21]}}, {"type": "Feature", "properties": {"target_id": "T0982", "type": "row_gap", "vineyard_id": "V24", "row_id": "V24-R21", "gap_m": 10.16, "x": 630138.85, "y": 5219511.46}, "geometry": {"type": "Point", "coordinates": [630138.85, 5219511.46]}}, {"type": "Feature", "properties": {"target_id": "T0983", "type": "row_gap", "vineyard_id": "V24", "row_id": "V24-R21", "gap_m": 10.67, "x": 630148.52, "y": 5219523.65}, "geometry": {"type": "Point", "coordinates": [630148.52, 5219523.65]}}, {"type": "Feature", "properties": {"target_id": "T0984", "type": "row_gap", "vineyard_id": "V24", "row_id": "V24-R20", "gap_m": 10.23, "x": 630130.89, "y": 5219507.04}, "geometry": {"type": "Point", "coordinates": [630130.89, 5219507.04]}}, {"type": "Feature", "properties": {"target_id": "T0985", "type": "row_gap", "vineyard_id": "V45", "row_id": "V45-R05", "gap_m": 20.03, "x": 630158.79, "y": 5219470.66}, "geometry": {"type": "Point", "coordinates": [630158.79, 5219470.66]}}, {"type": "Feature", "properties": {"target_id": "T0986", "type": "row_gap", "vineyard_id": "V45", "row_id": "V45-R05", "gap_m": 10.14, "x": 630151.39, "y": 5219457.51}, "geometry": {"type": "Point", "coordinates": [630151.39, 5219457.51]}}, {"type": "Feature", "properties": {"target_id": "T0987", "type": "row_gap", "vineyard_id": "V55", "row_id": "V55-R03", "gap_m": 18.72, "x": 630125.79, "y": 5219442.36}, "geometry": {"type": "Point", "coordinates": [630125.79, 5219442.36]}}, {"type": "Feature", "properties": {"target_id": "T0988", "type": "row_gap", "vineyard_id": "V55", "row_id": "V55-R02", "gap_m": 14.11, "x": 630127.75, "y": 5219450.23}, "geometry": {"type": "Point", "coordinates": [630127.75, 5219450.23]}}, {"type": "Feature", "properties": {"target_id": "T0989", "type": "row_gap", "vineyard_id": "V55", "row_id": "V55-R01", "gap_m": 17.9, "x": 630123.17, "y": 5219448.82}, "geometry": {"type": "Point", "coordinates": [630123.17, 5219448.82]}}, {"type": "Feature", "properties": {"target_id": "T0990", "type": "row_gap", "vineyard_id": "V57", "row_id": "V57-R05", "gap_m": 20.42, "x": 630199.48, "y": 5219472.77}, "geometry": {"type": "Point", "coordinates": [630199.48, 5219472.77]}}, {"type": "Feature", "properties": {"target_id": "T0991", "type": "row_gap", "vineyard_id": "V57", "row_id": "V57-R04", "gap_m": 7.5, "x": 630190.42, "y": 5219466.65}, "geometry": {"type": "Point", "coordinates": [630190.42, 5219466.65]}}, {"type": "Feature", "properties": {"target_id": "T0992", "type": "row_gap", "vineyard_id": "V57", "row_id": "V57-R03", "gap_m": 11.23, "x": 630180.57, "y": 5219469.09}, "geometry": {"type": "Point", "coordinates": [630180.57, 5219469.09]}}, {"type": "Feature", "properties": {"target_id": "T0993", "type": "row_gap", "vineyard_id": "V57", "row_id": "V57-R01", "gap_m": 11.73, "x": 630179.93, "y": 5219476.22}, "geometry": {"type": "Point", "coordinates": [630179.93, 5219476.22]}}, {"type": "Feature", "properties": {"target_id": "T0994", "type": "row_gap", "vineyard_id": "V40", "row_id": "V40-R06", "gap_m": 5.29, "x": 630324.79, "y": 5219433.56}, "geometry": {"type": "Point", "coordinates": [630324.79, 5219433.56]}}, {"type": "Feature", "properties": {"target_id": "T0995", "type": "row_gap", "vineyard_id": "V40", "row_id": "V40-R04", "gap_m": 5.71, "x": 630321.26, "y": 5219437.44}, "geometry": {"type": "Point", "coordinates": [630321.26, 5219437.44]}}, {"type": "Feature", "properties": {"target_id": "T0996", "type": "row_gap", "vineyard_id": "V40", "row_id": "V40-R02", "gap_m": 9.0, "x": 630336.56, "y": 5219456.41}, "geometry": {"type": "Point", "coordinates": [630336.56, 5219456.41]}}, {"type": "Feature", "properties": {"target_id": "T0997", "type": "row_gap", "vineyard_id": "V40", "row_id": "V40-R01", "gap_m": 6.32, "x": 630323.29, "y": 5219448.42}, "geometry": {"type": "Point", "coordinates": [630323.29, 5219448.42]}}, {"type": "Feature", "properties": {"target_id": "T0998", "type": "row_gap", "vineyard_id": "V40", "row_id": "V40-R01", "gap_m": 11.1, "x": 630336.04, "y": 5219459.21}, "geometry": {"type": "Point", "coordinates": [630336.04, 5219459.21]}}, {"type": "Feature", "properties": {"target_id": "T0999", "type": "row_gap", "vineyard_id": "V27", "row_id": "V27-R12", "gap_m": 29.61, "x": 630361.12, "y": 5219440.49}, "geometry": {"type": "Point", "coordinates": [630361.12, 5219440.49]}}, {"type": "Feature", "properties": {"target_id": "T1000", "type": "row_gap", "vineyard_id": "V27", "row_id": "V27-R11", "gap_m": 25.73, "x": 630355.27, "y": 5219440.26}, "geometry": {"type": "Point", "coordinates": [630355.27, 5219440.26]}}, {"type": "Feature", "properties": {"target_id": "T1001", "type": "row_gap", "vineyard_id": "V53", "row_id": "V53-R01", "gap_m": 5.78, "x": 630107.65, "y": 5219393.25}, "geometry": {"type": "Point", "coordinates": [630107.65, 5219393.25]}}, {"type": "Feature", "properties": {"target_id": "T1002", "type": "row_gap", "vineyard_id": "V53", "row_id": "V53-R01", "gap_m": 5.65, "x": 630112.9, "y": 5219399.78}, "geometry": {"type": "Point", "coordinates": [630112.9, 5219399.78]}}, {"type": "Feature", "properties": {"target_id": "T1003", "type": "row_gap", "vineyard_id": "V26", "row_id": "V26-R04", "gap_m": 9.53, "x": 630110.1, "y": 5219420.32}, "geometry": {"type": "Point", "coordinates": [630110.1, 5219420.32]}}, {"type": "Feature", "properties": {"target_id": "T1004", "type": "row_gap", "vineyard_id": "V26", "row_id": "V26-R02", "gap_m": 14.61, "x": 630082.8, "y": 5219395.29}, "geometry": {"type": "Point", "coordinates": [630082.8, 5219395.29]}}, {"type": "Feature", "properties": {"target_id": "T1005", "type": "row_gap", "vineyard_id": "V28", "row_id": "V28-R08", "gap_m": 6.21, "x": 630160.83, "y": 5219385.91}, "geometry": {"type": "Point", "coordinates": [630160.83, 5219385.91]}}, {"type": "Feature", "properties": {"target_id": "T1006", "type": "row_gap", "vineyard_id": "V28", "row_id": "V28-R07", "gap_m": 12.96, "x": 630156.66, "y": 5219387.42}, "geometry": {"type": "Point", "coordinates": [630156.66, 5219387.42]}}, {"type": "Feature", "properties": {"target_id": "T1007", "type": "row_gap", "vineyard_id": "V28", "row_id": "V28-R06", "gap_m": 11.52, "x": 630145.31, "y": 5219378.12}, "geometry": {"type": "Point", "coordinates": [630145.31, 5219378.12]}}, {"type": "Feature", "properties": {"target_id": "T1008", "type": "row_gap", "vineyard_id": "V28", "row_id": "V28-R06", "gap_m": 26.2, "x": 630162.64, "y": 5219400.69}, "geometry": {"type": "Point", "coordinates": [630162.64, 5219400.69]}}, {"type": "Feature", "properties": {"target_id": "T1009", "type": "row_gap", "vineyard_id": "V28", "row_id": "V28-R06", "gap_m": 8.95, "x": 630174.4, "y": 5219416.01}, "geometry": {"type": "Point", "coordinates": [630174.4, 5219416.01]}}, {"type": "Feature", "properties": {"target_id": "T1010", "type": "row_gap", "vineyard_id": "V28", "row_id": "V28-R05", "gap_m": 5.57, "x": 630171.79, "y": 5219416.65}, "geometry": {"type": "Point", "coordinates": [630171.79, 5219416.65]}}, {"type": "Feature", "properties": {"target_id": "T1011", "type": "row_gap", "vineyard_id": "V28", "row_id": "V28-R05", "gap_m": 5.99, "x": 630153.95, "y": 5219393.54}, "geometry": {"type": "Point", "coordinates": [630153.95, 5219393.54]}}, {"type": "Feature", "properties": {"target_id": "T1012", "type": "row_gap", "vineyard_id": "V28", "row_id": "V28-R03", "gap_m": 8.13, "x": 630173.85, "y": 5219426.6}, "geometry": {"type": "Point", "coordinates": [630173.85, 5219426.6]}}, {"type": "Feature", "properties": {"target_id": "T1013", "type": "row_gap", "vineyard_id": "V28", "row_id": "V28-R03", "gap_m": 6.41, "x": 630169.35, "y": 5219420.89}, "geometry": {"type": "Point", "coordinates": [630169.35, 5219420.89]}}, {"type": "Feature", "properties": {"target_id": "T1014", "type": "row_gap", "vineyard_id": "V28", "row_id": "V28-R02", "gap_m": 10.62, "x": 630142.33, "y": 5219391.73}, "geometry": {"type": "Point", "coordinates": [630142.33, 5219391.73]}}, {"type": "Feature", "properties": {"target_id": "T1015", "type": "row_gap", "vineyard_id": "V28", "row_id": "V28-R02", "gap_m": 5.7, "x": 630135.96, "y": 5219383.02}, "geometry": {"type": "Point", "coordinates": [630135.96, 5219383.02]}}, {"type": "Feature", "properties": {"target_id": "T1016", "type": "row_gap", "vineyard_id": "V28", "row_id": "V28-R01", "gap_m": 53.46, "x": 630152.35, "y": 5219407.94}, "geometry": {"type": "Point", "coordinates": [630152.35, 5219407.94]}}, {"type": "Feature", "properties": {"target_id": "T1017", "type": "row_gap", "vineyard_id": "V54", "row_id": "V54-R03", "gap_m": 36.23, "x": 630149.93, "y": 5219415.8}, "geometry": {"type": "Point", "coordinates": [630149.93, 5219415.8]}}, {"type": "Feature", "properties": {"target_id": "T1018", "type": "row_gap", "vineyard_id": "V54", "row_id": "V54-R02", "gap_m": 16.06, "x": 630134.58, "y": 5219399.06}, "geometry": {"type": "Point", "coordinates": [630134.58, 5219399.06]}}, {"type": "Feature", "properties": {"target_id": "T1019", "type": "row_gap", "vineyard_id": "V54", "row_id": "V54-R02", "gap_m": 16.55, "x": 630124.32, "y": 5219386.39}, "geometry": {"type": "Point", "coordinates": [630124.32, 5219386.39]}}, {"type": "Feature", "properties": {"target_id": "T1020", "type": "row_gap", "vineyard_id": "V53", "row_id": "V53-R03", "gap_m": 16.51, "x": 630129.4, "y": 5219415.43}, "geometry": {"type": "Point", "coordinates": [630129.4, 5219415.43]}}, {"type": "Feature", "properties": {"target_id": "T1021", "type": "row_gap", "vineyard_id": "V53", "row_id": "V53-R03", "gap_m": 8.93, "x": 630121.99, "y": 5219405.09}, "geometry": {"type": "Point", "coordinates": [630121.99, 5219405.09]}}, {"type": "Feature", "properties": {"target_id": "T1022", "type": "row_gap", "vineyard_id": "V29", "row_id": "V29-R13", "gap_m": 7.58, "x": 630269.04, "y": 5219382.05}, "geometry": {"type": "Point", "coordinates": [630269.04, 5219382.05]}}, {"type": "Feature", "properties": {"target_id": "T1023", "type": "row_gap", "vineyard_id": "V31", "row_id": "V31-R17", "gap_m": 14.45, "x": 630230.14, "y": 5219325.54}, "geometry": {"type": "Point", "coordinates": [630230.14, 5219325.54]}}, {"type": "Feature", "properties": {"target_id": "T1024", "type": "row_gap", "vineyard_id": "V31", "row_id": "V31-R17", "gap_m": 6.3, "x": 630223.17, "y": 5219314.66}, "geometry": {"type": "Point", "coordinates": [630223.17, 5219314.66]}}, {"type": "Feature", "properties": {"target_id": "T1025", "type": "row_gap", "vineyard_id": "V31", "row_id": "V31-R17", "gap_m": 7.48, "x": 630215.2, "y": 5219302.22}, "geometry": {"type": "Point", "coordinates": [630215.2, 5219302.22]}}, {"type": "Feature", "properties": {"target_id": "T1026", "type": "row_gap", "vineyard_id": "V31", "row_id": "V31-R16", "gap_m": 9.49, "x": 630229.7, "y": 5219330.35}, "geometry": {"type": "Point", "coordinates": [630229.7, 5219330.35]}}, {"type": "Feature", "properties": {"target_id": "T1027", "type": "row_gap", "vineyard_id": "V29", "row_id": "V29-R06", "gap_m": 11.02, "x": 630269.1, "y": 5219418.31}, "geometry": {"type": "Point", "coordinates": [630269.1, 5219418.31]}}, {"type": "Feature", "properties": {"target_id": "T1028", "type": "row_gap", "vineyard_id": "V29", "row_id": "V29-R05", "gap_m": 45.9, "x": 630250.93, "y": 5219400.32}, "geometry": {"type": "Point", "coordinates": [630250.93, 5219400.32]}}, {"type": "Feature", "properties": {"target_id": "T1029", "type": "row_gap", "vineyard_id": "V29", "row_id": "V29-R04", "gap_m": 25.67, "x": 630263.09, "y": 5219419.33}, "geometry": {"type": "Point", "coordinates": [630263.09, 5219419.33]}}, {"type": "Feature", "properties": {"target_id": "T1030", "type": "row_gap", "vineyard_id": "V29", "row_id": "V29-R02", "gap_m": 9.84, "x": 630261.56, "y": 5219425.27}, "geometry": {"type": "Point", "coordinates": [630261.56, 5219425.27]}}, {"type": "Feature", "properties": {"target_id": "T1031", "type": "row_gap", "vineyard_id": "V29", "row_id": "V29-R01", "gap_m": 6.32, "x": 630257.24, "y": 5219422.96}, "geometry": {"type": "Point", "coordinates": [630257.24, 5219422.96]}}, {"type": "Feature", "properties": {"target_id": "T1032", "type": "row_gap", "vineyard_id": "V51", "row_id": "V51-R06", "gap_m": 27.24, "x": 630234.69, "y": 5219418.61}, "geometry": {"type": "Point", "coordinates": [630234.69, 5219418.61]}}, {"type": "Feature", "properties": {"target_id": "T1033", "type": "row_gap", "vineyard_id": "V51", "row_id": "V51-R05", "gap_m": 19.11, "x": 630234.83, "y": 5219422.58}, "geometry": {"type": "Point", "coordinates": [630234.83, 5219422.58]}}, {"type": "Feature", "properties": {"target_id": "T1034", "type": "row_gap", "vineyard_id": "V51", "row_id": "V51-R04", "gap_m": 22.68, "x": 630229.58, "y": 5219420.29}, "geometry": {"type": "Point", "coordinates": [630229.58, 5219420.29]}}, {"type": "Feature", "properties": {"target_id": "T1035", "type": "row_gap", "vineyard_id": "V51", "row_id": "V51-R03", "gap_m": 8.4, "x": 630232.11, "y": 5219425.65}, "geometry": {"type": "Point", "coordinates": [630232.11, 5219425.65]}}, {"type": "Feature", "properties": {"target_id": "T1036", "type": "row_gap", "vineyard_id": "V29", "row_id": "V29-R30", "gap_m": 6.23, "x": 630322.54, "y": 5219387.41}, "geometry": {"type": "Point", "coordinates": [630322.54, 5219387.41]}}, {"type": "Feature", "properties": {"target_id": "T1037", "type": "row_gap", "vineyard_id": "V29", "row_id": "V29-R30", "gap_m": 22.2, "x": 630313.59, "y": 5219373.54}, "geometry": {"type": "Point", "coordinates": [630313.59, 5219373.54]}}, {"type": "Feature", "properties": {"target_id": "T1038", "type": "row_gap", "vineyard_id": "V38", "row_id": "V38-R03", "gap_m": 8.81, "x": 630263.01, "y": 5219293.72}, "geometry": {"type": "Point", "coordinates": [630263.01, 5219293.72]}}, {"type": "Feature", "properties": {"target_id": "T1039", "type": "row_gap", "vineyard_id": "V38", "row_id": "V38-R03", "gap_m": 12.32, "x": 630255.01, "y": 5219281.37}, "geometry": {"type": "Point", "coordinates": [630255.01, 5219281.37]}}, {"type": "Feature", "properties": {"target_id": "T1040", "type": "row_gap", "vineyard_id": "V29", "row_id": "V29-R29", "gap_m": 6.41, "x": 630318.57, "y": 5219385.73}, "geometry": {"type": "Point", "coordinates": [630318.57, 5219385.73]}}, {"type": "Feature", "properties": {"target_id": "T1041", "type": "row_gap", "vineyard_id": "V29", "row_id": "V29-R29", "gap_m": 5.27, "x": 630311.45, "y": 5219374.65}, "geometry": {"type": "Point", "coordinates": [630311.45, 5219374.65]}}, {"type": "Feature", "properties": {"target_id": "T1042", "type": "row_gap", "vineyard_id": "V38", "row_id": "V38-R02", "gap_m": 6.64, "x": 630281.62, "y": 5219326.75}, "geometry": {"type": "Point", "coordinates": [630281.62, 5219326.75]}}, {"type": "Feature", "properties": {"target_id": "T1043", "type": "row_gap", "vineyard_id": "V38", "row_id": "V38-R02", "gap_m": 12.61, "x": 630263.56, "y": 5219298.8}, "geometry": {"type": "Point", "coordinates": [630263.56, 5219298.8]}}, {"type": "Feature", "properties": {"target_id": "T1044", "type": "row_gap", "vineyard_id": "V38", "row_id": "V38-R02", "gap_m": 7.28, "x": 630256.76, "y": 5219288.27}, "geometry": {"type": "Point", "coordinates": [630256.76, 5219288.27]}}, {"type": "Feature", "properties": {"target_id": "T1045", "type": "row_gap", "vineyard_id": "V29", "row_id": "V29-R28", "gap_m": 26.69, "x": 630314.03, "y": 5219382.98}, "geometry": {"type": "Point", "coordinates": [630314.03, 5219382.98]}}, {"type": "Feature", "properties": {"target_id": "T1046", "type": "row_gap", "vineyard_id": "V38", "row_id": "V38-R01", "gap_m": 8.73, "x": 630282.95, "y": 5219333.14}, "geometry": {"type": "Point", "coordinates": [630282.95, 5219333.14]}}, {"type": "Feature", "properties": {"target_id": "T1047", "type": "row_gap", "vineyard_id": "V38", "row_id": "V38-R01", "gap_m": 5.05, "x": 630273.55, "y": 5219318.68}, "geometry": {"type": "Point", "coordinates": [630273.55, 5219318.68]}}, {"type": "Feature", "properties": {"target_id": "T1048", "type": "row_gap", "vineyard_id": "V38", "row_id": "V38-R01", "gap_m": 30.68, "x": 630259.04, "y": 5219296.38}, "geometry": {"type": "Point", "coordinates": [630259.04, 5219296.38]}}, {"type": "Feature", "properties": {"target_id": "T1049", "type": "row_gap", "vineyard_id": "V29", "row_id": "V29-R27", "gap_m": 5.09, "x": 630321.25, "y": 5219398.54}, "geometry": {"type": "Point", "coordinates": [630321.25, 5219398.54]}}, {"type": "Feature", "properties": {"target_id": "T1050", "type": "row_gap", "vineyard_id": "V29", "row_id": "V29-R27", "gap_m": 13.22, "x": 630313.74, "y": 5219386.94}, "geometry": {"type": "Point", "coordinates": [630313.74, 5219386.94]}}, {"type": "Feature", "properties": {"target_id": "T1051", "type": "row_gap", "vineyard_id": "V29", "row_id": "V29-R27", "gap_m": 10.57, "x": 630307.28, "y": 5219376.95}, "geometry": {"type": "Point", "coordinates": [630307.28, 5219376.95]}}, {"type": "Feature", "properties": {"target_id": "T1052", "type": "row_gap", "vineyard_id": "V29", "row_id": "V29-R26", "gap_m": 11.77, "x": 630312.24, "y": 5219389.15}, "geometry": {"type": "Point", "coordinates": [630312.24, 5219389.15]}}, {"type": "Feature", "properties": {"target_id": "T1053", "type": "row_gap", "vineyard_id": "V29", "row_id": "V29-R26", "gap_m": 9.82, "x": 630302.86, "y": 5219374.73}, "geometry": {"type": "Point", "coordinates": [630302.86, 5219374.73]}}, {"type": "Feature", "properties": {"target_id": "T1054", "type": "row_gap", "vineyard_id": "V29", "row_id": "V29-R25", "gap_m": 8.07, "x": 630309.45, "y": 5219389.11}, "geometry": {"type": "Point", "coordinates": [630309.45, 5219389.11]}}, {"type": "Feature", "properties": {"target_id": "T1055", "type": "row_gap", "vineyard_id": "V29", "row_id": "V29-R23", "gap_m": 9.62, "x": 630283.87, "y": 5219359.58}, "geometry": {"type": "Point", "coordinates": [630283.87, 5219359.58]}}, {"type": "Feature", "properties": {"target_id": "T1056", "type": "row_gap", "vineyard_id": "V29", "row_id": "V29-R20", "gap_m": 5.05, "x": 630296.22, "y": 5219385.99}, "geometry": {"type": "Point", "coordinates": [630296.22, 5219385.99]}}, {"type": "Feature", "properties": {"target_id": "T1057", "type": "row_gap", "vineyard_id": "V29", "row_id": "V29-R18", "gap_m": 6.98, "x": 630299.79, "y": 5219401.54}, "geometry": {"type": "Point", "coordinates": [630299.79, 5219401.54]}}, {"type": "Feature", "properties": {"target_id": "T1058", "type": "row_gap", "vineyard_id": "V29", "row_id": "V29-R16", "gap_m": 10.46, "x": 630295.9, "y": 5219407.3}, "geometry": {"type": "Point", "coordinates": [630295.9, 5219407.3]}}, {"type": "Feature", "properties": {"target_id": "T1059", "type": "row_gap", "vineyard_id": "V29", "row_id": "V29-R15", "gap_m": 6.78, "x": 630281.43, "y": 5219390.86}, "geometry": {"type": "Point", "coordinates": [630281.43, 5219390.86]}}, {"type": "Feature", "properties": {"target_id": "T1060", "type": "row_gap", "vineyard_id": "V29", "row_id": "V29-R10", "gap_m": 13.36, "x": 630283.51, "y": 5219416.98}, "geometry": {"type": "Point", "coordinates": [630283.51, 5219416.98]}}, {"type": "Feature", "properties": {"target_id": "T1061", "type": "row_gap", "vineyard_id": "V29", "row_id": "V29-R10", "gap_m": 13.59, "x": 630276.07, "y": 5219405.74}, "geometry": {"type": "Point", "coordinates": [630276.07, 5219405.74]}}, {"type": "Feature", "properties": {"target_id": "T1062", "type": "row_gap", "vineyard_id": "V29", "row_id": "V29-R09", "gap_m": 18.82, "x": 630284.32, "y": 5219421.77}, "geometry": {"type": "Point", "coordinates": [630284.32, 5219421.77]}}, {"type": "Feature", "properties": {"target_id": "T1063", "type": "row_gap", "vineyard_id": "V29", "row_id": "V29-R07", "gap_m": 12.15, "x": 630276.24, "y": 5219423.17}, "geometry": {"type": "Point", "coordinates": [630276.24, 5219423.17]}}, {"type": "Feature", "properties": {"target_id": "T1064", "type": "row_gap", "vineyard_id": "V27", "row_id": "V27-R10", "gap_m": 5.38, "x": 630352.34, "y": 5219423.9}, "geometry": {"type": "Point", "coordinates": [630352.34, 5219423.9]}}, {"type": "Feature", "properties": {"target_id": "T1065", "type": "row_gap", "vineyard_id": "V27", "row_id": "V27-R09", "gap_m": 5.27, "x": 630349.7, "y": 5219422.43}, "geometry": {"type": "Point", "coordinates": [630349.7, 5219422.43]}}, {"type": "Feature", "properties": {"target_id": "T1066", "type": "row_gap", "vineyard_id": "V27", "row_id": "V27-R07", "gap_m": 15.02, "x": 630367.46, "y": 5219393.33}, "geometry": {"type": "Point", "coordinates": [630367.46, 5219393.33]}}, {"type": "Feature", "properties": {"target_id": "T1067", "type": "row_gap", "vineyard_id": "V27", "row_id": "V27-R06", "gap_m": 5.1, "x": 630353.61, "y": 5219405.14}, "geometry": {"type": "Point", "coordinates": [630353.61, 5219405.14]}}, {"type": "Feature", "properties": {"target_id": "T1068", "type": "row_gap", "vineyard_id": "V27", "row_id": "V27-R06", "gap_m": 10.68, "x": 630360.31, "y": 5219397.38}, "geometry": {"type": "Point", "coordinates": [630360.31, 5219397.38]}}, {"type": "Feature", "properties": {"target_id": "T1069", "type": "row_gap", "vineyard_id": "V27", "row_id": "V27-R05", "gap_m": 5.93, "x": 630334.25, "y": 5219423.39}, "geometry": {"type": "Point", "coordinates": [630334.25, 5219423.39]}}, {"type": "Feature", "properties": {"target_id": "T1070", "type": "row_gap", "vineyard_id": "V27", "row_id": "V27-R05", "gap_m": 5.22, "x": 630341.47, "y": 5219415.07}, "geometry": {"type": "Point", "coordinates": [630341.47, 5219415.07]}}, {"type": "Feature", "properties": {"target_id": "T1071", "type": "row_gap", "vineyard_id": "V27", "row_id": "V27-R05", "gap_m": 5.04, "x": 630357.67, "y": 5219396.4}, "geometry": {"type": "Point", "coordinates": [630357.67, 5219396.4]}}, {"type": "Feature", "properties": {"target_id": "T1072", "type": "row_gap", "vineyard_id": "V27", "row_id": "V27-R05", "gap_m": 9.99, "x": 630366.02, "y": 5219386.78}, "geometry": {"type": "Point", "coordinates": [630366.02, 5219386.78]}}, {"type": "Feature", "properties": {"target_id": "T1073", "type": "row_gap", "vineyard_id": "V27", "row_id": "V27-R03", "gap_m": 22.14, "x": 630356.45, "y": 5219389.8}, "geometry": {"type": "Point", "coordinates": [630356.45, 5219389.8]}}, {"type": "Feature", "properties": {"target_id": "T1074", "type": "row_gap", "vineyard_id": "V29", "row_id": "V29-R32", "gap_m": 15.8, "x": 630333.61, "y": 5219394.81}, "geometry": {"type": "Point", "coordinates": [630333.61, 5219394.81]}}, {"type": "Feature", "properties": {"target_id": "T1075", "type": "row_gap", "vineyard_id": "V29", "row_id": "V29-R31", "gap_m": 20.63, "x": 630330.69, "y": 5219394.68}, "geometry": {"type": "Point", "coordinates": [630330.69, 5219394.68]}}, {"type": "Feature", "properties": {"target_id": "T1076", "type": "row_gap", "vineyard_id": "V44", "row_id": "V44-R01", "gap_m": 8.43, "x": 630345.83, "y": 5219378.92}, "geometry": {"type": "Point", "coordinates": [630345.83, 5219378.92]}}, {"type": "Feature", "properties": {"target_id": "T1077", "type": "row_gap", "vineyard_id": "V44", "row_id": "V44-R01", "gap_m": 6.76, "x": 630340.56, "y": 5219370.7}, "geometry": {"type": "Point", "coordinates": [630340.56, 5219370.7]}}, {"type": "Feature", "properties": {"target_id": "T1078", "type": "row_gap", "vineyard_id": "V44", "row_id": "V44-R01", "gap_m": 6.9, "x": 630335.56, "y": 5219362.7}, "geometry": {"type": "Point", "coordinates": [630335.56, 5219362.7]}}, {"type": "Feature", "properties": {"target_id": "T1079", "type": "row_gap", "vineyard_id": "V44", "row_id": "V44-R01", "gap_m": 7.8, "x": 630329.07, "y": 5219352.22}, "geometry": {"type": "Point", "coordinates": [630329.07, 5219352.22]}}, {"type": "Feature", "properties": {"target_id": "T1080", "type": "row_gap", "vineyard_id": "V29", "row_id": "V29-R39", "gap_m": 5.45, "x": 630340.13, "y": 5219380.99}, "geometry": {"type": "Point", "coordinates": [630340.13, 5219380.99]}}, {"type": "Feature", "properties": {"target_id": "T1081", "type": "row_gap", "vineyard_id": "V29", "row_id": "V29-R39", "gap_m": 13.1, "x": 630333.83, "y": 5219370.95}, "geometry": {"type": "Point", "coordinates": [630333.83, 5219370.95]}}, {"type": "Feature", "properties": {"target_id": "T1082", "type": "row_gap", "vineyard_id": "V29", "row_id": "V29-R39", "gap_m": 5.36, "x": 630324.94, "y": 5219356.78}, "geometry": {"type": "Point", "coordinates": [630324.94, 5219356.78]}}, {"type": "Feature", "properties": {"target_id": "T1083", "type": "row_gap", "vineyard_id": "V29", "row_id": "V29-R38", "gap_m": 14.0, "x": 630318.01, "y": 5219350.98}, "geometry": {"type": "Point", "coordinates": [630318.01, 5219350.98]}}, {"type": "Feature", "properties": {"target_id": "T1084", "type": "row_gap", "vineyard_id": "V29", "row_id": "V29-R36", "gap_m": 6.75, "x": 630327.66, "y": 5219375.45}, "geometry": {"type": "Point", "coordinates": [630327.66, 5219375.45]}}, {"type": "Feature", "properties": {"target_id": "T1085", "type": "row_gap", "vineyard_id": "V29", "row_id": "V29-R36", "gap_m": 10.09, "x": 630321.61, "y": 5219365.73}, "geometry": {"type": "Point", "coordinates": [630321.61, 5219365.73]}}, {"type": "Feature", "properties": {"target_id": "T1086", "type": "row_gap", "vineyard_id": "V32", "row_id": "V32-R01", "gap_m": 33.85, "x": 630291.38, "y": 5219313.87}, "geometry": {"type": "Point", "coordinates": [630291.38, 5219313.87]}}, {"type": "Feature", "properties": {"target_id": "T1087", "type": "row_gap", "vineyard_id": "V29", "row_id": "V29-R35", "gap_m": 7.45, "x": 630325.54, "y": 5219376.28}, "geometry": {"type": "Point", "coordinates": [630325.54, 5219376.28]}}, {"type": "Feature", "properties": {"target_id": "T1088", "type": "row_gap", "vineyard_id": "V29", "row_id": "V29-R35", "gap_m": 5.96, "x": 630321.46, "y": 5219369.73}, "geometry": {"type": "Point", "coordinates": [630321.46, 5219369.73]}}, {"type": "Feature", "properties": {"target_id": "T1089", "type": "row_gap", "vineyard_id": "V29", "row_id": "V29-R35", "gap_m": 7.34, "x": 630313.32, "y": 5219356.65}, "geometry": {"type": "Point", "coordinates": [630313.32, 5219356.65]}}, {"type": "Feature", "properties": {"target_id": "T1090", "type": "row_gap", "vineyard_id": "V29", "row_id": "V29-R34", "gap_m": 11.33, "x": 630323.63, "y": 5219378.0}, "geometry": {"type": "Point", "coordinates": [630323.63, 5219378.0]}}, {"type": "Feature", "properties": {"target_id": "T1091", "type": "row_gap", "vineyard_id": "V29", "row_id": "V29-R33", "gap_m": 8.21, "x": 630321.33, "y": 5219378.82}, "geometry": {"type": "Point", "coordinates": [630321.33, 5219378.82]}}, {"type": "Feature", "properties": {"target_id": "T1092", "type": "row_gap", "vineyard_id": "V29", "row_id": "V29-R33", "gap_m": 8.01, "x": 630304.54, "y": 5219352.02}, "geometry": {"type": "Point", "coordinates": [630304.54, 5219352.02]}}, {"type": "Feature", "properties": {"target_id": "T1093", "type": "row_gap", "vineyard_id": "V31", "row_id": "V31-R11", "gap_m": 19.75, "x": 630229.63, "y": 5219358.11}, "geometry": {"type": "Point", "coordinates": [630229.63, 5219358.11]}}, {"type": "Feature", "properties": {"target_id": "T1094", "type": "row_gap", "vineyard_id": "V31", "row_id": "V31-R11", "gap_m": 6.83, "x": 630222.55, "y": 5219346.85}, "geometry": {"type": "Point", "coordinates": [630222.55, 5219346.85]}}, {"type": "Feature", "properties": {"target_id": "T1095", "type": "row_gap", "vineyard_id": "V31", "row_id": "V31-R11", "gap_m": 19.68, "x": 630211.61, "y": 5219329.45}, "geometry": {"type": "Point", "coordinates": [630211.61, 5219329.45]}}, {"type": "Feature", "properties": {"target_id": "T1096", "type": "row_gap", "vineyard_id": "V31", "row_id": "V31-R09", "gap_m": 5.97, "x": 630214.45, "y": 5219339.26}, "geometry": {"type": "Point", "coordinates": [630214.45, 5219339.26]}}, {"type": "Feature", "properties": {"target_id": "T1097", "type": "row_gap", "vineyard_id": "V31", "row_id": "V31-R09", "gap_m": 6.63, "x": 630208.86, "y": 5219330.47}, "geometry": {"type": "Point", "coordinates": [630208.86, 5219330.47]}}, {"type": "Feature", "properties": {"target_id": "T1098", "type": "row_gap", "vineyard_id": "V31", "row_id": "V31-R07", "gap_m": 19.44, "x": 630223.64, "y": 5219355.5}, "geometry": {"type": "Point", "coordinates": [630223.64, 5219355.5]}}, {"type": "Feature", "properties": {"target_id": "T1099", "type": "row_gap", "vineyard_id": "V31", "row_id": "V31-R07", "gap_m": 13.4, "x": 630235.41, "y": 5219371.79}, "geometry": {"type": "Point", "coordinates": [630235.41, 5219371.79]}}, {"type": "Feature", "properties": {"target_id": "T1100", "type": "row_gap", "vineyard_id": "V31", "row_id": "V31-R06", "gap_m": 5.4, "x": 630227.5, "y": 5219365.11}, "geometry": {"type": "Point", "coordinates": [630227.5, 5219365.11]}}, {"type": "Feature", "properties": {"target_id": "T1101", "type": "row_gap", "vineyard_id": "V31", "row_id": "V31-R06", "gap_m": 9.85, "x": 630220.15, "y": 5219353.42}, "geometry": {"type": "Point", "coordinates": [630220.15, 5219353.42]}}, {"type": "Feature", "properties": {"target_id": "T1102", "type": "row_gap", "vineyard_id": "V31", "row_id": "V31-R06", "gap_m": 10.61, "x": 630209.64, "y": 5219336.72}, "geometry": {"type": "Point", "coordinates": [630209.64, 5219336.72]}}, {"type": "Feature", "properties": {"target_id": "T1103", "type": "row_gap", "vineyard_id": "V31", "row_id": "V31-R05", "gap_m": 5.36, "x": 630224.11, "y": 5219364.46}, "geometry": {"type": "Point", "coordinates": [630224.11, 5219364.46]}}, {"type": "Feature", "properties": {"target_id": "T1104", "type": "row_gap", "vineyard_id": "V31", "row_id": "V31-R05", "gap_m": 7.46, "x": 630220.02, "y": 5219358.02}, "geometry": {"type": "Point", "coordinates": [630220.02, 5219358.02]}}, {"type": "Feature", "properties": {"target_id": "T1105", "type": "row_gap", "vineyard_id": "V31", "row_id": "V31-R05", "gap_m": 6.54, "x": 630215.12, "y": 5219350.32}, "geometry": {"type": "Point", "coordinates": [630215.12, 5219350.32]}}, {"type": "Feature", "properties": {"target_id": "T1106", "type": "row_gap", "vineyard_id": "V31", "row_id": "V31-R05", "gap_m": 7.95, "x": 630210.15, "y": 5219342.5}, "geometry": {"type": "Point", "coordinates": [630210.15, 5219342.5]}}, {"type": "Feature", "properties": {"target_id": "T1107", "type": "row_gap", "vineyard_id": "V31", "row_id": "V31-R05", "gap_m": 6.43, "x": 630206.3, "y": 5219336.43}, "geometry": {"type": "Point", "coordinates": [630206.3, 5219336.43]}}, {"type": "Feature", "properties": {"target_id": "T1108", "type": "row_gap", "vineyard_id": "V31", "row_id": "V31-R05", "gap_m": 11.75, "x": 630201.4, "y": 5219328.78}, "geometry": {"type": "Point", "coordinates": [630201.4, 5219328.78]}}, {"type": "Feature", "properties": {"target_id": "T1109", "type": "row_gap", "vineyard_id": "V31", "row_id": "V31-R04", "gap_m": 11.8, "x": 630205.93, "y": 5219340.51}, "geometry": {"type": "Point", "coordinates": [630205.93, 5219340.51]}}, {"type": "Feature", "properties": {"target_id": "T1110", "type": "row_gap", "vineyard_id": "V31", "row_id": "V31-R04", "gap_m": 10.65, "x": 630218.99, "y": 5219361.37}, "geometry": {"type": "Point", "coordinates": [630218.99, 5219361.37]}}, {"type": "Feature", "properties": {"target_id": "T1111", "type": "row_gap", "vineyard_id": "V31", "row_id": "V31-R03", "gap_m": 19.95, "x": 630214.81, "y": 5219358.07}, "geometry": {"type": "Point", "coordinates": [630214.81, 5219358.07]}}, {"type": "Feature", "properties": {"target_id": "T1112", "type": "row_gap", "vineyard_id": "V31", "row_id": "V31-R02", "gap_m": 21.5, "x": 630214.93, "y": 5219364.02}, "geometry": {"type": "Point", "coordinates": [630214.93, 5219364.02]}}, {"type": "Feature", "properties": {"target_id": "T1113", "type": "row_gap", "vineyard_id": "V31", "row_id": "V31-R02", "gap_m": 5.6, "x": 630207.64, "y": 5219352.6}, "geometry": {"type": "Point", "coordinates": [630207.64, 5219352.6]}}, {"type": "Feature", "properties": {"target_id": "T1114", "type": "row_gap", "vineyard_id": "V31", "row_id": "V31-R02", "gap_m": 26.27, "x": 630199.07, "y": 5219339.16}, "geometry": {"type": "Point", "coordinates": [630199.07, 5219339.16]}}, {"type": "Feature", "properties": {"target_id": "T1115", "type": "row_gap", "vineyard_id": "V31", "row_id": "V31-R01", "gap_m": 35.44, "x": 630201.86, "y": 5219351.47}, "geometry": {"type": "Point", "coordinates": [630201.86, 5219351.47]}}, {"type": "Feature", "properties": {"target_id": "T1116", "type": "row_gap", "vineyard_id": "V31", "row_id": "V31-R29", "gap_m": 7.25, "x": 630268.38, "y": 5219333.13}, "geometry": {"type": "Point", "coordinates": [630268.38, 5219333.13]}}, {"type": "Feature", "properties": {"target_id": "T1117", "type": "row_gap", "vineyard_id": "V31", "row_id": "V31-R28", "gap_m": 5.77, "x": 630268.43, "y": 5219336.43}, "geometry": {"type": "Point", "coordinates": [630268.43, 5219336.43]}}, {"type": "Feature", "properties": {"target_id": "T1118", "type": "row_gap", "vineyard_id": "V31", "row_id": "V31-R28", "gap_m": 14.01, "x": 630261.94, "y": 5219326.48}, "geometry": {"type": "Point", "coordinates": [630261.94, 5219326.48]}}, {"type": "Feature", "properties": {"target_id": "T1119", "type": "row_gap", "vineyard_id": "V31", "row_id": "V31-R28", "gap_m": 5.46, "x": 630255.46, "y": 5219316.09}, "geometry": {"type": "Point", "coordinates": [630255.46, 5219316.09]}}, {"type": "Feature", "properties": {"target_id": "T1120", "type": "row_gap", "vineyard_id": "V31", "row_id": "V31-R28", "gap_m": 22.17, "x": 630245.85, "y": 5219301.2}, "geometry": {"type": "Point", "coordinates": [630245.85, 5219301.2]}}, {"type": "Feature", "properties": {"target_id": "T1121", "type": "row_gap", "vineyard_id": "V31", "row_id": "V31-R28", "gap_m": 7.7, "x": 630234.6, "y": 5219283.58}, "geometry": {"type": "Point", "coordinates": [630234.6, 5219283.58]}}, {"type": "Feature", "properties": {"target_id": "T1122", "type": "row_gap", "vineyard_id": "V31", "row_id": "V31-R27", "gap_m": 15.57, "x": 630256.02, "y": 5219322.4}, "geometry": {"type": "Point", "coordinates": [630256.02, 5219322.4]}}, {"type": "Feature", "properties": {"target_id": "T1123", "type": "row_gap", "vineyard_id": "V31", "row_id": "V31-R27", "gap_m": 6.68, "x": 630243.72, "y": 5219303.14}, "geometry": {"type": "Point", "coordinates": [630243.72, 5219303.14]}}, {"type": "Feature", "properties": {"target_id": "T1124", "type": "row_gap", "vineyard_id": "V31", "row_id": "V31-R27", "gap_m": 6.36, "x": 630236.22, "y": 5219291.4}, "geometry": {"type": "Point", "coordinates": [630236.22, 5219291.4]}}, {"type": "Feature", "properties": {"target_id": "T1125", "type": "row_gap", "vineyard_id": "V31", "row_id": "V31-R26", "gap_m": 5.65, "x": 630268.64, "y": 5219347.09}, "geometry": {"type": "Point", "coordinates": [630268.64, 5219347.09]}}, {"type": "Feature", "properties": {"target_id": "T1126", "type": "row_gap", "vineyard_id": "V31", "row_id": "V31-R26", "gap_m": 5.05, "x": 630262.29, "y": 5219337.14}, "geometry": {"type": "Point", "coordinates": [630262.29, 5219337.14]}}, {"type": "Feature", "properties": {"target_id": "T1127", "type": "row_gap", "vineyard_id": "V31", "row_id": "V31-R26", "gap_m": 9.98, "x": 630256.22, "y": 5219327.61}, "geometry": {"type": "Point", "coordinates": [630256.22, 5219327.61]}}, {"type": "Feature", "properties": {"target_id": "T1128", "type": "row_gap", "vineyard_id": "V31", "row_id": "V31-R26", "gap_m": 10.46, "x": 630248.35, "y": 5219315.28}, "geometry": {"type": "Point", "coordinates": [630248.35, 5219315.28]}}, {"type": "Feature", "properties": {"target_id": "T1129", "type": "row_gap", "vineyard_id": "V31", "row_id": "V31-R25", "gap_m": 5.72, "x": 630266.42, "y": 5219348.63}, "geometry": {"type": "Point", "coordinates": [630266.42, 5219348.63]}}, {"type": "Feature", "properties": {"target_id": "T1130", "type": "row_gap", "vineyard_id": "V31", "row_id": "V31-R24", "gap_m": 8.19, "x": 630253.84, "y": 5219334.11}, "geometry": {"type": "Point", "coordinates": [630253.84, 5219334.11]}}, {"type": "Feature", "properties": {"target_id": "T1131", "type": "row_gap", "vineyard_id": "V31", "row_id": "V31-R24", "gap_m": 7.16, "x": 630246.14, "y": 5219322.12}, "geometry": {"type": "Point", "coordinates": [630246.14, 5219322.12]}}, {"type": "Feature", "properties": {"target_id": "T1132", "type": "row_gap", "vineyard_id": "V31", "row_id": "V31-R24", "gap_m": 15.61, "x": 630237.1, "y": 5219308.04}, "geometry": {"type": "Point", "coordinates": [630237.1, 5219308.04]}}, {"type": "Feature", "properties": {"target_id": "T1133", "type": "row_gap", "vineyard_id": "V31", "row_id": "V31-R24", "gap_m": 10.07, "x": 630230.16, "y": 5219297.24}, "geometry": {"type": "Point", "coordinates": [630230.16, 5219297.24]}}, {"type": "Feature", "properties": {"target_id": "T1134", "type": "row_gap", "vineyard_id": "V31", "row_id": "V31-R23", "gap_m": 13.44, "x": 630267.99, "y": 5219360.71}, "geometry": {"type": "Point", "coordinates": [630267.99, 5219360.71]}}, {"type": "Feature", "properties": {"target_id": "T1135", "type": "row_gap", "vineyard_id": "V31", "row_id": "V31-R23", "gap_m": 5.35, "x": 630258.25, "y": 5219345.64}, "geometry": {"type": "Point", "coordinates": [630258.25, 5219345.64]}}, {"type": "Feature", "properties": {"target_id": "T1136", "type": "row_gap", "vineyard_id": "V31", "row_id": "V31-R23", "gap_m": 8.86, "x": 630249.74, "y": 5219332.46}, "geometry": {"type": "Point", "coordinates": [630249.74, 5219332.46]}}, {"type": "Feature", "properties": {"target_id": "T1137", "type": "row_gap", "vineyard_id": "V31", "row_id": "V31-R23", "gap_m": 8.99, "x": 630241.6, "y": 5219319.87}, "geometry": {"type": "Point", "coordinates": [630241.6, 5219319.87]}}, {"type": "Feature", "properties": {"target_id": "T1138", "type": "row_gap", "vineyard_id": "V31", "row_id": "V31-R23", "gap_m": 25.77, "x": 630232.17, "y": 5219305.27}, "geometry": {"type": "Point", "coordinates": [630232.17, 5219305.27]}}, {"type": "Feature", "properties": {"target_id": "T1139", "type": "row_gap", "vineyard_id": "V31", "row_id": "V31-R22", "gap_m": 5.45, "x": 630251.75, "y": 5219340.21}, "geometry": {"type": "Point", "coordinates": [630251.75, 5219340.21]}}, {"type": "Feature", "properties": {"target_id": "T1140", "type": "row_gap", "vineyard_id": "V31", "row_id": "V31-R22", "gap_m": 9.25, "x": 630235.47, "y": 5219314.89}, "geometry": {"type": "Point", "coordinates": [630235.47, 5219314.89]}}, {"type": "Feature", "properties": {"target_id": "T1141", "type": "row_gap", "vineyard_id": "V31", "row_id": "V31-R22", "gap_m": 12.36, "x": 630229.63, "y": 5219305.8}, "geometry": {"type": "Point", "coordinates": [630229.63, 5219305.8]}}, {"type": "Feature", "properties": {"target_id": "T1142", "type": "row_gap", "vineyard_id": "V31", "row_id": "V31-R21", "gap_m": 6.64, "x": 630237.58, "y": 5219322.8}, "geometry": {"type": "Point", "coordinates": [630237.58, 5219322.8]}}, {"type": "Feature", "properties": {"target_id": "T1143", "type": "row_gap", "vineyard_id": "V31", "row_id": "V31-R21", "gap_m": 11.9, "x": 630229.99, "y": 5219311.01}, "geometry": {"type": "Point", "coordinates": [630229.99, 5219311.01]}}, {"type": "Feature", "properties": {"target_id": "T1144", "type": "row_gap", "vineyard_id": "V31", "row_id": "V31-R21", "gap_m": 6.2, "x": 630223.47, "y": 5219300.88}, "geometry": {"type": "Point", "coordinates": [630223.47, 5219300.88]}}, {"type": "Feature", "properties": {"target_id": "T1145", "type": "row_gap", "vineyard_id": "V31", "row_id": "V31-R15", "gap_m": 16.75, "x": 630252.35, "y": 5219371.5}, "geometry": {"type": "Point", "coordinates": [630252.35, 5219371.5]}}, {"type": "Feature", "properties": {"target_id": "T1146", "type": "row_gap", "vineyard_id": "V31", "row_id": "V31-R15", "gap_m": 5.37, "x": 630213.89, "y": 5219310.81}, "geometry": {"type": "Point", "coordinates": [630213.89, 5219310.81]}}, {"type": "Feature", "properties": {"target_id": "T1147", "type": "row_gap", "vineyard_id": "V31", "row_id": "V31-R14", "gap_m": 5.14, "x": 630223.06, "y": 5219330.72}, "geometry": {"type": "Point", "coordinates": [630223.06, 5219330.72]}}, {"type": "Feature", "properties": {"target_id": "T1148", "type": "row_gap", "vineyard_id": "V31", "row_id": "V31-R13", "gap_m": 5.96, "x": 630225.89, "y": 5219340.51}, "geometry": {"type": "Point", "coordinates": [630225.89, 5219340.51]}}, {"type": "Feature", "properties": {"target_id": "T1149", "type": "row_gap", "vineyard_id": "V31", "row_id": "V31-R13", "gap_m": 8.97, "x": 630242.94, "y": 5219366.79}, "geometry": {"type": "Point", "coordinates": [630242.94, 5219366.79]}}, {"type": "Feature", "properties": {"target_id": "T1150", "type": "row_gap", "vineyard_id": "V31", "row_id": "V31-R12", "gap_m": 5.47, "x": 630242.02, "y": 5219372.61}, "geometry": {"type": "Point", "coordinates": [630242.02, 5219372.61]}}, {"type": "Feature", "properties": {"target_id": "T1151", "type": "row_gap", "vineyard_id": "V31", "row_id": "V31-R12", "gap_m": 9.54, "x": 630235.81, "y": 5219362.39}, "geometry": {"type": "Point", "coordinates": [630235.81, 5219362.39]}}, {"type": "Feature", "properties": {"target_id": "T1152", "type": "row_gap", "vineyard_id": "V31", "row_id": "V31-R12", "gap_m": 12.69, "x": 630228.42, "y": 5219350.24}, "geometry": {"type": "Point", "coordinates": [630228.42, 5219350.24]}}, {"type": "Feature", "properties": {"target_id": "T1153", "type": "row_gap", "vineyard_id": "V44", "row_id": "V44-R02", "gap_m": 5.37, "x": 630328.08, "y": 5219344.92}, "geometry": {"type": "Point", "coordinates": [630328.08, 5219344.92]}}, {"type": "Feature", "properties": {"target_id": "T1154", "type": "row_gap", "vineyard_id": "V44", "row_id": "V44-R02", "gap_m": 7.73, "x": 630333.55, "y": 5219353.89}, "geometry": {"type": "Point", "coordinates": [630333.55, 5219353.89]}}, {"type": "Feature", "properties": {"target_id": "T1155", "type": "row_gap", "vineyard_id": "V44", "row_id": "V44-R02", "gap_m": 5.11, "x": 630337.75, "y": 5219360.78}, "geometry": {"type": "Point", "coordinates": [630337.75, 5219360.78]}}, {"type": "Feature", "properties": {"target_id": "T1156", "type": "row_gap", "vineyard_id": "V38", "row_id": "V38-R04", "gap_m": 8.75, "x": 630263.38, "y": 5219289.51}, "geometry": {"type": "Point", "coordinates": [630263.38, 5219289.51]}}, {"type": "Feature", "properties": {"target_id": "T1157", "type": "row_gap", "vineyard_id": "V38", "row_id": "V38-R04", "gap_m": 7.07, "x": 630258.23, "y": 5219281.55}, "geometry": {"type": "Point", "coordinates": [630258.23, 5219281.55]}}, {"type": "Feature", "properties": {"target_id": "T1158", "type": "row_gap", "vineyard_id": "V60", "row_id": "V60-R03", "gap_m": 5.59, "x": 630370.05, "y": 5219374.14}, "geometry": {"type": "Point", "coordinates": [630370.05, 5219374.14]}}, {"type": "Feature", "properties": {"target_id": "T1159", "type": "row_gap", "vineyard_id": "V60", "row_id": "V60-R01", "gap_m": 12.75, "x": 630365.96, "y": 5219373.24}, "geometry": {"type": "Point", "coordinates": [630365.96, 5219373.24]}}, {"type": "Feature", "properties": {"target_id": "T1160", "type": "row_gap", "vineyard_id": "V27", "row_id": "V27-R01", "gap_m": 42.14, "x": 630355.2, "y": 5219360.37}, "geometry": {"type": "Point", "coordinates": [630355.2, 5219360.37]}}, {"type": "Feature", "properties": {"target_id": "T1161", "type": "row_gap", "vineyard_id": "V44", "row_id": "V44-R03", "gap_m": 9.08, "x": 630328.7, "y": 5219340.65}, "geometry": {"type": "Point", "coordinates": [630328.7, 5219340.65]}}, {"type": "Feature", "properties": {"target_id": "T1162", "type": "row_gap", "vineyard_id": "V44", "row_id": "V44-R03", "gap_m": 18.47, "x": 630336.54, "y": 5219353.06}, "geometry": {"type": "Point", "coordinates": [630336.54, 5219353.06]}}, {"type": "Feature", "properties": {"target_id": "T1163", "type": "row_gap", "vineyard_id": "V50", "row_id": "V50-R05", "gap_m": 37.51, "x": 630146.64, "y": 5219292.51}, "geometry": {"type": "Point", "coordinates": [630146.64, 5219292.51]}}, {"type": "Feature", "properties": {"target_id": "T1164", "type": "row_gap", "vineyard_id": "V50", "row_id": "V50-R03", "gap_m": 5.21, "x": 630129.02, "y": 5219298.86}, "geometry": {"type": "Point", "coordinates": [630129.02, 5219298.86]}}, {"type": "Feature", "properties": {"target_id": "T1165", "type": "row_gap", "vineyard_id": "V50", "row_id": "V50-R03", "gap_m": 20.41, "x": 630140.52, "y": 5219286.56}, "geometry": {"type": "Point", "coordinates": [630140.52, 5219286.56]}}, {"type": "Feature", "properties": {"target_id": "T1166", "type": "row_gap", "vineyard_id": "V31", "row_id": "V31-R08", "gap_m": 18.22, "x": 630199.38, "y": 5219315.95}, "geometry": {"type": "Point", "coordinates": [630199.38, 5219315.95]}}, {"type": "Feature", "properties": {"target_id": "T1167", "type": "row_gap", "vineyard_id": "V31", "row_id": "V31-R10", "gap_m": 23.01, "x": 630210.31, "y": 5219306.19}, "geometry": {"type": "Point", "coordinates": [630210.31, 5219306.19]}}, {"type": "Feature", "properties": {"target_id": "T1168", "type": "row_gap", "vineyard_id": "V31", "row_id": "V31-R10", "gap_m": 7.82, "x": 630197.41, "y": 5219314.63}, "geometry": {"type": "Point", "coordinates": [630197.41, 5219314.63]}}, {"type": "Feature", "properties": {"target_id": "T1169", "type": "row_gap", "vineyard_id": "V31", "row_id": "V31-R10", "gap_m": 15.18, "x": 630187.78, "y": 5219320.93}, "geometry": {"type": "Point", "coordinates": [630187.78, 5219320.93]}}, {"type": "Feature", "properties": {"target_id": "T1170", "type": "row_gap", "vineyard_id": "V33", "row_id": "V33-R17", "gap_m": 5.35, "x": 630221.83, "y": 5219273.27}, "geometry": {"type": "Point", "coordinates": [630221.83, 5219273.27]}}, {"type": "Feature", "properties": {"target_id": "T1171", "type": "row_gap", "vineyard_id": "V33", "row_id": "V33-R14", "gap_m": 31.66, "x": 630201.83, "y": 5219279.33}, "geometry": {"type": "Point", "coordinates": [630201.83, 5219279.33]}}, {"type": "Feature", "properties": {"target_id": "T1172", "type": "row_gap", "vineyard_id": "V33", "row_id": "V33-R11", "gap_m": 12.09, "x": 630188.05, "y": 5219281.81}, "geometry": {"type": "Point", "coordinates": [630188.05, 5219281.81]}}, {"type": "Feature", "properties": {"target_id": "T1173", "type": "row_gap", "vineyard_id": "V33", "row_id": "V33-R11", "gap_m": 9.35, "x": 630202.09, "y": 5219270.74}, "geometry": {"type": "Point", "coordinates": [630202.09, 5219270.74]}}, {"type": "Feature", "properties": {"target_id": "T1174", "type": "row_gap", "vineyard_id": "V33", "row_id": "V33-R11", "gap_m": 9.14, "x": 630217.46, "y": 5219258.69}, "geometry": {"type": "Point", "coordinates": [630217.46, 5219258.69]}}, {"type": "Feature", "properties": {"target_id": "T1175", "type": "row_gap", "vineyard_id": "V33", "row_id": "V33-R10", "gap_m": 12.7, "x": 630188.0, "y": 5219280.32}, "geometry": {"type": "Point", "coordinates": [630188.0, 5219280.32]}}, {"type": "Feature", "properties": {"target_id": "T1176", "type": "row_gap", "vineyard_id": "V33", "row_id": "V33-R08", "gap_m": 6.3, "x": 630187.43, "y": 5219275.48}, "geometry": {"type": "Point", "coordinates": [630187.43, 5219275.48]}}, {"type": "Feature", "properties": {"target_id": "T1177", "type": "row_gap", "vineyard_id": "V33", "row_id": "V33-R08", "gap_m": 5.92, "x": 630192.27, "y": 5219271.74}, "geometry": {"type": "Point", "coordinates": [630192.27, 5219271.74]}}, {"type": "Feature", "properties": {"target_id": "T1178", "type": "row_gap", "vineyard_id": "V33", "row_id": "V33-R08", "gap_m": 12.35, "x": 630199.48, "y": 5219266.14}, "geometry": {"type": "Point", "coordinates": [630199.48, 5219266.14]}}, {"type": "Feature", "properties": {"target_id": "T1179", "type": "row_gap", "vineyard_id": "V33", "row_id": "V33-R08", "gap_m": 6.62, "x": 630207.78, "y": 5219259.65}, "geometry": {"type": "Point", "coordinates": [630207.78, 5219259.65]}}, {"type": "Feature", "properties": {"target_id": "T1180", "type": "row_gap", "vineyard_id": "V33", "row_id": "V33-R05", "gap_m": 5.81, "x": 630174.17, "y": 5219278.76}, "geometry": {"type": "Point", "coordinates": [630174.17, 5219278.76]}}, {"type": "Feature", "properties": {"target_id": "T1181", "type": "row_gap", "vineyard_id": "V47", "row_id": "V47-R04", "gap_m": 14.52, "x": 630294.89, "y": 5219271.86}, "geometry": {"type": "Point", "coordinates": [630294.89, 5219271.86]}}, {"type": "Feature", "properties": {"target_id": "T1182", "type": "row_gap", "vineyard_id": "V47", "row_id": "V47-R04", "gap_m": 8.43, "x": 630287.47, "y": 5219261.4}, "geometry": {"type": "Point", "coordinates": [630287.47, 5219261.4]}}, {"type": "Feature", "properties": {"target_id": "T1183", "type": "row_gap", "vineyard_id": "V47", "row_id": "V47-R03", "gap_m": 10.36, "x": 630302.12, "y": 5219285.69}, "geometry": {"type": "Point", "coordinates": [630302.12, 5219285.69]}}, {"type": "Feature", "properties": {"target_id": "T1184", "type": "row_gap", "vineyard_id": "V47", "row_id": "V47-R03", "gap_m": 8.55, "x": 630288.36, "y": 5219266.77}, "geometry": {"type": "Point", "coordinates": [630288.36, 5219266.77]}}, {"type": "Feature", "properties": {"target_id": "T1185", "type": "row_gap", "vineyard_id": "V47", "row_id": "V47-R03", "gap_m": 7.62, "x": 630281.85, "y": 5219257.78}, "geometry": {"type": "Point", "coordinates": [630281.85, 5219257.78]}}, {"type": "Feature", "properties": {"target_id": "T1186", "type": "row_gap", "vineyard_id": "V32", "row_id": "V32-R05", "gap_m": 12.38, "x": 630296.69, "y": 5219298.25}, "geometry": {"type": "Point", "coordinates": [630296.69, 5219298.25]}}, {"type": "Feature", "properties": {"target_id": "T1187", "type": "row_gap", "vineyard_id": "V32", "row_id": "V32-R05", "gap_m": 8.04, "x": 630291.03, "y": 5219289.75}, "geometry": {"type": "Point", "coordinates": [630291.03, 5219289.75]}}, {"type": "Feature", "properties": {"target_id": "T1188", "type": "row_gap", "vineyard_id": "V32", "row_id": "V32-R03", "gap_m": 7.61, "x": 630270.1, "y": 5219269.81}, "geometry": {"type": "Point", "coordinates": [630270.1, 5219269.81]}}, {"type": "Feature", "properties": {"target_id": "T1189", "type": "row_gap", "vineyard_id": "V32", "row_id": "V32-R02", "gap_m": 6.05, "x": 630263.35, "y": 5219263.85}, "geometry": {"type": "Point", "coordinates": [630263.35, 5219263.85]}}, {"type": "Feature", "properties": {"target_id": "T1190", "type": "row_gap", "vineyard_id": "V32", "row_id": "V32-R02", "gap_m": 8.3, "x": 630272.85, "y": 5219278.73}, "geometry": {"type": "Point", "coordinates": [630272.85, 5219278.73]}}, {"type": "Feature", "properties": {"target_id": "T1191", "type": "row_gap", "vineyard_id": "V32", "row_id": "V32-R02", "gap_m": 6.82, "x": 630293.06, "y": 5219310.38}, "geometry": {"type": "Point", "coordinates": [630293.06, 5219310.38]}}, {"type": "Feature", "properties": {"target_id": "T1192", "type": "row_gap", "vineyard_id": "V44", "row_id": "V44-R04", "gap_m": 5.86, "x": 630345.6, "y": 5219319.45}, "geometry": {"type": "Point", "coordinates": [630345.6, 5219319.45]}}, {"type": "Feature", "properties": {"target_id": "T1193", "type": "row_gap", "vineyard_id": "V43", "row_id": "V43-R05", "gap_m": 48.04, "x": 630196.94, "y": 5219244.93}, "geometry": {"type": "Point", "coordinates": [630196.94, 5219244.93]}}, {"type": "Feature", "properties": {"target_id": "T1194", "type": "row_gap", "vineyard_id": "V33", "row_id": "V33-R15", "gap_m": 6.0, "x": 630219.1, "y": 5219271.65}, "geometry": {"type": "Point", "coordinates": [630219.1, 5219271.65]}}, {"type": "Feature", "properties": {"target_id": "T1195", "type": "row_gap", "vineyard_id": "V33", "row_id": "V33-R09", "gap_m": 8.29, "x": 630200.71, "y": 5219268.63}, "geometry": {"type": "Point", "coordinates": [630200.71, 5219268.63]}}, {"type": "Feature", "properties": {"target_id": "T1196", "type": "row_gap", "vineyard_id": "V33", "row_id": "V33-R09", "gap_m": 11.79, "x": 630210.88, "y": 5219260.66}, "geometry": {"type": "Point", "coordinates": [630210.88, 5219260.66]}}, {"type": "Feature", "properties": {"target_id": "T1197", "type": "row_gap", "vineyard_id": "V33", "row_id": "V33-R09", "gap_m": 5.7, "x": 630233.9, "y": 5219242.63}, "geometry": {"type": "Point", "coordinates": [630233.9, 5219242.63]}}, {"type": "Feature", "properties": {"target_id": "T1198", "type": "row_gap", "vineyard_id": "V43", "row_id": "V43-R04", "gap_m": 7.52, "x": 630203.32, "y": 5219231.71}, "geometry": {"type": "Point", "coordinates": [630203.32, 5219231.71]}}, {"type": "Feature", "properties": {"target_id": "T1199", "type": "row_gap", "vineyard_id": "V43", "row_id": "V43-R04", "gap_m": 5.45, "x": 630194.93, "y": 5219238.23}, "geometry": {"type": "Point", "coordinates": [630194.93, 5219238.23]}}, {"type": "Feature", "properties": {"target_id": "T1200", "type": "row_gap", "vineyard_id": "V43", "row_id": "V43-R03", "gap_m": 7.97, "x": 630202.88, "y": 5219228.49}, "geometry": {"type": "Point", "coordinates": [630202.88, 5219228.49]}}, {"type": "Feature", "properties": {"target_id": "T1201", "type": "row_gap", "vineyard_id": "V43", "row_id": "V43-R03", "gap_m": 6.26, "x": 630196.7, "y": 5219233.38}, "geometry": {"type": "Point", "coordinates": [630196.7, 5219233.38]}}, {"type": "Feature", "properties": {"target_id": "T1202", "type": "row_gap", "vineyard_id": "V43", "row_id": "V43-R03", "gap_m": 15.16, "x": 630180.56, "y": 5219246.17}, "geometry": {"type": "Point", "coordinates": [630180.56, 5219246.17]}}, {"type": "Feature", "properties": {"target_id": "T1203", "type": "row_gap", "vineyard_id": "V33", "row_id": "V33-R06", "gap_m": 5.4, "x": 630223.43, "y": 5219243.74}, "geometry": {"type": "Point", "coordinates": [630223.43, 5219243.74]}}, {"type": "Feature", "properties": {"target_id": "T1204", "type": "row_gap", "vineyard_id": "V47", "row_id": "V47-R05", "gap_m": 9.35, "x": 630286.07, "y": 5219255.35}, "geometry": {"type": "Point", "coordinates": [630286.07, 5219255.35]}}, {"type": "Feature", "properties": {"target_id": "T1205", "type": "row_gap", "vineyard_id": "V47", "row_id": "V47-R02", "gap_m": 5.41, "x": 630281.41, "y": 5219261.55}, "geometry": {"type": "Point", "coordinates": [630281.41, 5219261.55]}}, {"type": "Feature", "properties": {"target_id": "T1206", "type": "row_gap", "vineyard_id": "V47", "row_id": "V47-R01", "gap_m": 20.41, "x": 630283.21, "y": 5219268.02}, "geometry": {"type": "Point", "coordinates": [630283.21, 5219268.02]}}, {"type": "Feature", "properties": {"target_id": "T1207", "type": "row_gap", "vineyard_id": "V43", "row_id": "V43-R01", "gap_m": 18.37, "x": 630211.19, "y": 5219220.34}, "geometry": {"type": "Point", "coordinates": [630211.19, 5219220.34]}}]}