{
  "type": "FeatureCollection",
  "name": "siret3_walking_route",
  "crs": {
    "type": "name",
    "properties": {
      "name": "urn:ogc:def:crs:EPSG::32635"
    }
  },
  "features": [
    {
      "type": "Feature",
      "properties": {
        "name": "WALKING_ROUTE",
        "length_m": 26844.14,
        "targets_total": 1207,
        "targets_visited": 463,
        "coverage_pct": 38.4,
        "crs": "EPSG:32635"
      },
      "geometry": {
        "type": "LineString",
        "coordinates": [
          [
            629504.7,
            5220250.75
          ],
          [
            629505.14,
            5220251.21
          ],
          [
            629505.57,
            5220250.86
          ],
          [
            629506.06,
            5220249.54
          ],
          [
            629504.68,
            5220248.77
          ],
          [
            629503.87,
            5220246.16
          ],
          [
            629504.88,
            5220243.75
          ],
          [
            629506.91,
            5220242.97
          ],
          [
            629506.42,
            5220240.35
          ],
          [
            629506.58,
            5220239.76
          ],
          [
            629508.1,
            5220237.58
          ],
          [
            629510.44,
            5220236.01
          ],
          [
            629514.39,
            5220226.95
          ],
          [
            629512.77,
            5220225.81
          ],
          [
            629515.74,
            5220221.89
          ],
          [
            629518.72,
            5220217.96
          ],
          [
            629521.69,
            5220214.04
          ],
          [
            629524.66,
            5220210.12
          ],
          [
            629527.64,
            5220206.2
          ],
          [
            629530.61,
            5220202.27
          ],
          [
            629533.59,
            5220198.35
          ],
          [
            629534.28,
            5220198.84
          ],
          [
            629542.91,
            5220188.36
          ],
          [
            629545.33,
            5220186.67
          ],
          [
            629547.27,
            5220182.21
          ],
          [
            629549.69,
            5220180.5
          ],
          [
            629551.62,
            5220176.05
          ],
          [
            629554.06,
            5220174.34
          ],
          [
            629555.97,
            5220169.9
          ],
          [
            629558.42,
            5220168.17
          ],
          [
            629559.48,
            5220164.94
          ],
          [
            629563.24,
            5220159.09
          ],
          [
            629563.24,
            5220159.09
          ],
          [
            629566.27,
            5220155.14
          ],
          [
            629569.3,
            5220151.18
          ],
          [
            629572.34,
            5220147.23
          ],
          [
            629575.37,
            5220143.27
          ],
          [
            629578.4,
            5220139.32
          ],
          [
            629581.43,
            5220135.36
          ],
          [
            629584.46,
            5220131.41
          ],
          [
            629587.49,
            5220127.45
          ],
          [
            629590.52,
            5220123.5
          ],
          [
            629593.56,
            5220119.54
          ],
          [
            629596.59,
            5220115.59
          ],
          [
            629599.62,
            5220111.63
          ],
          [
            629602.65,
            5220107.68
          ],
          [
            629605.68,
            5220103.72
          ],
          [
            629605.38,
            5220103.51
          ],
          [
            629605.59,
            5220101.48
          ],
          [
            629607.35,
            5220100.72
          ],
          [
            629607.83,
            5220101.06
          ],
          [
            629610.45,
            5220097.59
          ],
          [
            629613.06,
            5220094.11
          ],
          [
            629615.68,
            5220090.63
          ],
          [
            629618.3,
            5220087.15
          ],
          [
            629620.91,
            5220083.68
          ],
          [
            629623.53,
            5220080.2
          ],
          [
            629623.53,
            5220080.2
          ],
          [
            629622.98,
            5220075.16
          ],
          [
            629625.36,
            5220073.53
          ],
          [
            629627.26,
            5220069.12
          ],
          [
            629629.58,
            5220067.56
          ],
          [
            629631.53,
            5220063.08
          ],
          [
            629633.81,
            5220061.58
          ],
          [
            629635.8,
            5220057.04
          ],
          [
            629638.04,
            5220055.61
          ],
          [
            629640.82,
            5220051.67
          ],
          [
            629638.04,
            5220055.61
          ],
          [
            629635.8,
            5220057.04
          ],
          [
            629633.81,
            5220061.58
          ],
          [
            629631.53,
            5220063.08
          ],
          [
            629629.58,
            5220067.56
          ],
          [
            629627.26,
            5220069.12
          ],
          [
            629625.36,
            5220073.53
          ],
          [
            629622.98,
            5220075.16
          ],
          [
            629623.53,
            5220080.2
          ],
          [
            629624.86,
            5220080.48
          ],
          [
            629628.52,
            5220082.43
          ],
          [
            629628.38,
            5220082.97
          ],
          [
            629625.44,
            5220086.82
          ],
          [
            629622.49,
            5220090.67
          ],
          [
            629619.55,
            5220094.52
          ],
          [
            629616.6,
            5220098.37
          ],
          [
            629613.66,
            5220102.22
          ],
          [
            629610.71,
            5220106.07
          ],
          [
            629607.77,
            5220109.92
          ],
          [
            629604.82,
            5220113.77
          ],
          [
            629601.88,
            5220117.63
          ],
          [
            629598.93,
            5220121.48
          ],
          [
            629595.99,
            5220125.33
          ],
          [
            629593.04,
            5220129.18
          ],
          [
            629590.1,
            5220133.03
          ],
          [
            629587.16,
            5220136.88
          ],
          [
            629584.21,
            5220140.73
          ],
          [
            629581.27,
            5220144.58
          ],
          [
            629578.32,
            5220148.43
          ],
          [
            629575.38,
            5220152.28
          ],
          [
            629572.43,
            5220156.13
          ],
          [
            629569.49,
            5220159.98
          ],
          [
            629572.22,
            5220160.9
          ],
          [
            629574.45,
            5220162.62
          ],
          [
            629577.43,
            5220158.72
          ],
          [
            629580.41,
            5220154.83
          ],
          [
            629583.38,
            5220150.93
          ],
          [
            629586.36,
            5220147.04
          ],
          [
            629589.34,
            5220143.14
          ],
          [
            629592.31,
            5220139.25
          ],
          [
            629595.29,
            5220135.35
          ],
          [
            629598.27,
            5220131.46
          ],
          [
            629601.25,
            5220127.56
          ],
          [
            629604.22,
            5220123.67
          ],
          [
            629607.2,
            5220119.77
          ],
          [
            629610.18,
            5220115.88
          ],
          [
            629613.15,
            5220111.98
          ],
          [
            629616.13,
            5220108.09
          ],
          [
            629619.11,
            5220104.19
          ],
          [
            629622.09,
            5220100.3
          ],
          [
            629625.06,
            5220096.4
          ],
          [
            629628.04,
            5220092.51
          ],
          [
            629631.02,
            5220088.61
          ],
          [
            629633.99,
            5220084.72
          ],
          [
            629634.21,
            5220083.85
          ],
          [
            629637.86,
            5220082.7
          ],
          [
            629643.75,
            5220083.14
          ],
          [
            629644.6,
            5220079.75
          ],
          [
            629641.89,
            5220078.92
          ],
          [
            629644.68,
            5220075.26
          ],
          [
            629647.47,
            5220071.6
          ],
          [
            629650.26,
            5220067.94
          ],
          [
            629653.06,
            5220064.28
          ],
          [
            629655.85,
            5220060.63
          ],
          [
            629658.64,
            5220056.97
          ],
          [
            629661.43,
            5220053.31
          ],
          [
            629664.22,
            5220049.65
          ],
          [
            629661.43,
            5220053.31
          ],
          [
            629658.64,
            5220056.97
          ],
          [
            629655.85,
            5220060.63
          ],
          [
            629653.06,
            5220064.28
          ],
          [
            629650.26,
            5220067.94
          ],
          [
            629647.47,
            5220071.6
          ],
          [
            629644.68,
            5220075.26
          ],
          [
            629641.89,
            5220078.92
          ],
          [
            629644.6,
            5220079.75
          ],
          [
            629647.19,
            5220081.11
          ],
          [
            629650.12,
            5220077.29
          ],
          [
            629653.05,
            5220073.47
          ],
          [
            629655.98,
            5220069.65
          ],
          [
            629658.91,
            5220065.83
          ],
          [
            629661.84,
            5220062.01
          ],
          [
            629664.77,
            5220058.19
          ],
          [
            629667.7,
            5220054.37
          ],
          [
            629670.63,
            5220050.55
          ],
          [
            629673.56,
            5220046.72
          ],
          [
            629675.81,
            5220048.45
          ],
          [
            629672.95,
            5220052.19
          ],
          [
            629670.09,
            5220055.92
          ],
          [
            629667.24,
            5220059.65
          ],
          [
            629664.38,
            5220063.38
          ],
          [
            629661.52,
            5220067.11
          ],
          [
            629658.66,
            5220070.84
          ],
          [
            629655.8,
            5220074.57
          ],
          [
            629652.94,
            5220078.3
          ],
          [
            629650.08,
            5220082.03
          ],
          [
            629649.45,
            5220084.57
          ],
          [
            629650.29,
            5220086.84
          ],
          [
            629652.74,
            5220085.39
          ],
          [
            629653.56,
            5220082.12
          ],
          [
            629656.46,
            5220078.33
          ],
          [
            629659.36,
            5220074.55
          ],
          [
            629662.26,
            5220070.76
          ],
          [
            629665.16,
            5220066.98
          ],
          [
            629668.06,
            5220063.19
          ],
          [
            629670.96,
            5220059.41
          ],
          [
            629673.86,
            5220055.62
          ],
          [
            629676.76,
            5220051.84
          ],
          [
            629679.66,
            5220048.05
          ],
          [
            629682.18,
            5220049.23
          ],
          [
            629684.37,
            5220050.92
          ],
          [
            629681.56,
            5220054.59
          ],
          [
            629678.74,
            5220058.25
          ],
          [
            629675.93,
            5220061.92
          ],
          [
            629673.12,
            5220065.59
          ],
          [
            629670.3,
            5220069.26
          ],
          [
            629667.49,
            5220072.93
          ],
          [
            629664.67,
            5220076.6
          ],
          [
            629661.86,
            5220080.27
          ],
          [
            629659.05,
            5220083.94
          ],
          [
            629658.34,
            5220086.79
          ],
          [
            629657.91,
            5220088.74
          ],
          [
            629654.45,
            5220088.91
          ],
          [
            629654.02,
            5220090.64
          ],
          [
            629651.06,
            5220094.52
          ],
          [
            629648.1,
            5220098.39
          ],
          [
            629645.14,
            5220102.27
          ],
          [
            629642.18,
            5220106.15
          ],
          [
            629639.22,
            5220110.02
          ],
          [
            629636.26,
            5220113.9
          ],
          [
            629639.22,
            5220110.02
          ],
          [
            629642.18,
            5220106.15
          ],
          [
            629645.14,
            5220102.27
          ],
          [
            629648.1,
            5220098.39
          ],
          [
            629651.06,
            5220094.52
          ],
          [
            629654.02,
            5220090.64
          ],
          [
            629654.45,
            5220088.91
          ],
          [
            629660.71,
            5220088.41
          ],
          [
            629663.49,
            5220088.08
          ],
          [
            629663.84,
            5220086.68
          ],
          [
            629666.71,
            5220082.93
          ],
          [
            629669.59,
            5220079.18
          ],
          [
            629672.46,
            5220075.43
          ],
          [
            629675.33,
            5220071.68
          ],
          [
            629678.21,
            5220067.94
          ],
          [
            629681.08,
            5220064.19
          ],
          [
            629683.95,
            5220060.44
          ],
          [
            629686.83,
            5220056.69
          ],
          [
            629689.7,
            5220052.95
          ],
          [
            629692.57,
            5220049.2
          ],
          [
            629695.45,
            5220045.45
          ],
          [
            629695.45,
            5220045.45
          ],
          [
            629700.43,
            5220045.25
          ],
          [
            629702.28,
            5220043.43
          ],
          [
            629703.5,
            5220040.79
          ],
          [
            629707.48,
            5220038.23
          ],
          [
            629708.7,
            5220035.59
          ],
          [
            629712.68,
            5220033.03
          ],
          [
            629713.9,
            5220030.39
          ],
          [
            629717.88,
            5220027.83
          ],
          [
            629719.1,
            5220025.19
          ],
          [
            629723.08,
            5220022.63
          ],
          [
            629724.3,
            5220019.99
          ],
          [
            629728.27,
            5220017.43
          ],
          [
            629729.5,
            5220014.79
          ],
          [
            629733.47,
            5220012.23
          ],
          [
            629734.71,
            5220010.21
          ],
          [
            629736.96,
            5220007.69
          ],
          [
            629739.8,
            5220008.26
          ],
          [
            629742.16,
            5220009.96
          ],
          [
            629746.92,
            5220010.25
          ],
          [
            629744.45,
            5220011.64
          ],
          [
            629744.22,
            5220012.44
          ],
          [
            629741.22,
            5220016.39
          ],
          [
            629744.22,
            5220012.44
          ],
          [
            629744.45,
            5220011.64
          ],
          [
            629736.96,
            5220007.69
          ],
          [
            629736.78,
            5220010.34
          ],
          [
            629737.69,
            5220011.26
          ],
          [
            629734.67,
            5220015.24
          ],
          [
            629737.69,
            5220011.26
          ],
          [
            629736.78,
            5220010.34
          ],
          [
            629734.71,
            5220009.59
          ],
          [
            629734.71,
            5220010.21
          ],
          [
            629734.71,
            5220010.21
          ],
          [
            629731.73,
            5220014.16
          ],
          [
            629728.74,
            5220018.1
          ],
          [
            629725.75,
            5220022.05
          ],
          [
            629722.77,
            5220026.0
          ],
          [
            629719.78,
            5220029.94
          ],
          [
            629716.79,
            5220033.89
          ],
          [
            629713.81,
            5220037.84
          ],
          [
            629710.82,
            5220041.79
          ],
          [
            629707.84,
            5220045.73
          ],
          [
            629704.85,
            5220049.68
          ],
          [
            629701.86,
            5220053.63
          ],
          [
            629698.88,
            5220057.57
          ],
          [
            629695.89,
            5220061.52
          ],
          [
            629692.9,
            5220065.47
          ],
          [
            629689.92,
            5220069.41
          ],
          [
            629686.93,
            5220073.36
          ],
          [
            629683.94,
            5220077.31
          ],
          [
            629680.96,
            5220081.25
          ],
          [
            629677.97,
            5220085.2
          ],
          [
            629674.99,
            5220089.15
          ],
          [
            629674.56,
            5220090.84
          ],
          [
            629683.56,
            5220094.13
          ],
          [
            629686.1,
            5220093.73
          ],
          [
            629686.15,
            5220093.53
          ],
          [
            629689.15,
            5220089.56
          ],
          [
            629692.16,
            5220085.58
          ],
          [
            629695.17,
            5220081.61
          ],
          [
            629698.18,
            5220077.64
          ],
          [
            629695.17,
            5220081.61
          ],
          [
            629692.16,
            5220085.58
          ],
          [
            629689.15,
            5220089.56
          ],
          [
            629686.15,
            5220093.53
          ],
          [
            629686.1,
            5220093.73
          ],
          [
            629691.18,
            5220096.03
          ],
          [
            629692.43,
            5220095.31
          ],
          [
            629692.8,
            5220093.86
          ],
          [
            629695.7,
            5220090.03
          ],
          [
            629698.61,
            5220086.21
          ],
          [
            629701.52,
            5220082.38
          ],
          [
            629698.61,
            5220086.21
          ],
          [
            629695.7,
            5220090.03
          ],
          [
            629692.8,
            5220093.86
          ],
          [
            629692.43,
            5220095.31
          ],
          [
            629691.18,
            5220096.03
          ],
          [
            629695.06,
            5220095.97
          ],
          [
            629695.14,
            5220095.66
          ],
          [
            629698.14,
            5220091.69
          ],
          [
            629701.14,
            5220087.72
          ],
          [
            629704.14,
            5220083.75
          ],
          [
            629707.14,
            5220079.78
          ],
          [
            629710.14,
            5220075.81
          ],
          [
            629713.14,
            5220071.85
          ],
          [
            629716.14,
            5220067.88
          ],
          [
            629719.14,
            5220063.91
          ],
          [
            629722.14,
            5220059.94
          ],
          [
            629725.14,
            5220055.97
          ],
          [
            629728.14,
            5220052.0
          ],
          [
            629731.14,
            5220048.03
          ],
          [
            629734.14,
            5220044.06
          ],
          [
            629737.14,
            5220040.09
          ],
          [
            629740.14,
            5220036.12
          ],
          [
            629743.13,
            5220032.16
          ],
          [
            629746.13,
            5220028.19
          ],
          [
            629749.13,
            5220024.22
          ],
          [
            629752.13,
            5220020.25
          ],
          [
            629755.13,
            5220016.28
          ],
          [
            629755.56,
            5220014.74
          ],
          [
            629763.38,
            5220015.88
          ],
          [
            629766.69,
            5220017.84
          ],
          [
            629770.45,
            5220017.85
          ],
          [
            629772.66,
            5220019.51
          ],
          [
            629771.88,
            5220022.33
          ],
          [
            629768.89,
            5220026.24
          ],
          [
            629765.91,
            5220030.16
          ],
          [
            629762.93,
            5220034.07
          ],
          [
            629765.91,
            5220030.16
          ],
          [
            629768.89,
            5220026.24
          ],
          [
            629771.88,
            5220022.33
          ],
          [
            629774.47,
            5220023.63
          ],
          [
            629777.07,
            5220024.89
          ],
          [
            629774.17,
            5220028.69
          ],
          [
            629771.27,
            5220032.5
          ],
          [
            629768.37,
            5220036.3
          ],
          [
            629765.46,
            5220040.11
          ],
          [
            629762.56,
            5220043.91
          ],
          [
            629759.66,
            5220047.71
          ],
          [
            629756.76,
            5220051.52
          ],
          [
            629753.86,
            5220055.32
          ],
          [
            629750.96,
            5220059.12
          ],
          [
            629748.06,
            5220062.93
          ],
          [
            629745.15,
            5220066.73
          ],
          [
            629742.25,
            5220070.54
          ],
          [
            629739.35,
            5220074.34
          ],
          [
            629736.45,
            5220078.14
          ],
          [
            629733.55,
            5220081.95
          ],
          [
            629730.65,
            5220085.75
          ],
          [
            629727.75,
            5220089.55
          ],
          [
            629724.84,
            5220093.36
          ],
          [
            629721.94,
            5220097.16
          ],
          [
            629719.04,
            5220100.97
          ],
          [
            629718.81,
            5220101.91
          ],
          [
            629729.26,
            5220105.55
          ],
          [
            629734.34,
            5220106.82
          ],
          [
            629736.63,
            5220108.42
          ],
          [
            629741.96,
            5220108.72
          ],
          [
            629753.43,
            5220110.56
          ],
          [
            629753.74,
            5220109.3
          ],
          [
            629756.3,
            5220105.96
          ],
          [
            629758.85,
            5220102.62
          ],
          [
            629756.3,
            5220105.96
          ],
          [
            629753.74,
            5220109.3
          ],
          [
            629753.43,
            5220110.56
          ],
          [
            629767.35,
            5220115.07
          ],
          [
            629770.21,
            5220116.1
          ],
          [
            629770.21,
            5220116.1
          ],
          [
            629767.2,
            5220120.04
          ],
          [
            629764.18,
            5220123.98
          ],
          [
            629761.17,
            5220127.93
          ],
          [
            629764.18,
            5220123.98
          ],
          [
            629767.2,
            5220120.04
          ],
          [
            629770.21,
            5220116.1
          ],
          [
            629770.21,
            5220116.1
          ],
          [
            629772.42,
            5220116.34
          ],
          [
            629774.72,
            5220117.94
          ],
          [
            629779.79,
            5220119.21
          ],
          [
            629782.58,
            5220118.88
          ],
          [
            629785.76,
            5220119.68
          ],
          [
            629786.14,
            5220120.82
          ],
          [
            629787.31,
            5220120.21
          ],
          [
            629787.13,
            5220121.19
          ],
          [
            629787.75,
            5220120.63
          ],
          [
            629789.3,
            5220121.73
          ],
          [
            629791.58,
            5220119.33
          ],
          [
            629794.65,
            5220118.52
          ],
          [
            629796.65,
            5220114.0
          ],
          [
            629799.6,
            5220113.3
          ],
          [
            629801.25,
            5220111.57
          ],
          [
            629802.45,
            5220110.14
          ],
          [
            629802.58,
            5220107.39
          ],
          [
            629806.18,
            5220105.7
          ],
          [
            629806.53,
            5220102.69
          ],
          [
            629809.9,
            5220101.26
          ],
          [
            629810.47,
            5220097.98
          ],
          [
            629813.55,
            5220096.87
          ],
          [
            629814.42,
            5220093.13
          ],
          [
            629817.47,
            5220091.95
          ],
          [
            629818.7,
            5220087.69
          ],
          [
            629821.66,
            5220086.63
          ],
          [
            629822.98,
            5220082.25
          ],
          [
            629825.85,
            5220081.31
          ],
          [
            629827.26,
            5220076.81
          ],
          [
            629830.04,
            5220075.99
          ],
          [
            629831.41,
            5220074.24
          ],
          [
            629832.85,
            5220072.33
          ],
          [
            629832.95,
            5220069.43
          ],
          [
            629835.8,
            5220065.65
          ],
          [
            629838.56,
            5220064.77
          ],
          [
            629841.41,
            5220060.99
          ],
          [
            629841.51,
            5220058.09
          ],
          [
            629844.36,
            5220054.31
          ],
          [
            629847.12,
            5220053.42
          ],
          [
            629849.98,
            5220049.64
          ],
          [
            629850.07,
            5220046.75
          ],
          [
            629852.92,
            5220042.97
          ],
          [
            629855.68,
            5220042.08
          ],
          [
            629857.2,
            5220037.3
          ],
          [
            629859.96,
            5220036.41
          ],
          [
            629861.4,
            5220034.5
          ],
          [
            629862.94,
            5220032.38
          ],
          [
            629863.13,
            5220029.29
          ],
          [
            629867.53,
            5220026.07
          ],
          [
            629867.72,
            5220022.98
          ],
          [
            629870.78,
            5220018.77
          ],
          [
            629873.65,
            5220017.64
          ],
          [
            629876.72,
            5220013.43
          ],
          [
            629876.9,
            5220010.34
          ],
          [
            629879.96,
            5220006.13
          ],
          [
            629882.84,
            5220005.01
          ],
          [
            629884.55,
            5219999.82
          ],
          [
            629887.43,
            5219998.69
          ],
          [
            629889.14,
            5219993.5
          ],
          [
            629892.02,
            5219992.37
          ],
          [
            629893.73,
            5219987.18
          ],
          [
            629896.61,
            5219986.05
          ],
          [
            629898.32,
            5219980.87
          ],
          [
            629901.21,
            5219979.74
          ],
          [
            629902.75,
            5219977.61
          ],
          [
            629904.24,
            5219975.47
          ],
          [
            629904.36,
            5219972.38
          ],
          [
            629908.69,
            5219969.08
          ],
          [
            629908.81,
            5219965.98
          ],
          [
            629913.13,
            5219962.69
          ],
          [
            629913.26,
            5219959.59
          ],
          [
            629917.58,
            5219956.3
          ],
          [
            629917.71,
            5219953.19
          ],
          [
            629922.03,
            5219949.91
          ],
          [
            629922.16,
            5219946.79
          ],
          [
            629923.7,
            5219944.59
          ],
          [
            629925.24,
            5219942.77
          ],
          [
            629928.03,
            5219942.07
          ],
          [
            629929.72,
            5219937.51
          ],
          [
            629932.51,
            5219936.8
          ],
          [
            629934.2,
            5219932.24
          ],
          [
            629936.99,
            5219931.54
          ],
          [
            629938.68,
            5219926.97
          ],
          [
            629941.47,
            5219926.27
          ],
          [
            629943.17,
            5219921.71
          ],
          [
            629945.95,
            5219921.01
          ],
          [
            629947.65,
            5219916.44
          ],
          [
            629950.43,
            5219915.74
          ],
          [
            629951.96,
            5219913.95
          ],
          [
            629953.26,
            5219912.2
          ],
          [
            629953.21,
            5219909.47
          ],
          [
            629957.07,
            5219907.07
          ],
          [
            629957.03,
            5219904.35
          ],
          [
            629960.89,
            5219901.95
          ],
          [
            629960.84,
            5219899.22
          ],
          [
            629964.7,
            5219896.83
          ],
          [
            629964.66,
            5219894.1
          ],
          [
            629965.97,
            5219892.34
          ],
          [
            629967.36,
            5219890.73
          ],
          [
            629969.99,
            5219890.25
          ],
          [
            629971.42,
            5219886.07
          ],
          [
            629974.05,
            5219885.59
          ],
          [
            629975.48,
            5219881.4
          ],
          [
            629978.11,
            5219880.93
          ],
          [
            629979.54,
            5219876.74
          ],
          [
            629982.17,
            5219876.26
          ],
          [
            629983.54,
            5219874.69
          ],
          [
            629985.21,
            5219872.61
          ],
          [
            629985.57,
            5219869.49
          ],
          [
            629990.15,
            5219866.45
          ],
          [
            629990.54,
            5219863.31
          ],
          [
            629995.1,
            5219860.29
          ],
          [
            629995.5,
            5219857.13
          ],
          [
            630000.05,
            5219854.12
          ],
          [
            630000.46,
            5219850.95
          ],
          [
            630005.0,
            5219847.96
          ],
          [
            630005.42,
            5219844.77
          ],
          [
            630009.94,
            5219841.8
          ],
          [
            630010.38,
            5219838.59
          ],
          [
            630014.89,
            5219835.63
          ],
          [
            630015.34,
            5219832.42
          ],
          [
            630019.84,
            5219829.47
          ],
          [
            630020.3,
            5219826.24
          ],
          [
            630024.78,
            5219823.31
          ],
          [
            630025.26,
            5219820.06
          ],
          [
            630027.09,
            5219817.83
          ],
          [
            630027.41,
            5219817.59
          ],
          [
            630027.93,
            5219817.34
          ],
          [
            630029.94,
            5219818.28
          ],
          [
            630031.11,
            5219816.1
          ],
          [
            630030.59,
            5219813.43
          ],
          [
            630032.6,
            5219812.33
          ],
          [
            630033.05,
            5219811.67
          ],
          [
            630033.9,
            5219810.8
          ],
          [
            630033.09,
            5219808.73
          ],
          [
            630034.21,
            5219806.72
          ],
          [
            630033.57,
            5219805.06
          ],
          [
            630032.5,
            5219802.83
          ],
          [
            630030.5,
            5219800.98
          ],
          [
            630029.35,
            5219796.27
          ],
          [
            630027.36,
            5219794.45
          ],
          [
            630026.2,
            5219789.72
          ],
          [
            630024.22,
            5219787.93
          ],
          [
            630023.04,
            5219783.16
          ],
          [
            630021.09,
            5219781.4
          ],
          [
            630019.02,
            5219777.15
          ],
          [
            630018.88,
            5219774.6
          ],
          [
            630015.93,
            5219770.87
          ],
          [
            630015.78,
            5219768.29
          ],
          [
            630014.72,
            5219766.13
          ],
          [
            630014.66,
            5219766.04
          ],
          [
            630013.05,
            5219764.04
          ],
          [
            630010.68,
            5219762.69
          ],
          [
            630008.34,
            5219758.21
          ],
          [
            630005.98,
            5219756.88
          ],
          [
            630003.01,
            5219753.63
          ],
          [
            630001.57,
            5219752.07
          ],
          [
            630002.19,
            5219750.8
          ],
          [
            629999.9,
            5219749.6
          ],
          [
            629999.77,
            5219749.24
          ],
          [
            629999.38,
            5219748.71
          ],
          [
            629998.53,
            5219750.71
          ],
          [
            629998.92,
            5219751.24
          ],
          [
            629996.34,
            5219756.71
          ],
          [
            629996.56,
            5219756.9
          ],
          [
            629993.5,
            5219760.84
          ],
          [
            629990.44,
            5219764.78
          ],
          [
            629987.38,
            5219768.72
          ],
          [
            629984.32,
            5219772.66
          ],
          [
            629981.26,
            5219776.59
          ],
          [
            629978.2,
            5219780.53
          ],
          [
            629975.14,
            5219784.47
          ],
          [
            629972.08,
            5219788.41
          ],
          [
            629969.02,
            5219792.35
          ],
          [
            629965.95,
            5219796.28
          ],
          [
            629962.89,
            5219800.22
          ],
          [
            629959.83,
            5219804.16
          ],
          [
            629956.77,
            5219808.1
          ],
          [
            629953.71,
            5219812.04
          ],
          [
            629950.65,
            5219815.97
          ],
          [
            629947.59,
            5219819.91
          ],
          [
            629944.53,
            5219823.85
          ],
          [
            629941.47,
            5219827.79
          ],
          [
            629938.41,
            5219831.73
          ],
          [
            629935.34,
            5219835.66
          ],
          [
            629932.28,
            5219839.6
          ],
          [
            629929.22,
            5219843.54
          ],
          [
            629926.16,
            5219847.48
          ],
          [
            629923.1,
            5219851.42
          ],
          [
            629920.04,
            5219855.35
          ],
          [
            629916.98,
            5219859.29
          ],
          [
            629913.92,
            5219863.23
          ],
          [
            629910.86,
            5219867.17
          ],
          [
            629907.8,
            5219871.11
          ],
          [
            629904.74,
            5219875.04
          ],
          [
            629901.67,
            5219878.98
          ],
          [
            629898.61,
            5219882.92
          ],
          [
            629895.55,
            5219886.86
          ],
          [
            629892.49,
            5219890.8
          ],
          [
            629889.43,
            5219894.73
          ],
          [
            629886.37,
            5219898.67
          ],
          [
            629883.31,
            5219902.61
          ],
          [
            629880.25,
            5219906.55
          ],
          [
            629877.19,
            5219910.49
          ],
          [
            629874.13,
            5219914.42
          ],
          [
            629871.06,
            5219918.36
          ],
          [
            629868.0,
            5219922.3
          ],
          [
            629864.94,
            5219926.24
          ],
          [
            629861.88,
            5219930.18
          ],
          [
            629858.82,
            5219934.11
          ],
          [
            629855.76,
            5219938.05
          ],
          [
            629852.7,
            5219941.99
          ],
          [
            629849.64,
            5219945.93
          ],
          [
            629846.58,
            5219949.87
          ],
          [
            629843.52,
            5219953.8
          ],
          [
            629840.45,
            5219957.74
          ],
          [
            629837.39,
            5219961.68
          ],
          [
            629834.33,
            5219965.62
          ],
          [
            629831.27,
            5219969.56
          ],
          [
            629828.21,
            5219973.49
          ],
          [
            629825.15,
            5219977.43
          ],
          [
            629822.09,
            5219981.37
          ],
          [
            629819.03,
            5219985.31
          ],
          [
            629815.97,
            5219989.25
          ],
          [
            629812.91,
            5219993.18
          ],
          [
            629810.83,
            5219991.58
          ],
          [
            629813.66,
            5219987.89
          ],
          [
            629816.5,
            5219984.19
          ],
          [
            629819.34,
            5219980.49
          ],
          [
            629822.17,
            5219976.79
          ],
          [
            629825.01,
            5219973.09
          ],
          [
            629827.85,
            5219969.4
          ],
          [
            629830.68,
            5219965.7
          ],
          [
            629833.52,
            5219962.0
          ],
          [
            629830.68,
            5219965.7
          ],
          [
            629827.85,
            5219969.4
          ],
          [
            629825.01,
            5219973.09
          ],
          [
            629822.17,
            5219976.79
          ],
          [
            629819.34,
            5219980.49
          ],
          [
            629816.5,
            5219984.19
          ],
          [
            629813.66,
            5219987.89
          ],
          [
            629810.83,
            5219991.58
          ],
          [
            629810.07,
            5219992.84
          ],
          [
            629807.47,
            5219996.32
          ],
          [
            629804.87,
            5219999.81
          ],
          [
            629802.27,
            5220003.29
          ],
          [
            629799.66,
            5220006.78
          ],
          [
            629797.06,
            5220010.26
          ],
          [
            629794.46,
            5220013.75
          ],
          [
            629791.86,
            5220017.23
          ],
          [
            629794.46,
            5220013.75
          ],
          [
            629797.06,
            5220010.26
          ],
          [
            629799.66,
            5220006.78
          ],
          [
            629802.27,
            5220003.29
          ],
          [
            629804.87,
            5219999.81
          ],
          [
            629807.47,
            5219996.32
          ],
          [
            629810.07,
            5219992.84
          ],
          [
            629812.22,
            5219994.49
          ],
          [
            629809.78,
            5219997.73
          ],
          [
            629807.34,
            5220000.97
          ],
          [
            629809.78,
            5219997.73
          ],
          [
            629812.22,
            5219994.49
          ],
          [
            629812.91,
            5219993.18
          ],
          [
            629815.97,
            5219989.25
          ],
          [
            629819.03,
            5219985.31
          ],
          [
            629822.09,
            5219981.37
          ],
          [
            629825.15,
            5219977.43
          ],
          [
            629828.21,
            5219973.49
          ],
          [
            629831.27,
            5219969.56
          ],
          [
            629834.33,
            5219965.62
          ],
          [
            629837.39,
            5219961.68
          ],
          [
            629840.45,
            5219957.74
          ],
          [
            629843.52,
            5219953.8
          ],
          [
            629846.58,
            5219949.87
          ],
          [
            629849.64,
            5219945.93
          ],
          [
            629852.7,
            5219941.99
          ],
          [
            629855.76,
            5219938.05
          ],
          [
            629858.82,
            5219934.11
          ],
          [
            629861.88,
            5219930.18
          ],
          [
            629864.94,
            5219926.24
          ],
          [
            629868.0,
            5219922.3
          ],
          [
            629871.06,
            5219918.36
          ],
          [
            629874.13,
            5219914.42
          ],
          [
            629877.19,
            5219910.49
          ],
          [
            629880.25,
            5219906.55
          ],
          [
            629883.31,
            5219902.61
          ],
          [
            629886.37,
            5219898.67
          ],
          [
            629889.43,
            5219894.73
          ],
          [
            629892.49,
            5219890.8
          ],
          [
            629895.55,
            5219886.86
          ],
          [
            629898.61,
            5219882.92
          ],
          [
            629901.67,
            5219878.98
          ],
          [
            629904.74,
            5219875.04
          ],
          [
            629907.8,
            5219871.11
          ],
          [
            629910.86,
            5219867.17
          ],
          [
            629913.92,
            5219863.23
          ],
          [
            629916.98,
            5219859.29
          ],
          [
            629920.04,
            5219855.35
          ],
          [
            629923.1,
            5219851.42
          ],
          [
            629926.16,
            5219847.48
          ],
          [
            629929.22,
            5219843.54
          ],
          [
            629932.28,
            5219839.6
          ],
          [
            629935.34,
            5219835.66
          ],
          [
            629938.41,
            5219831.73
          ],
          [
            629941.47,
            5219827.79
          ],
          [
            629944.53,
            5219823.85
          ],
          [
            629947.59,
            5219819.91
          ],
          [
            629950.65,
            5219815.97
          ],
          [
            629953.71,
            5219812.04
          ],
          [
            629956.77,
            5219808.1
          ],
          [
            629959.83,
            5219804.16
          ],
          [
            629962.89,
            5219800.22
          ],
          [
            629965.95,
            5219796.28
          ],
          [
            629969.02,
            5219792.35
          ],
          [
            629972.08,
            5219788.41
          ],
          [
            629975.14,
            5219784.47
          ],
          [
            629978.2,
            5219780.53
          ],
          [
            629981.26,
            5219776.59
          ],
          [
            629984.32,
            5219772.66
          ],
          [
            629987.38,
            5219768.72
          ],
          [
            629990.44,
            5219764.78
          ],
          [
            629993.5,
            5219760.84
          ],
          [
            629996.56,
            5219756.9
          ],
          [
            629996.34,
            5219756.71
          ],
          [
            629993.0,
            5219756.54
          ],
          [
            629994.88,
            5219758.45
          ],
          [
            629997.46,
            5219760.6
          ],
          [
            629994.4,
            5219764.53
          ],
          [
            629991.34,
            5219768.46
          ],
          [
            629988.29,
            5219772.39
          ],
          [
            629985.23,
            5219776.32
          ],
          [
            629982.17,
            5219780.25
          ],
          [
            629979.12,
            5219784.18
          ],
          [
            629976.06,
            5219788.11
          ],
          [
            629973.0,
            5219792.04
          ],
          [
            629969.95,
            5219795.97
          ],
          [
            629966.89,
            5219799.9
          ],
          [
            629963.83,
            5219803.84
          ],
          [
            629960.78,
            5219807.77
          ],
          [
            629957.72,
            5219811.7
          ],
          [
            629954.66,
            5219815.63
          ],
          [
            629951.61,
            5219819.56
          ],
          [
            629948.55,
            5219823.49
          ],
          [
            629945.49,
            5219827.42
          ],
          [
            629942.44,
            5219831.35
          ],
          [
            629939.38,
            5219835.28
          ],
          [
            629936.32,
            5219839.21
          ],
          [
            629933.27,
            5219843.14
          ],
          [
            629930.21,
            5219847.07
          ],
          [
            629927.15,
            5219851.0
          ],
          [
            629924.1,
            5219854.93
          ],
          [
            629921.04,
            5219858.86
          ],
          [
            629917.98,
            5219862.79
          ],
          [
            629914.93,
            5219866.72
          ],
          [
            629911.87,
            5219870.65
          ],
          [
            629908.81,
            5219874.58
          ],
          [
            629905.76,
            5219878.51
          ],
          [
            629902.7,
            5219882.44
          ],
          [
            629899.64,
            5219886.37
          ],
          [
            629896.59,
            5219890.3
          ],
          [
            629893.53,
            5219894.23
          ],
          [
            629890.48,
            5219898.17
          ],
          [
            629887.42,
            5219902.1
          ],
          [
            629884.36,
            5219906.03
          ],
          [
            629881.31,
            5219909.96
          ],
          [
            629878.25,
            5219913.89
          ],
          [
            629875.19,
            5219917.82
          ],
          [
            629872.14,
            5219921.75
          ],
          [
            629869.08,
            5219925.68
          ],
          [
            629866.02,
            5219929.61
          ],
          [
            629862.97,
            5219933.54
          ],
          [
            629859.91,
            5219937.47
          ],
          [
            629856.85,
            5219941.4
          ],
          [
            629853.8,
            5219945.33
          ],
          [
            629850.74,
            5219949.26
          ],
          [
            629847.68,
            5219953.19
          ],
          [
            629844.63,
            5219957.12
          ],
          [
            629841.57,
            5219961.05
          ],
          [
            629838.51,
            5219964.98
          ],
          [
            629835.46,
            5219968.91
          ],
          [
            629832.4,
            5219972.84
          ],
          [
            629829.34,
            5219976.77
          ],
          [
            629826.29,
            5219980.7
          ],
          [
            629823.23,
            5219984.63
          ],
          [
            629820.17,
            5219988.56
          ],
          [
            629817.12,
            5219992.5
          ],
          [
            629820.17,
            5219988.56
          ],
          [
            629823.23,
            5219984.63
          ],
          [
            629826.29,
            5219980.7
          ],
          [
            629829.34,
            5219976.77
          ],
          [
            629832.4,
            5219972.84
          ],
          [
            629835.46,
            5219968.91
          ],
          [
            629838.51,
            5219964.98
          ],
          [
            629841.57,
            5219961.05
          ],
          [
            629844.63,
            5219957.12
          ],
          [
            629847.68,
            5219953.19
          ],
          [
            629850.74,
            5219949.26
          ],
          [
            629853.8,
            5219945.33
          ],
          [
            629856.85,
            5219941.4
          ],
          [
            629859.91,
            5219937.47
          ],
          [
            629862.97,
            5219933.54
          ],
          [
            629866.02,
            5219929.61
          ],
          [
            629869.08,
            5219925.68
          ],
          [
            629872.14,
            5219921.75
          ],
          [
            629875.19,
            5219917.82
          ],
          [
            629878.25,
            5219913.89
          ],
          [
            629881.31,
            5219909.96
          ],
          [
            629884.36,
            5219906.03
          ],
          [
            629887.42,
            5219902.1
          ],
          [
            629890.48,
            5219898.17
          ],
          [
            629893.53,
            5219894.23
          ],
          [
            629896.59,
            5219890.3
          ],
          [
            629899.64,
            5219886.37
          ],
          [
            629902.7,
            5219882.44
          ],
          [
            629905.76,
            5219878.51
          ],
          [
            629908.81,
            5219874.58
          ],
          [
            629911.87,
            5219870.65
          ],
          [
            629914.93,
            5219866.72
          ],
          [
            629917.98,
            5219862.79
          ],
          [
            629921.04,
            5219858.86
          ],
          [
            629924.1,
            5219854.93
          ],
          [
            629927.15,
            5219851.0
          ],
          [
            629930.21,
            5219847.07
          ],
          [
            629933.27,
            5219843.14
          ],
          [
            629936.32,
            5219839.21
          ],
          [
            629939.38,
            5219835.28
          ],
          [
            629942.44,
            5219831.35
          ],
          [
            629945.49,
            5219827.42
          ],
          [
            629948.55,
            5219823.49
          ],
          [
            629951.61,
            5219819.56
          ],
          [
            629954.66,
            5219815.63
          ],
          [
            629957.72,
            5219811.7
          ],
          [
            629960.78,
            5219807.77
          ],
          [
            629963.83,
            5219803.84
          ],
          [
            629966.89,
            5219799.9
          ],
          [
            629969.95,
            5219795.97
          ],
          [
            629973.0,
            5219792.04
          ],
          [
            629976.06,
            5219788.11
          ],
          [
            629979.12,
            5219784.18
          ],
          [
            629982.17,
            5219780.25
          ],
          [
            629985.23,
            5219776.32
          ],
          [
            629988.29,
            5219772.39
          ],
          [
            629991.34,
            5219768.46
          ],
          [
            629994.4,
            5219764.53
          ],
          [
            629997.46,
            5219760.6
          ],
          [
            629994.88,
            5219758.45
          ],
          [
            629993.0,
            5219756.54
          ],
          [
            629994.59,
            5219755.39
          ],
          [
            629994.59,
            5219755.39
          ],
          [
            629991.74,
            5219759.04
          ],
          [
            629988.89,
            5219762.69
          ],
          [
            629986.05,
            5219766.34
          ],
          [
            629983.2,
            5219769.98
          ],
          [
            629980.35,
            5219773.63
          ],
          [
            629977.5,
            5219777.28
          ],
          [
            629974.65,
            5219780.93
          ],
          [
            629971.81,
            5219784.58
          ],
          [
            629968.96,
            5219788.23
          ],
          [
            629968.96,
            5219788.23
          ],
          [
            629957.09,
            5219795.36
          ],
          [
            629957.46,
            5219799.09
          ],
          [
            629954.09,
            5219803.12
          ],
          [
            629950.36,
            5219803.43
          ],
          [
            629949.04,
            5219809.17
          ],
          [
            629945.31,
            5219809.48
          ],
          [
            629941.94,
            5219813.51
          ],
          [
            629942.31,
            5219817.24
          ],
          [
            629938.94,
            5219821.27
          ],
          [
            629935.21,
            5219821.58
          ],
          [
            629933.89,
            5219827.32
          ],
          [
            629926.6,
            5219840.22
          ],
          [
            629927.5,
            5219840.97
          ],
          [
            629930.4,
            5219837.29
          ],
          [
            629927.5,
            5219840.97
          ],
          [
            629926.6,
            5219840.22
          ],
          [
            629915.01,
            5219845.78
          ],
          [
            629911.64,
            5219849.81
          ],
          [
            629912.01,
            5219853.54
          ],
          [
            629908.64,
            5219857.57
          ],
          [
            629904.91,
            5219857.88
          ],
          [
            629903.59,
            5219863.62
          ],
          [
            629899.86,
            5219863.93
          ],
          [
            629896.49,
            5219867.96
          ],
          [
            629896.86,
            5219871.69
          ],
          [
            629893.49,
            5219875.72
          ],
          [
            629889.76,
            5219876.03
          ],
          [
            629888.44,
            5219881.77
          ],
          [
            629884.71,
            5219882.08
          ],
          [
            629881.34,
            5219886.11
          ],
          [
            629881.71,
            5219889.84
          ],
          [
            629878.34,
            5219893.87
          ],
          [
            629874.61,
            5219894.18
          ],
          [
            629871.24,
            5219898.21
          ],
          [
            629871.61,
            5219901.94
          ],
          [
            629868.24,
            5219905.97
          ],
          [
            629864.51,
            5219906.28
          ],
          [
            629861.14,
            5219910.31
          ],
          [
            629861.51,
            5219914.04
          ],
          [
            629853.47,
            5219927.82
          ],
          [
            629854.02,
            5219928.28
          ],
          [
            629851.7,
            5219931.31
          ],
          [
            629849.38,
            5219934.33
          ],
          [
            629848.59,
            5219933.67
          ],
          [
            629839.26,
            5219936.53
          ],
          [
            629841.98,
            5219941.59
          ],
          [
            629843.59,
            5219942.94
          ],
          [
            629840.71,
            5219946.73
          ],
          [
            629837.84,
            5219950.52
          ],
          [
            629834.97,
            5219954.31
          ],
          [
            629832.09,
            5219958.1
          ],
          [
            629829.22,
            5219961.89
          ],
          [
            629826.34,
            5219965.67
          ],
          [
            629823.47,
            5219969.46
          ],
          [
            629820.6,
            5219973.25
          ],
          [
            629817.72,
            5219977.04
          ],
          [
            629814.85,
            5219980.83
          ],
          [
            629811.97,
            5219984.62
          ],
          [
            629809.1,
            5219988.41
          ],
          [
            629806.23,
            5219992.2
          ],
          [
            629803.35,
            5219995.99
          ],
          [
            629800.48,
            5219999.78
          ],
          [
            629797.61,
            5220003.57
          ],
          [
            629794.73,
            5220007.36
          ],
          [
            629791.86,
            5220011.15
          ],
          [
            629794.73,
            5220007.36
          ],
          [
            629797.61,
            5220003.57
          ],
          [
            629800.48,
            5219999.78
          ],
          [
            629803.35,
            5219995.99
          ],
          [
            629806.23,
            5219992.2
          ],
          [
            629809.1,
            5219988.41
          ],
          [
            629811.97,
            5219984.62
          ],
          [
            629814.85,
            5219980.83
          ],
          [
            629817.72,
            5219977.04
          ],
          [
            629820.6,
            5219973.25
          ],
          [
            629823.47,
            5219969.46
          ],
          [
            629826.34,
            5219965.67
          ],
          [
            629829.22,
            5219961.89
          ],
          [
            629832.09,
            5219958.1
          ],
          [
            629834.97,
            5219954.31
          ],
          [
            629837.84,
            5219950.52
          ],
          [
            629840.71,
            5219946.73
          ],
          [
            629843.59,
            5219942.94
          ],
          [
            629841.98,
            5219941.59
          ],
          [
            629844.31,
            5219930.48
          ],
          [
            629846.66,
            5219932.24
          ],
          [
            629846.66,
            5219932.24
          ],
          [
            629848.98,
            5219929.22
          ],
          [
            629851.29,
            5219926.19
          ],
          [
            629851.29,
            5219926.19
          ],
          [
            629851.41,
            5219926.14
          ],
          [
            629851.04,
            5219922.41
          ],
          [
            629854.41,
            5219918.38
          ],
          [
            629858.14,
            5219918.07
          ],
          [
            629861.51,
            5219914.04
          ],
          [
            629861.14,
            5219910.31
          ],
          [
            629864.51,
            5219906.28
          ],
          [
            629868.24,
            5219905.97
          ],
          [
            629871.61,
            5219901.94
          ],
          [
            629871.24,
            5219898.21
          ],
          [
            629874.61,
            5219894.18
          ],
          [
            629878.34,
            5219893.87
          ],
          [
            629881.71,
            5219889.84
          ],
          [
            629881.34,
            5219886.11
          ],
          [
            629884.71,
            5219882.08
          ],
          [
            629888.44,
            5219881.77
          ],
          [
            629889.76,
            5219876.03
          ],
          [
            629893.49,
            5219875.72
          ],
          [
            629896.86,
            5219871.69
          ],
          [
            629896.49,
            5219867.96
          ],
          [
            629899.86,
            5219863.93
          ],
          [
            629903.59,
            5219863.62
          ],
          [
            629904.91,
            5219857.88
          ],
          [
            629908.64,
            5219857.57
          ],
          [
            629912.01,
            5219853.54
          ],
          [
            629911.64,
            5219849.81
          ],
          [
            629915.01,
            5219845.78
          ],
          [
            629918.74,
            5219845.47
          ],
          [
            629922.11,
            5219841.44
          ],
          [
            629921.74,
            5219837.71
          ],
          [
            629929.52,
            5219833.91
          ],
          [
            629929.52,
            5219833.91
          ],
          [
            629932.57,
            5219830.02
          ],
          [
            629935.61,
            5219826.12
          ],
          [
            629938.66,
            5219822.22
          ],
          [
            629941.7,
            5219818.32
          ],
          [
            629944.74,
            5219814.42
          ],
          [
            629947.79,
            5219810.53
          ],
          [
            629950.83,
            5219806.63
          ],
          [
            629953.87,
            5219802.73
          ],
          [
            629956.92,
            5219798.83
          ],
          [
            629959.96,
            5219794.93
          ],
          [
            629959.96,
            5219794.93
          ],
          [
            629967.19,
            5219783.26
          ],
          [
            629972.66,
            5219774.04
          ],
          [
            629979.34,
            5219772.87
          ],
          [
            629980.69,
            5219767.1
          ],
          [
            629974.64,
            5219770.18
          ],
          [
            629973.83,
            5219769.5
          ],
          [
            629976.57,
            5219765.96
          ],
          [
            629979.3,
            5219762.42
          ],
          [
            629982.03,
            5219758.88
          ],
          [
            629984.77,
            5219755.34
          ],
          [
            629987.5,
            5219751.8
          ],
          [
            629990.24,
            5219748.26
          ],
          [
            629992.97,
            5219744.73
          ],
          [
            629995.71,
            5219741.19
          ],
          [
            629995.71,
            5219741.19
          ],
          [
            629991.42,
            5219738.85
          ],
          [
            629989.29,
            5219734.62
          ],
          [
            629986.86,
            5219733.2
          ],
          [
            629984.65,
            5219728.86
          ],
          [
            629982.31,
            5219727.55
          ],
          [
            629981.56,
            5219725.04
          ],
          [
            629980.24,
            5219723.6
          ],
          [
            629978.09,
            5219722.73
          ],
          [
            629976.24,
            5219719.23
          ],
          [
            629973.97,
            5219718.24
          ],
          [
            629972.78,
            5219715.61
          ],
          [
            629974.52,
            5219713.96
          ],
          [
            629974.51,
            5219712.11
          ],
          [
            629979.6,
            5219703.57
          ],
          [
            629986.29,
            5219699.15
          ],
          [
            629988.69,
            5219695.01
          ],
          [
            629991.02,
            5219693.92
          ],
          [
            629993.43,
            5219689.77
          ],
          [
            629995.75,
            5219688.68
          ],
          [
            629998.16,
            5219684.53
          ],
          [
            630000.49,
            5219683.45
          ],
          [
            630002.95,
            5219679.22
          ],
          [
            630005.33,
            5219678.07
          ],
          [
            630006.98,
            5219676.25
          ],
          [
            630008.13,
            5219674.89
          ],
          [
            630008.5,
            5219672.9
          ],
          [
            630010.77,
            5219670.23
          ],
          [
            630012.67,
            5219669.54
          ],
          [
            630014.89,
            5219666.95
          ],
          [
            630015.22,
            5219665.04
          ],
          [
            630017.41,
            5219662.52
          ],
          [
            630021.62,
            5219656.44
          ],
          [
            630019.21,
            5219654.13
          ],
          [
            630016.0,
            5219650.39
          ],
          [
            630012.79,
            5219646.64
          ],
          [
            630009.59,
            5219642.89
          ],
          [
            630006.38,
            5219639.14
          ],
          [
            630003.17,
            5219635.4
          ],
          [
            629999.96,
            5219631.65
          ],
          [
            629996.76,
            5219627.9
          ],
          [
            629993.55,
            5219624.16
          ],
          [
            629990.34,
            5219620.41
          ],
          [
            629987.13,
            5219616.66
          ],
          [
            629983.93,
            5219612.91
          ],
          [
            629980.72,
            5219609.17
          ],
          [
            629982.73,
            5219607.46
          ],
          [
            629985.93,
            5219611.2
          ],
          [
            629989.14,
            5219614.95
          ],
          [
            629985.93,
            5219611.2
          ],
          [
            629982.73,
            5219607.46
          ],
          [
            629985.39,
            5219606.58
          ],
          [
            629988.56,
            5219610.31
          ],
          [
            629991.73,
            5219614.05
          ],
          [
            629994.91,
            5219617.78
          ],
          [
            629998.08,
            5219621.51
          ],
          [
            630001.25,
            5219625.24
          ],
          [
            630004.42,
            5219628.97
          ],
          [
            630007.6,
            5219632.7
          ],
          [
            630010.77,
            5219636.43
          ],
          [
            630013.94,
            5219640.16
          ],
          [
            630017.11,
            5219643.9
          ],
          [
            630020.28,
            5219647.63
          ],
          [
            630023.46,
            5219651.36
          ],
          [
            630025.04,
            5219652.87
          ],
          [
            630031.09,
            5219649.92
          ],
          [
            630034.9,
            5219646.43
          ],
          [
            630036.13,
            5219643.95
          ],
          [
            630043.48,
            5219635.89
          ],
          [
            630053.74,
            5219628.74
          ],
          [
            630060.98,
            5219621.49
          ],
          [
            630071.66,
            5219614.0
          ],
          [
            630076.02,
            5219611.7
          ],
          [
            630077.63,
            5219609.09
          ],
          [
            630081.95,
            5219606.83
          ],
          [
            630083.6,
            5219604.18
          ],
          [
            630087.87,
            5219601.96
          ],
          [
            630089.57,
            5219599.27
          ],
          [
            630092.6,
            5219598.06
          ],
          [
            630094.21,
            5219595.44
          ],
          [
            630097.06,
            5219594.4
          ],
          [
            630099.76,
            5219590.88
          ],
          [
            630102.55,
            5219589.88
          ],
          [
            630105.31,
            5219586.31
          ],
          [
            630108.04,
            5219585.36
          ],
          [
            630110.86,
            5219581.75
          ],
          [
            630113.54,
            5219580.84
          ],
          [
            630116.41,
            5219577.19
          ],
          [
            630119.03,
            5219576.33
          ],
          [
            630121.96,
            5219572.62
          ],
          [
            630124.52,
            5219571.81
          ],
          [
            630132.87,
            5219562.28
          ],
          [
            630130.86,
            5219559.94
          ],
          [
            630127.96,
            5219556.22
          ],
          [
            630125.05,
            5219552.51
          ],
          [
            630122.14,
            5219548.8
          ],
          [
            630119.23,
            5219545.08
          ],
          [
            630116.32,
            5219541.37
          ],
          [
            630113.41,
            5219537.66
          ],
          [
            630110.51,
            5219533.94
          ],
          [
            630107.6,
            5219530.23
          ],
          [
            630104.69,
            5219526.52
          ],
          [
            630101.78,
            5219522.8
          ],
          [
            630098.87,
            5219519.09
          ],
          [
            630101.78,
            5219522.8
          ],
          [
            630104.69,
            5219526.52
          ],
          [
            630107.6,
            5219530.23
          ],
          [
            630110.51,
            5219533.94
          ],
          [
            630113.41,
            5219537.66
          ],
          [
            630116.32,
            5219541.37
          ],
          [
            630119.23,
            5219545.08
          ],
          [
            630122.14,
            5219548.8
          ],
          [
            630125.05,
            5219552.51
          ],
          [
            630127.96,
            5219556.22
          ],
          [
            630130.86,
            5219559.94
          ],
          [
            630133.07,
            5219558.1
          ],
          [
            630130.06,
            5219554.25
          ],
          [
            630127.06,
            5219550.41
          ],
          [
            630124.06,
            5219546.56
          ],
          [
            630121.06,
            5219542.72
          ],
          [
            630118.06,
            5219538.88
          ],
          [
            630115.06,
            5219535.03
          ],
          [
            630112.06,
            5219531.19
          ],
          [
            630109.06,
            5219527.34
          ],
          [
            630106.06,
            5219523.5
          ],
          [
            630103.05,
            5219519.66
          ],
          [
            630105.4,
            5219517.83
          ],
          [
            630108.41,
            5219521.66
          ],
          [
            630111.41,
            5219525.5
          ],
          [
            630114.42,
            5219529.34
          ],
          [
            630117.43,
            5219533.18
          ],
          [
            630120.44,
            5219537.02
          ],
          [
            630123.45,
            5219540.86
          ],
          [
            630126.46,
            5219544.69
          ],
          [
            630129.47,
            5219548.53
          ],
          [
            630132.48,
            5219552.37
          ],
          [
            630135.49,
            5219556.21
          ],
          [
            630137.38,
            5219558.42
          ],
          [
            630146.65,
            5219551.83
          ],
          [
            630150.99,
            5219549.44
          ],
          [
            630152.45,
            5219546.87
          ],
          [
            630156.73,
            5219544.53
          ],
          [
            630158.25,
            5219541.92
          ],
          [
            630162.48,
            5219539.62
          ],
          [
            630164.05,
            5219536.96
          ],
          [
            630168.23,
            5219534.71
          ],
          [
            630169.85,
            5219532.01
          ],
          [
            630173.98,
            5219529.8
          ],
          [
            630175.65,
            5219527.05
          ],
          [
            630179.72,
            5219524.88
          ],
          [
            630181.45,
            5219522.1
          ],
          [
            630185.47,
            5219519.97
          ],
          [
            630187.25,
            5219517.14
          ],
          [
            630191.22,
            5219515.06
          ],
          [
            630193.05,
            5219512.19
          ],
          [
            630196.97,
            5219510.15
          ],
          [
            630198.85,
            5219507.23
          ],
          [
            630201.68,
            5219506.13
          ],
          [
            630203.11,
            5219503.59
          ],
          [
            630205.35,
            5219502.99
          ],
          [
            630207.37,
            5219499.95
          ],
          [
            630209.52,
            5219499.43
          ],
          [
            630211.62,
            5219496.32
          ],
          [
            630213.69,
            5219495.86
          ],
          [
            630214.49,
            5219493.87
          ],
          [
            630216.75,
            5219492.45
          ],
          [
            630219.51,
            5219491.9
          ],
          [
            630223.36,
            5219488.31
          ],
          [
            630226.11,
            5219487.77
          ],
          [
            630229.96,
            5219484.18
          ],
          [
            630232.71,
            5219483.64
          ],
          [
            630234.92,
            5219482.25
          ],
          [
            630236.66,
            5219481.05
          ],
          [
            630237.83,
            5219479.02
          ],
          [
            630241.84,
            5219477.47
          ],
          [
            630243.02,
            5219475.43
          ],
          [
            630247.02,
            5219473.88
          ],
          [
            630248.21,
            5219471.84
          ],
          [
            630252.19,
            5219470.3
          ],
          [
            630253.39,
            5219468.26
          ],
          [
            630255.17,
            5219467.03
          ],
          [
            630255.27,
            5219466.98
          ],
          [
            630257.31,
            5219466.16
          ],
          [
            630259.72,
            5219466.27
          ],
          [
            630263.28,
            5219463.77
          ],
          [
            630265.67,
            5219463.9
          ],
          [
            630269.24,
            5219461.39
          ],
          [
            630271.62,
            5219461.52
          ],
          [
            630274.99,
            5219459.75
          ],
          [
            630275.67,
            5219458.06
          ],
          [
            630278.49,
            5219456.02
          ],
          [
            630280.93,
            5219455.48
          ],
          [
            630283.73,
            5219452.21
          ],
          [
            630286.16,
            5219451.69
          ],
          [
            630288.98,
            5219448.41
          ],
          [
            630291.38,
            5219447.9
          ],
          [
            630294.23,
            5219444.6
          ],
          [
            630296.6,
            5219444.11
          ],
          [
            630298.37,
            5219442.83
          ],
          [
            630298.44,
            5219442.77
          ],
          [
            630300.27,
            5219440.88
          ],
          [
            630308.19,
            5219429.87
          ],
          [
            630312.21,
            5219427.17
          ],
          [
            630318.18,
            5219419.58
          ],
          [
            630329.14,
            5219411.17
          ],
          [
            630332.75,
            5219407.46
          ],
          [
            630333.84,
            5219404.9
          ],
          [
            630337.44,
            5219401.19
          ],
          [
            630339.96,
            5219400.03
          ],
          [
            630342.85,
            5219395.63
          ],
          [
            630345.38,
            5219394.46
          ],
          [
            630348.26,
            5219390.06
          ],
          [
            630350.79,
            5219388.89
          ],
          [
            630352.62,
            5219387.0
          ],
          [
            630354.11,
            5219385.22
          ],
          [
            630354.82,
            5219382.81
          ],
          [
            630358.5,
            5219379.96
          ],
          [
            630359.22,
            5219377.54
          ],
          [
            630362.89,
            5219374.7
          ],
          [
            630363.61,
            5219372.28
          ],
          [
            630367.29,
            5219369.44
          ],
          [
            630368.01,
            5219367.01
          ],
          [
            630371.68,
            5219364.18
          ],
          [
            630372.4,
            5219361.74
          ],
          [
            630373.9,
            5219359.95
          ],
          [
            630373.97,
            5219359.88
          ],
          [
            630375.5,
            5219358.64
          ],
          [
            630377.6,
            5219358.23
          ],
          [
            630380.46,
            5219355.92
          ],
          [
            630383.2,
            5219356.45
          ],
          [
            630382.15,
            5219358.84
          ],
          [
            630383.27,
            5219360.88
          ],
          [
            630380.48,
            5219364.77
          ],
          [
            630380.21,
            5219367.88
          ],
          [
            630377.37,
            5219371.85
          ],
          [
            630371.3,
            5219383.22
          ],
          [
            630368.68,
            5219382.07
          ],
          [
            630366.53,
            5219380.32
          ],
          [
            630363.36,
            5219383.94
          ],
          [
            630360.19,
            5219387.55
          ],
          [
            630357.02,
            5219391.16
          ],
          [
            630360.19,
            5219387.55
          ],
          [
            630363.36,
            5219383.94
          ],
          [
            630366.53,
            5219380.32
          ],
          [
            630368.68,
            5219382.07
          ],
          [
            630365.44,
            5219385.76
          ],
          [
            630362.2,
            5219389.45
          ],
          [
            630358.96,
            5219393.14
          ],
          [
            630355.72,
            5219396.83
          ],
          [
            630352.49,
            5219400.53
          ],
          [
            630349.25,
            5219404.22
          ],
          [
            630346.01,
            5219407.91
          ],
          [
            630342.77,
            5219411.6
          ],
          [
            630339.53,
            5219415.29
          ],
          [
            630336.3,
            5219418.98
          ],
          [
            630333.06,
            5219422.68
          ],
          [
            630329.82,
            5219426.37
          ],
          [
            630331.9,
            5219428.19
          ],
          [
            630334.98,
            5219424.61
          ],
          [
            630338.07,
            5219421.04
          ],
          [
            630341.16,
            5219417.46
          ],
          [
            630344.25,
            5219413.89
          ],
          [
            630347.33,
            5219410.32
          ],
          [
            630350.42,
            5219406.74
          ],
          [
            630353.51,
            5219403.17
          ],
          [
            630356.59,
            5219399.59
          ],
          [
            630359.68,
            5219396.02
          ],
          [
            630362.77,
            5219392.45
          ],
          [
            630365.86,
            5219388.87
          ],
          [
            630368.34,
            5219389.96
          ],
          [
            630365.97,
            5219397.87
          ],
          [
            630362.06,
            5219409.83
          ],
          [
            630359.27,
            5219409.16
          ],
          [
            630356.41,
            5219412.48
          ],
          [
            630353.55,
            5219415.81
          ],
          [
            630350.69,
            5219419.13
          ],
          [
            630347.82,
            5219422.45
          ],
          [
            630350.69,
            5219419.13
          ],
          [
            630353.55,
            5219415.81
          ],
          [
            630356.41,
            5219412.48
          ],
          [
            630359.27,
            5219409.16
          ],
          [
            630362.06,
            5219409.83
          ],
          [
            630360.23,
            5219421.71
          ],
          [
            630360.63,
            5219424.32
          ],
          [
            630359.49,
            5219429.05
          ],
          [
            630357.95,
            5219431.2
          ],
          [
            630357.78,
            5219436.17
          ],
          [
            630356.24,
            5219438.32
          ],
          [
            630356.08,
            5219443.28
          ],
          [
            630354.53,
            5219445.45
          ],
          [
            630351.84,
            5219459.47
          ],
          [
            630349.13,
            5219459.21
          ],
          [
            630346.71,
            5219459.9
          ],
          [
            630342.98,
            5219456.82
          ],
          [
            630339.26,
            5219453.74
          ],
          [
            630335.53,
            5219450.66
          ],
          [
            630331.81,
            5219447.58
          ],
          [
            630328.08,
            5219444.5
          ],
          [
            630324.36,
            5219441.42
          ],
          [
            630320.63,
            5219438.34
          ],
          [
            630324.36,
            5219441.42
          ],
          [
            630328.08,
            5219444.5
          ],
          [
            630331.81,
            5219447.58
          ],
          [
            630335.53,
            5219450.66
          ],
          [
            630339.26,
            5219453.74
          ],
          [
            630342.98,
            5219456.82
          ],
          [
            630346.71,
            5219459.9
          ],
          [
            630345.1,
            5219461.81
          ],
          [
            630341.62,
            5219458.89
          ],
          [
            630338.15,
            5219455.97
          ],
          [
            630334.67,
            5219453.06
          ],
          [
            630331.2,
            5219450.14
          ],
          [
            630327.72,
            5219447.23
          ],
          [
            630324.25,
            5219444.31
          ],
          [
            630320.77,
            5219441.39
          ],
          [
            630317.3,
            5219438.48
          ],
          [
            630313.82,
            5219435.56
          ],
          [
            630312.11,
            5219437.4
          ],
          [
            630315.82,
            5219440.53
          ],
          [
            630319.53,
            5219443.66
          ],
          [
            630323.24,
            5219446.78
          ],
          [
            630326.94,
            5219449.91
          ],
          [
            630330.65,
            5219453.04
          ],
          [
            630334.36,
            5219456.17
          ],
          [
            630338.07,
            5219459.29
          ],
          [
            630334.36,
            5219456.17
          ],
          [
            630330.65,
            5219453.04
          ],
          [
            630326.94,
            5219449.91
          ],
          [
            630323.24,
            5219446.78
          ],
          [
            630319.53,
            5219443.66
          ],
          [
            630315.82,
            5219440.53
          ],
          [
            630312.11,
            5219437.4
          ],
          [
            630313.82,
            5219435.56
          ],
          [
            630317.3,
            5219438.48
          ],
          [
            630320.77,
            5219441.39
          ],
          [
            630324.25,
            5219444.31
          ],
          [
            630327.72,
            5219447.23
          ],
          [
            630331.2,
            5219450.14
          ],
          [
            630334.67,
            5219453.06
          ],
          [
            630338.15,
            5219455.97
          ],
          [
            630341.62,
            5219458.89
          ],
          [
            630345.1,
            5219461.81
          ],
          [
            630346.71,
            5219459.9
          ],
          [
            630349.13,
            5219459.21
          ],
          [
            630345.33,
            5219456.01
          ],
          [
            630341.53,
            5219452.8
          ],
          [
            630337.74,
            5219449.6
          ],
          [
            630333.94,
            5219446.4
          ],
          [
            630330.14,
            5219443.19
          ],
          [
            630326.34,
            5219439.99
          ],
          [
            630322.54,
            5219436.79
          ],
          [
            630324.23,
            5219434.79
          ],
          [
            630325.62,
            5219432.57
          ],
          [
            630324.23,
            5219434.79
          ],
          [
            630322.54,
            5219436.79
          ],
          [
            630326.34,
            5219439.99
          ],
          [
            630330.14,
            5219443.19
          ],
          [
            630333.94,
            5219446.4
          ],
          [
            630337.74,
            5219449.6
          ],
          [
            630341.53,
            5219452.8
          ],
          [
            630345.33,
            5219456.01
          ],
          [
            630349.13,
            5219459.21
          ],
          [
            630351.84,
            5219459.47
          ],
          [
            630354.53,
            5219445.45
          ],
          [
            630356.08,
            5219443.28
          ],
          [
            630356.24,
            5219438.32
          ],
          [
            630357.78,
            5219436.17
          ],
          [
            630357.95,
            5219431.2
          ],
          [
            630359.49,
            5219429.05
          ],
          [
            630360.63,
            5219424.32
          ],
          [
            630360.23,
            5219421.71
          ],
          [
            630362.34,
            5219417.21
          ],
          [
            630361.94,
            5219414.58
          ],
          [
            630363.32,
            5219404.6
          ],
          [
            630368.05,
            5219393.1
          ],
          [
            630371.3,
            5219383.22
          ],
          [
            630377.37,
            5219371.85
          ],
          [
            630380.21,
            5219367.88
          ],
          [
            630380.48,
            5219364.77
          ],
          [
            630383.27,
            5219360.88
          ],
          [
            630382.15,
            5219358.84
          ],
          [
            630383.2,
            5219356.45
          ],
          [
            630380.46,
            5219355.92
          ],
          [
            630377.6,
            5219358.23
          ],
          [
            630375.5,
            5219358.64
          ],
          [
            630373.97,
            5219359.88
          ],
          [
            630373.9,
            5219359.95
          ],
          [
            630372.4,
            5219361.74
          ],
          [
            630371.68,
            5219364.18
          ],
          [
            630368.01,
            5219367.01
          ],
          [
            630367.29,
            5219369.44
          ],
          [
            630363.61,
            5219372.28
          ],
          [
            630362.89,
            5219374.7
          ],
          [
            630359.22,
            5219377.54
          ],
          [
            630358.5,
            5219379.96
          ],
          [
            630354.82,
            5219382.81
          ],
          [
            630354.11,
            5219385.22
          ],
          [
            630347.6,
            5219393.61
          ],
          [
            630337.44,
            5219401.19
          ],
          [
            630333.84,
            5219404.9
          ],
          [
            630332.75,
            5219407.46
          ],
          [
            630329.14,
            5219411.17
          ],
          [
            630320.33,
            5219417.37
          ],
          [
            630318.55,
            5219415.64
          ],
          [
            630316.01,
            5219411.81
          ],
          [
            630313.47,
            5219407.98
          ],
          [
            630310.94,
            5219404.15
          ],
          [
            630308.4,
            5219400.32
          ],
          [
            630305.87,
            5219396.49
          ],
          [
            630303.33,
            5219392.66
          ],
          [
            630304.23,
            5219392.08
          ],
          [
            630301.66,
            5219388.19
          ],
          [
            630299.08,
            5219384.29
          ],
          [
            630297.28,
            5219385.45
          ],
          [
            630295.33,
            5219387.35
          ],
          [
            630297.99,
            5219391.18
          ],
          [
            630300.65,
            5219395.02
          ],
          [
            630303.31,
            5219398.86
          ],
          [
            630305.97,
            5219402.69
          ],
          [
            630308.62,
            5219406.53
          ],
          [
            630311.28,
            5219410.37
          ],
          [
            630313.94,
            5219414.2
          ],
          [
            630316.6,
            5219418.04
          ],
          [
            630314.08,
            5219419.56
          ],
          [
            630311.91,
            5219421.0
          ],
          [
            630309.24,
            5219417.28
          ],
          [
            630306.57,
            5219413.55
          ],
          [
            630303.9,
            5219409.82
          ],
          [
            630301.23,
            5219406.09
          ],
          [
            630298.55,
            5219402.36
          ],
          [
            630301.23,
            5219406.09
          ],
          [
            630303.9,
            5219409.82
          ],
          [
            630306.57,
            5219413.55
          ],
          [
            630309.24,
            5219417.28
          ],
          [
            630311.91,
            5219421.0
          ],
          [
            630314.08,
            5219419.56
          ],
          [
            630316.2,
            5219421.62
          ],
          [
            630312.21,
            5219427.17
          ],
          [
            630309.97,
            5219428.03
          ],
          [
            630307.55,
            5219425.69
          ],
          [
            630304.73,
            5219421.65
          ],
          [
            630301.9,
            5219417.61
          ],
          [
            630299.07,
            5219413.56
          ],
          [
            630296.24,
            5219409.52
          ],
          [
            630293.41,
            5219405.48
          ],
          [
            630290.58,
            5219401.44
          ],
          [
            630287.75,
            5219397.4
          ],
          [
            630284.92,
            5219393.36
          ],
          [
            630282.09,
            5219389.32
          ],
          [
            630284.92,
            5219393.36
          ],
          [
            630287.75,
            5219397.4
          ],
          [
            630290.58,
            5219401.44
          ],
          [
            630293.41,
            5219405.48
          ],
          [
            630296.24,
            5219409.52
          ],
          [
            630299.07,
            5219413.56
          ],
          [
            630301.9,
            5219417.61
          ],
          [
            630304.73,
            5219421.65
          ],
          [
            630307.55,
            5219425.69
          ],
          [
            630309.97,
            5219428.03
          ],
          [
            630301.39,
            5219438.3
          ],
          [
            630300.27,
            5219440.88
          ],
          [
            630298.44,
            5219442.77
          ],
          [
            630298.37,
            5219442.83
          ],
          [
            630296.6,
            5219444.11
          ],
          [
            630294.23,
            5219444.6
          ],
          [
            630291.38,
            5219447.9
          ],
          [
            630288.98,
            5219448.41
          ],
          [
            630286.16,
            5219451.69
          ],
          [
            630283.73,
            5219452.21
          ],
          [
            630280.93,
            5219455.48
          ],
          [
            630278.49,
            5219456.02
          ],
          [
            630275.67,
            5219458.06
          ],
          [
            630274.99,
            5219459.75
          ],
          [
            630271.62,
            5219461.52
          ],
          [
            630269.24,
            5219461.39
          ],
          [
            630265.67,
            5219463.9
          ],
          [
            630263.28,
            5219463.77
          ],
          [
            630259.72,
            5219466.27
          ],
          [
            630257.31,
            5219466.16
          ],
          [
            630255.27,
            5219466.98
          ],
          [
            630255.17,
            5219467.03
          ],
          [
            630253.39,
            5219468.26
          ],
          [
            630252.19,
            5219470.3
          ],
          [
            630248.21,
            5219471.84
          ],
          [
            630247.02,
            5219473.88
          ],
          [
            630243.02,
            5219475.43
          ],
          [
            630241.84,
            5219477.47
          ],
          [
            630237.83,
            5219479.02
          ],
          [
            630236.66,
            5219481.05
          ],
          [
            630234.92,
            5219482.25
          ],
          [
            630232.71,
            5219483.64
          ],
          [
            630229.96,
            5219484.18
          ],
          [
            630226.11,
            5219487.77
          ],
          [
            630223.36,
            5219488.31
          ],
          [
            630219.51,
            5219491.9
          ],
          [
            630216.75,
            5219492.45
          ],
          [
            630214.49,
            5219493.87
          ],
          [
            630213.69,
            5219495.86
          ],
          [
            630211.62,
            5219496.32
          ],
          [
            630209.52,
            5219499.43
          ],
          [
            630207.37,
            5219499.95
          ],
          [
            630205.35,
            5219502.99
          ],
          [
            630203.11,
            5219503.59
          ],
          [
            630201.68,
            5219506.13
          ],
          [
            630203.11,
            5219509.18
          ],
          [
            630202.78,
            5219512.35
          ],
          [
            630204.74,
            5219516.59
          ],
          [
            630204.4,
            5219519.69
          ],
          [
            630206.38,
            5219524.0
          ],
          [
            630206.02,
            5219527.04
          ],
          [
            630208.01,
            5219531.4
          ],
          [
            630207.65,
            5219534.38
          ],
          [
            630209.65,
            5219538.81
          ],
          [
            630209.27,
            5219541.73
          ],
          [
            630211.28,
            5219546.21
          ],
          [
            630210.89,
            5219549.08
          ],
          [
            630212.92,
            5219553.62
          ],
          [
            630212.51,
            5219556.42
          ],
          [
            630213.06,
            5219558.9
          ],
          [
            630213.09,
            5219558.99
          ],
          [
            630213.13,
            5219559.08
          ],
          [
            630213.18,
            5219559.17
          ],
          [
            630214.55,
            5219559.38
          ],
          [
            630214.42,
            5219560.93
          ],
          [
            630216.38,
            5219561.96
          ],
          [
            630216.55,
            5219563.93
          ],
          [
            630218.93,
            5219565.56
          ],
          [
            630219.28,
            5219567.78
          ],
          [
            630221.81,
            5219569.61
          ],
          [
            630221.98,
            5219571.58
          ],
          [
            630224.66,
            5219573.63
          ],
          [
            630224.9,
            5219575.69
          ],
          [
            630226.92,
            5219577.28
          ],
          [
            630226.5,
            5219580.23
          ],
          [
            630227.79,
            5219582.53
          ],
          [
            630227.3,
            5219586.73
          ],
          [
            630228.58,
            5219588.95
          ],
          [
            630228.09,
            5219593.23
          ],
          [
            630229.36,
            5219595.36
          ],
          [
            630228.89,
            5219599.73
          ],
          [
            630230.15,
            5219601.77
          ],
          [
            630229.43,
            5219604.1
          ],
          [
            630230.05,
            5219606.44
          ],
          [
            630231.63,
            5219608.48
          ],
          [
            630231.87,
            5219613.25
          ],
          [
            630233.44,
            5219615.29
          ],
          [
            630233.68,
            5219620.07
          ],
          [
            630235.26,
            5219622.1
          ],
          [
            630235.5,
            5219626.88
          ],
          [
            630237.07,
            5219628.91
          ],
          [
            630237.31,
            5219633.69
          ],
          [
            630238.88,
            5219635.72
          ],
          [
            630239.49,
            5219638.0
          ],
          [
            630240.04,
            5219640.43
          ],
          [
            630239.61,
            5219643.06
          ],
          [
            630241.67,
            5219647.65
          ],
          [
            630242.29,
            5219659.52
          ],
          [
            630239.02,
            5219660.25
          ],
          [
            630236.69,
            5219664.42
          ],
          [
            630234.36,
            5219668.59
          ],
          [
            630232.04,
            5219672.76
          ],
          [
            630229.71,
            5219676.93
          ],
          [
            630227.38,
            5219681.1
          ],
          [
            630225.05,
            5219685.27
          ],
          [
            630222.72,
            5219689.44
          ],
          [
            630220.39,
            5219693.61
          ],
          [
            630218.06,
            5219697.78
          ],
          [
            630215.73,
            5219701.95
          ],
          [
            630213.4,
            5219706.12
          ],
          [
            630211.07,
            5219710.29
          ],
          [
            630208.74,
            5219714.46
          ],
          [
            630206.42,
            5219718.63
          ],
          [
            630204.09,
            5219722.8
          ],
          [
            630201.76,
            5219726.97
          ],
          [
            630204.09,
            5219722.8
          ],
          [
            630206.42,
            5219718.63
          ],
          [
            630208.74,
            5219714.46
          ],
          [
            630211.07,
            5219710.29
          ],
          [
            630213.4,
            5219706.12
          ],
          [
            630215.73,
            5219701.95
          ],
          [
            630218.06,
            5219697.78
          ],
          [
            630220.39,
            5219693.61
          ],
          [
            630222.72,
            5219689.44
          ],
          [
            630225.05,
            5219685.27
          ],
          [
            630227.38,
            5219681.1
          ],
          [
            630229.71,
            5219676.93
          ],
          [
            630232.04,
            5219672.76
          ],
          [
            630234.36,
            5219668.59
          ],
          [
            630236.69,
            5219664.42
          ],
          [
            630239.02,
            5219660.25
          ],
          [
            630242.29,
            5219659.52
          ],
          [
            630241.67,
            5219647.65
          ],
          [
            630239.61,
            5219643.06
          ],
          [
            630240.04,
            5219640.43
          ],
          [
            630239.49,
            5219638.0
          ],
          [
            630238.88,
            5219635.72
          ],
          [
            630237.31,
            5219633.69
          ],
          [
            630237.07,
            5219628.91
          ],
          [
            630235.5,
            5219626.88
          ],
          [
            630235.26,
            5219622.1
          ],
          [
            630233.68,
            5219620.07
          ],
          [
            630233.44,
            5219615.29
          ],
          [
            630231.87,
            5219613.25
          ],
          [
            630231.63,
            5219608.48
          ],
          [
            630230.05,
            5219606.44
          ],
          [
            630229.43,
            5219604.1
          ],
          [
            630230.15,
            5219601.77
          ],
          [
            630228.89,
            5219599.73
          ],
          [
            630229.36,
            5219595.36
          ],
          [
            630228.09,
            5219593.23
          ],
          [
            630228.58,
            5219588.95
          ],
          [
            630227.3,
            5219586.73
          ],
          [
            630227.79,
            5219582.53
          ],
          [
            630226.5,
            5219580.23
          ],
          [
            630226.92,
            5219577.28
          ],
          [
            630224.9,
            5219575.69
          ],
          [
            630224.66,
            5219573.63
          ],
          [
            630221.98,
            5219571.58
          ],
          [
            630221.81,
            5219569.61
          ],
          [
            630219.28,
            5219567.78
          ],
          [
            630218.93,
            5219565.56
          ],
          [
            630216.55,
            5219563.93
          ],
          [
            630216.38,
            5219561.96
          ],
          [
            630214.42,
            5219560.93
          ],
          [
            630214.55,
            5219559.38
          ],
          [
            630213.18,
            5219559.17
          ],
          [
            630213.13,
            5219559.08
          ],
          [
            630213.09,
            5219558.99
          ],
          [
            630213.06,
            5219558.9
          ],
          [
            630212.51,
            5219556.42
          ],
          [
            630212.92,
            5219553.62
          ],
          [
            630210.89,
            5219549.08
          ],
          [
            630211.28,
            5219546.21
          ],
          [
            630209.27,
            5219541.73
          ],
          [
            630209.65,
            5219538.81
          ],
          [
            630207.65,
            5219534.38
          ],
          [
            630208.01,
            5219531.4
          ],
          [
            630206.02,
            5219527.04
          ],
          [
            630206.38,
            5219524.0
          ],
          [
            630204.4,
            5219519.69
          ],
          [
            630204.74,
            5219516.59
          ],
          [
            630202.78,
            5219512.35
          ],
          [
            630203.11,
            5219509.18
          ],
          [
            630201.68,
            5219506.13
          ],
          [
            630198.85,
            5219507.23
          ],
          [
            630196.97,
            5219510.15
          ],
          [
            630193.05,
            5219512.19
          ],
          [
            630191.22,
            5219515.06
          ],
          [
            630187.25,
            5219517.14
          ],
          [
            630185.47,
            5219519.97
          ],
          [
            630181.45,
            5219522.1
          ],
          [
            630179.72,
            5219524.88
          ],
          [
            630175.65,
            5219527.05
          ],
          [
            630173.98,
            5219529.8
          ],
          [
            630169.85,
            5219532.01
          ],
          [
            630168.23,
            5219534.71
          ],
          [
            630164.05,
            5219536.96
          ],
          [
            630162.48,
            5219539.62
          ],
          [
            630158.25,
            5219541.92
          ],
          [
            630156.73,
            5219544.53
          ],
          [
            630152.45,
            5219546.87
          ],
          [
            630150.99,
            5219549.44
          ],
          [
            630146.65,
            5219551.83
          ],
          [
            630145.24,
            5219554.35
          ],
          [
            630140.85,
            5219556.78
          ],
          [
            630139.49,
            5219559.26
          ],
          [
            630132.87,
            5219562.28
          ],
          [
            630124.52,
            5219571.81
          ],
          [
            630121.96,
            5219572.62
          ],
          [
            630119.03,
            5219576.33
          ],
          [
            630116.41,
            5219577.19
          ],
          [
            630113.54,
            5219580.84
          ],
          [
            630110.86,
            5219581.75
          ],
          [
            630108.04,
            5219585.36
          ],
          [
            630105.31,
            5219586.31
          ],
          [
            630102.55,
            5219589.88
          ],
          [
            630099.76,
            5219590.88
          ],
          [
            630097.06,
            5219594.4
          ],
          [
            630094.21,
            5219595.44
          ],
          [
            630092.6,
            5219598.06
          ],
          [
            630094.52,
            5219601.05
          ],
          [
            630096.93,
            5219602.31
          ],
          [
            630100.21,
            5219606.1
          ],
          [
            630101.1,
            5219608.66
          ],
          [
            630102.77,
            5219610.6
          ],
          [
            630104.6,
            5219612.45
          ],
          [
            630107.15,
            5219613.61
          ],
          [
            630110.04,
            5219617.97
          ],
          [
            630112.6,
            5219619.14
          ],
          [
            630115.47,
            5219623.48
          ],
          [
            630118.05,
            5219624.68
          ],
          [
            630120.9,
            5219628.99
          ],
          [
            630123.5,
            5219630.21
          ],
          [
            630126.34,
            5219634.51
          ],
          [
            630128.95,
            5219635.74
          ],
          [
            630131.77,
            5219640.02
          ],
          [
            630134.41,
            5219641.27
          ],
          [
            630136.33,
            5219643.27
          ],
          [
            630136.47,
            5219643.56
          ],
          [
            630136.78,
            5219645.83
          ],
          [
            630136.08,
            5219648.24
          ],
          [
            630137.59,
            5219652.22
          ],
          [
            630136.88,
            5219654.6
          ],
          [
            630138.4,
            5219658.61
          ],
          [
            630137.69,
            5219660.97
          ],
          [
            630137.97,
            5219663.13
          ],
          [
            630137.69,
            5219660.97
          ],
          [
            630138.4,
            5219658.61
          ],
          [
            630136.88,
            5219654.6
          ],
          [
            630137.59,
            5219652.22
          ],
          [
            630136.08,
            5219648.24
          ],
          [
            630136.78,
            5219645.83
          ],
          [
            630136.47,
            5219643.56
          ],
          [
            630136.33,
            5219643.27
          ],
          [
            630134.41,
            5219641.27
          ],
          [
            630131.77,
            5219640.02
          ],
          [
            630128.95,
            5219635.74
          ],
          [
            630126.34,
            5219634.51
          ],
          [
            630123.5,
            5219630.21
          ],
          [
            630120.9,
            5219628.99
          ],
          [
            630118.05,
            5219624.68
          ],
          [
            630115.47,
            5219623.48
          ],
          [
            630112.6,
            5219619.14
          ],
          [
            630110.04,
            5219617.97
          ],
          [
            630107.15,
            5219613.61
          ],
          [
            630104.6,
            5219612.45
          ],
          [
            630102.77,
            5219610.6
          ],
          [
            630101.1,
            5219608.66
          ],
          [
            630100.21,
            5219606.1
          ],
          [
            630096.93,
            5219602.31
          ],
          [
            630094.52,
            5219601.05
          ],
          [
            630092.6,
            5219598.06
          ],
          [
            630089.57,
            5219599.27
          ],
          [
            630087.87,
            5219601.96
          ],
          [
            630083.6,
            5219604.18
          ],
          [
            630081.95,
            5219606.83
          ],
          [
            630077.63,
            5219609.09
          ],
          [
            630076.02,
            5219611.7
          ],
          [
            630071.66,
            5219614.0
          ],
          [
            630060.98,
            5219621.49
          ],
          [
            630060.34,
            5219620.71
          ],
          [
            630057.48,
            5219616.99
          ],
          [
            630054.61,
            5219613.28
          ],
          [
            630051.75,
            5219609.56
          ],
          [
            630048.88,
            5219605.84
          ],
          [
            630046.02,
            5219602.12
          ],
          [
            630043.15,
            5219598.41
          ],
          [
            630040.28,
            5219594.69
          ],
          [
            630037.42,
            5219590.97
          ],
          [
            630040.36,
            5219590.74
          ],
          [
            630042.26,
            5219589.3
          ],
          [
            630045.1,
            5219593.07
          ],
          [
            630047.95,
            5219596.83
          ],
          [
            630050.79,
            5219600.59
          ],
          [
            630053.64,
            5219604.35
          ],
          [
            630056.48,
            5219608.12
          ],
          [
            630053.64,
            5219604.35
          ],
          [
            630050.79,
            5219600.59
          ],
          [
            630047.95,
            5219596.83
          ],
          [
            630045.1,
            5219593.07
          ],
          [
            630042.26,
            5219589.3
          ],
          [
            630040.36,
            5219590.74
          ],
          [
            630037.42,
            5219590.97
          ],
          [
            630040.28,
            5219594.69
          ],
          [
            630043.15,
            5219598.41
          ],
          [
            630046.02,
            5219602.12
          ],
          [
            630048.88,
            5219605.84
          ],
          [
            630051.75,
            5219609.56
          ],
          [
            630054.61,
            5219613.28
          ],
          [
            630057.48,
            5219616.99
          ],
          [
            630060.34,
            5219620.71
          ],
          [
            630060.98,
            5219621.49
          ],
          [
            630053.74,
            5219628.74
          ],
          [
            630043.48,
            5219635.89
          ],
          [
            630042.81,
            5219635.08
          ],
          [
            630039.82,
            5219631.34
          ],
          [
            630036.82,
            5219627.61
          ],
          [
            630033.83,
            5219623.88
          ],
          [
            630030.83,
            5219620.14
          ],
          [
            630027.84,
            5219616.41
          ],
          [
            630024.84,
            5219612.67
          ],
          [
            630021.85,
            5219608.94
          ],
          [
            630018.85,
            5219605.2
          ],
          [
            630021.85,
            5219608.94
          ],
          [
            630024.84,
            5219612.67
          ],
          [
            630027.84,
            5219616.41
          ],
          [
            630030.83,
            5219620.14
          ],
          [
            630033.83,
            5219623.88
          ],
          [
            630036.82,
            5219627.61
          ],
          [
            630039.82,
            5219631.34
          ],
          [
            630042.81,
            5219635.08
          ],
          [
            630043.48,
            5219635.89
          ],
          [
            630042.53,
            5219639.44
          ],
          [
            630039.95,
            5219640.44
          ],
          [
            630036.13,
            5219643.95
          ],
          [
            630034.9,
            5219646.43
          ],
          [
            630031.09,
            5219649.92
          ],
          [
            630028.5,
            5219650.94
          ],
          [
            630026.57,
            5219652.71
          ],
          [
            630025.39,
            5219653.95
          ],
          [
            630021.62,
            5219656.44
          ],
          [
            630017.41,
            5219662.52
          ],
          [
            630015.22,
            5219665.04
          ],
          [
            630014.89,
            5219666.95
          ],
          [
            630012.67,
            5219669.54
          ],
          [
            630010.77,
            5219670.23
          ],
          [
            630008.5,
            5219672.9
          ],
          [
            630008.13,
            5219674.89
          ],
          [
            630006.98,
            5219676.25
          ],
          [
            630005.33,
            5219678.07
          ],
          [
            630002.95,
            5219679.22
          ],
          [
            630000.49,
            5219683.45
          ],
          [
            629998.16,
            5219684.53
          ],
          [
            629995.75,
            5219688.68
          ],
          [
            629993.43,
            5219689.77
          ],
          [
            629991.02,
            5219693.92
          ],
          [
            629988.69,
            5219695.01
          ],
          [
            629986.29,
            5219699.15
          ],
          [
            629979.6,
            5219703.57
          ],
          [
            629977.4,
            5219701.58
          ],
          [
            629974.78,
            5219699.09
          ],
          [
            629972.15,
            5219696.6
          ],
          [
            629974.78,
            5219699.09
          ],
          [
            629977.4,
            5219701.58
          ],
          [
            629979.6,
            5219703.57
          ],
          [
            629979.21,
            5219705.49
          ],
          [
            629977.58,
            5219707.31
          ],
          [
            629976.79,
            5219708.55
          ],
          [
            629976.83,
            5219710.34
          ],
          [
            629974.51,
            5219712.11
          ],
          [
            629974.52,
            5219713.96
          ],
          [
            629972.78,
            5219715.61
          ],
          [
            629969.86,
            5219714.54
          ],
          [
            629968.2,
            5219712.0
          ],
          [
            629964.09,
            5219710.11
          ],
          [
            629962.51,
            5219707.64
          ],
          [
            629958.31,
            5219705.69
          ],
          [
            629956.82,
            5219703.28
          ],
          [
            629952.54,
            5219701.26
          ],
          [
            629951.12,
            5219698.91
          ],
          [
            629946.76,
            5219696.83
          ],
          [
            629945.42,
            5219694.54
          ],
          [
            629940.96,
            5219692.29
          ],
          [
            629939.62,
            5219689.91
          ],
          [
            629935.06,
            5219687.49
          ],
          [
            629933.73,
            5219685.12
          ],
          [
            629929.81,
            5219681.93
          ],
          [
            629927.2,
            5219681.1
          ],
          [
            629923.91,
            5219677.15
          ],
          [
            629921.3,
            5219676.31
          ],
          [
            629918.02,
            5219672.36
          ],
          [
            629915.4,
            5219671.51
          ],
          [
            629913.38,
            5219669.86
          ],
          [
            629911.75,
            5219668.08
          ],
          [
            629910.85,
            5219665.61
          ],
          [
            629909.17,
            5219663.77
          ],
          [
            629909.01,
            5219663.66
          ],
          [
            629906.94,
            5219662.66
          ],
          [
            629904.03,
            5219662.39
          ],
          [
            629901.38,
            5219660.28
          ],
          [
            629903.06,
            5219657.62
          ],
          [
            629906.05,
            5219656.33
          ],
          [
            629908.73,
            5219652.66
          ],
          [
            629911.61,
            5219651.47
          ],
          [
            629914.39,
            5219647.71
          ],
          [
            629917.18,
            5219646.61
          ],
          [
            629920.06,
            5219642.76
          ],
          [
            629922.74,
            5219641.74
          ],
          [
            629925.73,
            5219637.8
          ],
          [
            629928.31,
            5219636.88
          ],
          [
            629929.49,
            5219634.52
          ],
          [
            629931.41,
            5219632.99
          ],
          [
            629933.95,
            5219632.24
          ],
          [
            629937.12,
            5219628.44
          ],
          [
            629939.65,
            5219627.7
          ],
          [
            629942.82,
            5219623.89
          ],
          [
            629945.35,
            5219623.15
          ],
          [
            629948.52,
            5219619.34
          ],
          [
            629951.05,
            5219618.6
          ],
          [
            629954.22,
            5219614.79
          ],
          [
            629956.75,
            5219614.06
          ],
          [
            629959.92,
            5219610.25
          ],
          [
            629962.45,
            5219609.51
          ],
          [
            629966.25,
            5219606.48
          ],
          [
            629967.53,
            5219604.18
          ],
          [
            629971.33,
            5219601.15
          ],
          [
            629973.86,
            5219600.41
          ],
          [
            629977.03,
            5219596.6
          ],
          [
            629979.56,
            5219595.87
          ],
          [
            629982.73,
            5219592.06
          ],
          [
            629985.26,
            5219591.32
          ],
          [
            629988.43,
            5219587.51
          ],
          [
            629990.97,
            5219586.77
          ],
          [
            629994.85,
            5219583.63
          ],
          [
            629996.21,
            5219581.24
          ],
          [
            630000.17,
            5219578.0
          ],
          [
            630002.79,
            5219577.17
          ],
          [
            630006.75,
            5219573.93
          ],
          [
            630008.11,
            5219571.54
          ],
          [
            630012.7,
            5219569.08
          ],
          [
            630014.06,
            5219566.68
          ],
          [
            630018.65,
            5219564.23
          ],
          [
            630020.01,
            5219561.83
          ],
          [
            630024.6,
            5219559.38
          ],
          [
            630025.96,
            5219556.98
          ],
          [
            630030.55,
            5219554.53
          ],
          [
            630031.9,
            5219552.13
          ],
          [
            630036.5,
            5219549.68
          ],
          [
            630037.85,
            5219547.28
          ],
          [
            630042.45,
            5219544.82
          ],
          [
            630043.8,
            5219542.43
          ],
          [
            630045.8,
            5219540.8
          ],
          [
            630047.68,
            5219539.38
          ],
          [
            630050.16,
            5219538.77
          ],
          [
            630053.27,
            5219535.18
          ],
          [
            630055.75,
            5219534.57
          ],
          [
            630058.86,
            5219530.98
          ],
          [
            630061.34,
            5219530.36
          ],
          [
            630064.46,
            5219526.77
          ],
          [
            630066.94,
            5219526.16
          ],
          [
            630070.05,
            5219522.57
          ],
          [
            630072.53,
            5219521.95
          ],
          [
            630075.64,
            5219518.37
          ],
          [
            630078.13,
            5219517.75
          ],
          [
            630081.23,
            5219514.16
          ],
          [
            630083.72,
            5219513.54
          ],
          [
            630085.64,
            5219512.1
          ],
          [
            630087.4,
            5219510.36
          ],
          [
            630088.44,
            5219507.92
          ],
          [
            630092.55,
            5219505.26
          ],
          [
            630093.59,
            5219502.83
          ],
          [
            630097.69,
            5219500.17
          ],
          [
            630098.73,
            5219497.74
          ],
          [
            630102.84,
            5219495.08
          ],
          [
            630103.88,
            5219492.64
          ],
          [
            630107.98,
            5219489.99
          ],
          [
            630109.03,
            5219487.55
          ],
          [
            630113.13,
            5219484.9
          ],
          [
            630114.18,
            5219482.46
          ],
          [
            630118.28,
            5219479.81
          ],
          [
            630119.32,
            5219477.36
          ],
          [
            630123.42,
            5219474.71
          ],
          [
            630124.47,
            5219472.27
          ],
          [
            630126.23,
            5219470.54
          ],
          [
            630126.31,
            5219470.47
          ],
          [
            630128.57,
            5219469.02
          ],
          [
            630131.38,
            5219468.42
          ],
          [
            630135.24,
            5219464.78
          ],
          [
            630138.04,
            5219464.18
          ],
          [
            630141.9,
            5219460.53
          ],
          [
            630144.7,
            5219459.93
          ],
          [
            630148.56,
            5219456.28
          ],
          [
            630151.36,
            5219455.68
          ],
          [
            630155.22,
            5219452.04
          ],
          [
            630158.03,
            5219451.43
          ],
          [
            630161.88,
            5219447.79
          ],
          [
            630164.69,
            5219447.19
          ],
          [
            630166.99,
            5219445.7
          ],
          [
            630168.71,
            5219444.0
          ],
          [
            630169.68,
            5219441.62
          ],
          [
            630173.62,
            5219439.1
          ],
          [
            630174.59,
            5219436.73
          ],
          [
            630178.53,
            5219434.21
          ],
          [
            630179.49,
            5219431.83
          ],
          [
            630183.44,
            5219429.31
          ],
          [
            630184.4,
            5219426.94
          ],
          [
            630188.34,
            5219424.41
          ],
          [
            630189.3,
            5219422.04
          ],
          [
            630193.25,
            5219419.51
          ],
          [
            630194.21,
            5219417.14
          ],
          [
            630198.16,
            5219414.61
          ],
          [
            630199.11,
            5219412.25
          ],
          [
            630200.8,
            5219410.57
          ],
          [
            630202.88,
            5219409.0
          ],
          [
            630205.52,
            5219408.27
          ],
          [
            630208.95,
            5219404.46
          ],
          [
            630211.58,
            5219403.74
          ],
          [
            630215.61,
            5219400.72
          ],
          [
            630217.03,
            5219398.41
          ],
          [
            630221.66,
            5219396.19
          ],
          [
            630223.1,
            5219393.86
          ],
          [
            630227.72,
            5219391.65
          ],
          [
            630229.17,
            5219389.32
          ],
          [
            630233.78,
            5219387.12
          ],
          [
            630235.24,
            5219384.77
          ],
          [
            630239.83,
            5219382.58
          ],
          [
            630241.3,
            5219380.23
          ],
          [
            630246.35,
            5219376.47
          ],
          [
            630253.36,
            5219375.97
          ],
          [
            630259.91,
            5219374.57
          ],
          [
            630261.09,
            5219377.71
          ],
          [
            630263.74,
            5219381.51
          ],
          [
            630266.39,
            5219385.3
          ],
          [
            630269.04,
            5219389.09
          ],
          [
            630271.69,
            5219392.89
          ],
          [
            630274.34,
            5219396.68
          ],
          [
            630277.0,
            5219400.47
          ],
          [
            630279.65,
            5219404.26
          ],
          [
            630282.3,
            5219408.06
          ],
          [
            630284.95,
            5219411.85
          ],
          [
            630287.6,
            5219415.64
          ],
          [
            630290.25,
            5219419.44
          ],
          [
            630292.9,
            5219423.23
          ],
          [
            630290.7,
            5219424.64
          ],
          [
            630288.2,
            5219420.87
          ],
          [
            630285.71,
            5219417.1
          ],
          [
            630283.21,
            5219413.33
          ],
          [
            630280.71,
            5219409.56
          ],
          [
            630278.22,
            5219405.79
          ],
          [
            630280.71,
            5219409.56
          ],
          [
            630283.21,
            5219413.33
          ],
          [
            630285.71,
            5219417.1
          ],
          [
            630288.2,
            5219420.87
          ],
          [
            630290.7,
            5219424.64
          ],
          [
            630292.9,
            5219423.23
          ],
          [
            630295.38,
            5219422.02
          ],
          [
            630292.76,
            5219418.26
          ],
          [
            630290.13,
            5219414.5
          ],
          [
            630287.51,
            5219410.74
          ],
          [
            630284.88,
            5219406.98
          ],
          [
            630282.25,
            5219403.21
          ],
          [
            630279.63,
            5219399.45
          ],
          [
            630277.0,
            5219395.69
          ],
          [
            630274.38,
            5219391.93
          ],
          [
            630271.75,
            5219388.16
          ],
          [
            630269.13,
            5219384.4
          ],
          [
            630266.5,
            5219380.64
          ],
          [
            630263.88,
            5219376.88
          ],
          [
            630261.09,
            5219377.71
          ],
          [
            630259.91,
            5219374.57
          ],
          [
            630263.06,
            5219371.09
          ],
          [
            630264.28,
            5219368.47
          ],
          [
            630268.61,
            5219365.59
          ],
          [
            630269.82,
            5219362.99
          ],
          [
            630274.16,
            5219360.1
          ],
          [
            630275.36,
            5219357.5
          ],
          [
            630279.7,
            5219354.61
          ],
          [
            630280.9,
            5219352.01
          ],
          [
            630285.25,
            5219349.11
          ],
          [
            630286.44,
            5219346.52
          ],
          [
            630290.79,
            5219343.62
          ],
          [
            630291.98,
            5219341.03
          ],
          [
            630296.34,
            5219338.12
          ],
          [
            630297.52,
            5219335.55
          ],
          [
            630301.89,
            5219332.63
          ],
          [
            630303.06,
            5219330.06
          ],
          [
            630304.97,
            5219328.18
          ],
          [
            630307.0,
            5219326.72
          ],
          [
            630309.59,
            5219326.1
          ],
          [
            630312.93,
            5219322.49
          ],
          [
            630315.51,
            5219321.88
          ],
          [
            630318.85,
            5219318.27
          ],
          [
            630321.43,
            5219317.65
          ],
          [
            630324.77,
            5219314.04
          ],
          [
            630327.35,
            5219313.43
          ],
          [
            630330.7,
            5219309.82
          ],
          [
            630333.28,
            5219309.21
          ],
          [
            630335.29,
            5219307.76
          ],
          [
            630333.28,
            5219309.21
          ],
          [
            630330.7,
            5219309.82
          ],
          [
            630327.35,
            5219313.43
          ],
          [
            630324.77,
            5219314.04
          ],
          [
            630321.43,
            5219317.65
          ],
          [
            630318.85,
            5219318.27
          ],
          [
            630315.51,
            5219321.88
          ],
          [
            630312.93,
            5219322.49
          ],
          [
            630309.59,
            5219326.1
          ],
          [
            630307.0,
            5219326.72
          ],
          [
            630304.97,
            5219328.18
          ],
          [
            630304.32,
            5219327.41
          ],
          [
            630304.97,
            5219328.18
          ],
          [
            630303.06,
            5219330.06
          ],
          [
            630301.89,
            5219332.63
          ],
          [
            630297.52,
            5219335.55
          ],
          [
            630296.34,
            5219338.12
          ],
          [
            630291.98,
            5219341.03
          ],
          [
            630290.79,
            5219343.62
          ],
          [
            630286.44,
            5219346.52
          ],
          [
            630285.25,
            5219349.11
          ],
          [
            630280.9,
            5219352.01
          ],
          [
            630279.7,
            5219354.61
          ],
          [
            630275.36,
            5219357.5
          ],
          [
            630274.16,
            5219360.1
          ],
          [
            630269.82,
            5219362.99
          ],
          [
            630268.61,
            5219365.59
          ],
          [
            630264.28,
            5219368.47
          ],
          [
            630263.06,
            5219371.09
          ],
          [
            630261.17,
            5219372.96
          ],
          [
            630261.09,
            5219373.02
          ],
          [
            630261.0,
            5219373.08
          ],
          [
            630260.91,
            5219373.13
          ],
          [
            630258.98,
            5219373.85
          ],
          [
            630256.66,
            5219373.66
          ],
          [
            630253.36,
            5219375.97
          ],
          [
            630251.06,
            5219375.77
          ],
          [
            630246.35,
            5219376.47
          ],
          [
            630245.5,
            5219374.23
          ],
          [
            630242.96,
            5219370.24
          ],
          [
            630240.42,
            5219366.26
          ],
          [
            630237.88,
            5219362.27
          ],
          [
            630235.34,
            5219358.29
          ],
          [
            630232.8,
            5219354.3
          ],
          [
            630230.26,
            5219350.32
          ],
          [
            630227.72,
            5219346.33
          ],
          [
            630225.18,
            5219342.35
          ],
          [
            630222.67,
            5219343.94
          ],
          [
            630224.98,
            5219347.62
          ],
          [
            630227.29,
            5219351.3
          ],
          [
            630229.61,
            5219354.98
          ],
          [
            630231.92,
            5219358.66
          ],
          [
            630234.23,
            5219362.33
          ],
          [
            630236.55,
            5219366.01
          ],
          [
            630234.23,
            5219362.33
          ],
          [
            630231.92,
            5219358.66
          ],
          [
            630229.61,
            5219354.98
          ],
          [
            630227.29,
            5219351.3
          ],
          [
            630224.98,
            5219347.62
          ],
          [
            630222.67,
            5219343.94
          ],
          [
            630225.18,
            5219342.35
          ],
          [
            630227.72,
            5219346.33
          ],
          [
            630230.26,
            5219350.32
          ],
          [
            630232.8,
            5219354.3
          ],
          [
            630235.34,
            5219358.29
          ],
          [
            630237.88,
            5219362.27
          ],
          [
            630240.42,
            5219366.26
          ],
          [
            630242.96,
            5219370.24
          ],
          [
            630245.5,
            5219374.23
          ],
          [
            630246.35,
            5219376.47
          ],
          [
            630241.3,
            5219380.23
          ],
          [
            630239.83,
            5219382.58
          ],
          [
            630235.24,
            5219384.77
          ],
          [
            630233.78,
            5219387.12
          ],
          [
            630229.17,
            5219389.32
          ],
          [
            630227.72,
            5219391.65
          ],
          [
            630223.1,
            5219393.86
          ],
          [
            630221.66,
            5219396.19
          ],
          [
            630217.03,
            5219398.41
          ],
          [
            630215.61,
            5219400.72
          ],
          [
            630211.58,
            5219403.74
          ],
          [
            630208.95,
            5219404.46
          ],
          [
            630205.52,
            5219408.27
          ],
          [
            630202.88,
            5219409.0
          ],
          [
            630200.8,
            5219410.57
          ],
          [
            630199.11,
            5219412.25
          ],
          [
            630198.16,
            5219414.61
          ],
          [
            630194.21,
            5219417.14
          ],
          [
            630193.25,
            5219419.51
          ],
          [
            630189.3,
            5219422.04
          ],
          [
            630188.34,
            5219424.41
          ],
          [
            630184.4,
            5219426.94
          ],
          [
            630183.44,
            5219429.31
          ],
          [
            630179.49,
            5219431.83
          ],
          [
            630178.53,
            5219434.21
          ],
          [
            630174.59,
            5219436.73
          ],
          [
            630173.62,
            5219439.1
          ],
          [
            630169.68,
            5219441.62
          ],
          [
            630168.71,
            5219444.0
          ],
          [
            630166.99,
            5219445.7
          ],
          [
            630167.62,
            5219446.49
          ],
          [
            630166.99,
            5219445.7
          ],
          [
            630164.69,
            5219447.19
          ],
          [
            630161.88,
            5219447.79
          ],
          [
            630158.03,
            5219451.43
          ],
          [
            630155.22,
            5219452.04
          ],
          [
            630151.36,
            5219455.68
          ],
          [
            630148.56,
            5219456.28
          ],
          [
            630144.7,
            5219459.93
          ],
          [
            630141.9,
            5219460.53
          ],
          [
            630138.04,
            5219464.18
          ],
          [
            630135.24,
            5219464.78
          ],
          [
            630131.38,
            5219468.42
          ],
          [
            630128.57,
            5219469.02
          ],
          [
            630126.31,
            5219470.47
          ],
          [
            630126.23,
            5219470.54
          ],
          [
            630124.47,
            5219472.27
          ],
          [
            630123.42,
            5219474.71
          ],
          [
            630119.32,
            5219477.36
          ],
          [
            630118.28,
            5219479.81
          ],
          [
            630114.18,
            5219482.46
          ],
          [
            630113.13,
            5219484.9
          ],
          [
            630109.03,
            5219487.55
          ],
          [
            630107.98,
            5219489.99
          ],
          [
            630103.88,
            5219492.64
          ],
          [
            630102.84,
            5219495.08
          ],
          [
            630098.73,
            5219497.74
          ],
          [
            630097.69,
            5219500.17
          ],
          [
            630093.59,
            5219502.83
          ],
          [
            630092.55,
            5219505.26
          ],
          [
            630088.44,
            5219507.92
          ],
          [
            630087.4,
            5219510.36
          ],
          [
            630085.64,
            5219512.1
          ],
          [
            630083.72,
            5219513.54
          ],
          [
            630081.23,
            5219514.16
          ],
          [
            630078.13,
            5219517.75
          ],
          [
            630075.64,
            5219518.37
          ],
          [
            630072.53,
            5219521.95
          ],
          [
            630070.05,
            5219522.57
          ],
          [
            630066.94,
            5219526.16
          ],
          [
            630064.46,
            5219526.77
          ],
          [
            630061.34,
            5219530.36
          ],
          [
            630058.86,
            5219530.98
          ],
          [
            630055.75,
            5219534.57
          ],
          [
            630053.27,
            5219535.18
          ],
          [
            630050.16,
            5219538.77
          ],
          [
            630047.68,
            5219539.38
          ],
          [
            630045.8,
            5219540.8
          ],
          [
            630043.8,
            5219542.43
          ],
          [
            630042.45,
            5219544.82
          ],
          [
            630037.85,
            5219547.28
          ],
          [
            630036.5,
            5219549.68
          ],
          [
            630031.9,
            5219552.13
          ],
          [
            630030.55,
            5219554.53
          ],
          [
            630025.96,
            5219556.98
          ],
          [
            630024.6,
            5219559.38
          ],
          [
            630020.01,
            5219561.83
          ],
          [
            630018.65,
            5219564.23
          ],
          [
            630014.06,
            5219566.68
          ],
          [
            630012.7,
            5219569.08
          ],
          [
            630008.11,
            5219571.54
          ],
          [
            630006.75,
            5219573.93
          ],
          [
            630002.79,
            5219577.17
          ],
          [
            630000.17,
            5219578.0
          ],
          [
            629996.21,
            5219581.24
          ],
          [
            629994.85,
            5219583.63
          ],
          [
            629990.97,
            5219586.77
          ],
          [
            629988.43,
            5219587.51
          ],
          [
            629985.26,
            5219591.32
          ],
          [
            629982.73,
            5219592.06
          ],
          [
            629979.56,
            5219595.87
          ],
          [
            629977.03,
            5219596.6
          ],
          [
            629973.86,
            5219600.41
          ],
          [
            629971.33,
            5219601.15
          ],
          [
            629967.53,
            5219604.18
          ],
          [
            629966.25,
            5219606.48
          ],
          [
            629962.45,
            5219609.51
          ],
          [
            629959.92,
            5219610.25
          ],
          [
            629956.75,
            5219614.06
          ],
          [
            629954.22,
            5219614.79
          ],
          [
            629951.05,
            5219618.6
          ],
          [
            629948.52,
            5219619.34
          ],
          [
            629945.35,
            5219623.15
          ],
          [
            629942.82,
            5219623.89
          ],
          [
            629939.65,
            5219627.7
          ],
          [
            629937.12,
            5219628.44
          ],
          [
            629933.95,
            5219632.24
          ],
          [
            629931.41,
            5219632.99
          ],
          [
            629929.49,
            5219634.52
          ],
          [
            629928.31,
            5219636.88
          ],
          [
            629925.73,
            5219637.8
          ],
          [
            629922.74,
            5219641.74
          ],
          [
            629920.06,
            5219642.76
          ],
          [
            629917.18,
            5219646.61
          ],
          [
            629914.39,
            5219647.71
          ],
          [
            629911.61,
            5219651.47
          ],
          [
            629908.73,
            5219652.66
          ],
          [
            629906.05,
            5219656.33
          ],
          [
            629903.06,
            5219657.62
          ],
          [
            629901.38,
            5219660.28
          ],
          [
            629898.45,
            5219660.69
          ],
          [
            629897.04,
            5219662.34
          ],
          [
            629893.71,
            5219663.7
          ],
          [
            629891.59,
            5219663.48
          ],
          [
            629889.73,
            5219664.25
          ],
          [
            629889.59,
            5219664.33
          ],
          [
            629887.78,
            5219665.9
          ],
          [
            629886.63,
            5219668.22
          ],
          [
            629882.49,
            5219670.47
          ],
          [
            629881.36,
            5219672.77
          ],
          [
            629877.87,
            5219675.79
          ],
          [
            629875.46,
            5219676.55
          ],
          [
            629872.6,
            5219680.34
          ],
          [
            629870.17,
            5219681.12
          ],
          [
            629868.36,
            5219682.69
          ],
          [
            629868.29,
            5219682.76
          ],
          [
            629866.7,
            5219684.83
          ],
          [
            629865.83,
            5219687.59
          ],
          [
            629861.95,
            5219690.99
          ],
          [
            629861.02,
            5219693.84
          ],
          [
            629858.0,
            5219696.1
          ],
          [
            629854.98,
            5219695.18
          ],
          [
            629852.43,
            5219696.07
          ],
          [
            629850.41,
            5219695.92
          ],
          [
            629848.35,
            5219694.77
          ],
          [
            629847.0,
            5219692.8
          ],
          [
            629843.49,
            5219690.7
          ],
          [
            629841.2,
            5219690.5
          ],
          [
            629838.16,
            5219687.52
          ],
          [
            629835.81,
            5219687.28
          ],
          [
            629833.87,
            5219686.1
          ],
          [
            629833.72,
            5219685.96
          ],
          [
            629832.56,
            5219684.38
          ],
          [
            629832.22,
            5219682.2
          ],
          [
            629829.22,
            5219679.79
          ],
          [
            629828.9,
            5219677.65
          ],
          [
            629826.7,
            5219674.64
          ],
          [
            629828.9,
            5219677.65
          ],
          [
            629829.22,
            5219679.79
          ],
          [
            629832.22,
            5219682.2
          ],
          [
            629832.56,
            5219684.38
          ],
          [
            629833.72,
            5219685.96
          ],
          [
            629833.87,
            5219686.1
          ],
          [
            629835.81,
            5219687.28
          ],
          [
            629838.16,
            5219687.52
          ],
          [
            629841.2,
            5219690.5
          ],
          [
            629843.49,
            5219690.7
          ],
          [
            629847.0,
            5219692.8
          ],
          [
            629848.35,
            5219694.77
          ],
          [
            629850.41,
            5219695.92
          ],
          [
            629852.43,
            5219696.07
          ],
          [
            629854.98,
            5219695.18
          ],
          [
            629858.0,
            5219696.1
          ],
          [
            629861.02,
            5219693.84
          ],
          [
            629861.95,
            5219690.99
          ],
          [
            629865.83,
            5219687.59
          ],
          [
            629866.7,
            5219684.83
          ],
          [
            629868.29,
            5219682.76
          ],
          [
            629868.36,
            5219682.69
          ],
          [
            629870.17,
            5219681.12
          ],
          [
            629872.6,
            5219680.34
          ],
          [
            629875.46,
            5219676.55
          ],
          [
            629877.87,
            5219675.79
          ],
          [
            629881.36,
            5219672.77
          ],
          [
            629882.49,
            5219670.47
          ],
          [
            629886.63,
            5219668.22
          ],
          [
            629887.78,
            5219665.9
          ],
          [
            629889.59,
            5219664.33
          ],
          [
            629889.73,
            5219664.25
          ],
          [
            629889.23,
            5219663.37
          ],
          [
            629889.73,
            5219664.25
          ],
          [
            629891.59,
            5219663.48
          ],
          [
            629893.71,
            5219663.7
          ],
          [
            629897.04,
            5219662.34
          ],
          [
            629898.45,
            5219660.69
          ],
          [
            629901.38,
            5219660.28
          ],
          [
            629904.03,
            5219662.39
          ],
          [
            629906.94,
            5219662.66
          ],
          [
            629909.01,
            5219663.66
          ],
          [
            629909.17,
            5219663.77
          ],
          [
            629910.85,
            5219665.61
          ],
          [
            629911.75,
            5219668.08
          ],
          [
            629913.38,
            5219669.86
          ],
          [
            629915.4,
            5219671.51
          ],
          [
            629918.02,
            5219672.36
          ],
          [
            629921.3,
            5219676.31
          ],
          [
            629923.91,
            5219677.15
          ],
          [
            629927.2,
            5219681.1
          ],
          [
            629929.81,
            5219681.93
          ],
          [
            629933.73,
            5219685.12
          ],
          [
            629935.06,
            5219687.49
          ],
          [
            629939.62,
            5219689.91
          ],
          [
            629940.96,
            5219692.29
          ],
          [
            629945.42,
            5219694.54
          ],
          [
            629946.76,
            5219696.83
          ],
          [
            629951.12,
            5219698.91
          ],
          [
            629952.54,
            5219701.26
          ],
          [
            629956.82,
            5219703.28
          ],
          [
            629958.31,
            5219705.69
          ],
          [
            629962.51,
            5219707.64
          ],
          [
            629964.09,
            5219710.11
          ],
          [
            629968.2,
            5219712.0
          ],
          [
            629969.86,
            5219714.54
          ],
          [
            629972.78,
            5219715.61
          ],
          [
            629973.97,
            5219718.24
          ],
          [
            629976.24,
            5219719.23
          ],
          [
            629978.09,
            5219722.73
          ],
          [
            629980.24,
            5219723.6
          ],
          [
            629981.56,
            5219725.04
          ],
          [
            629982.31,
            5219727.55
          ],
          [
            629984.65,
            5219728.86
          ],
          [
            629986.86,
            5219733.2
          ],
          [
            629990.51,
            5219739.31
          ],
          [
            629988.98,
            5219740.55
          ],
          [
            629986.32,
            5219744.12
          ],
          [
            629983.65,
            5219747.69
          ],
          [
            629986.32,
            5219744.12
          ],
          [
            629988.98,
            5219740.55
          ],
          [
            629990.51,
            5219739.31
          ],
          [
            629998.25,
            5219745.92
          ],
          [
            629998.63,
            5219748.02
          ],
          [
            629998.95,
            5219748.22
          ],
          [
            629999.38,
            5219748.71
          ],
          [
            629999.77,
            5219749.24
          ],
          [
            629999.9,
            5219749.6
          ],
          [
            630002.19,
            5219750.8
          ],
          [
            630001.57,
            5219752.07
          ],
          [
            630003.01,
            5219753.63
          ],
          [
            630005.98,
            5219756.88
          ],
          [
            630008.34,
            5219758.21
          ],
          [
            630010.68,
            5219762.69
          ],
          [
            630013.05,
            5219764.04
          ],
          [
            630014.66,
            5219766.04
          ],
          [
            630014.72,
            5219766.13
          ],
          [
            630015.78,
            5219768.29
          ],
          [
            630015.93,
            5219770.87
          ],
          [
            630018.88,
            5219774.6
          ],
          [
            630019.02,
            5219777.15
          ],
          [
            630021.09,
            5219781.4
          ],
          [
            630023.04,
            5219783.16
          ],
          [
            630024.22,
            5219787.93
          ],
          [
            630026.2,
            5219789.72
          ],
          [
            630027.36,
            5219794.45
          ],
          [
            630029.35,
            5219796.27
          ],
          [
            630030.5,
            5219800.98
          ],
          [
            630032.5,
            5219802.83
          ],
          [
            630033.57,
            5219805.06
          ],
          [
            630034.21,
            5219806.72
          ],
          [
            630033.09,
            5219808.73
          ],
          [
            630033.9,
            5219810.8
          ],
          [
            630033.05,
            5219811.67
          ],
          [
            630032.6,
            5219812.33
          ],
          [
            630030.59,
            5219813.43
          ],
          [
            630031.11,
            5219816.1
          ],
          [
            630029.94,
            5219818.28
          ],
          [
            630027.93,
            5219817.34
          ],
          [
            630027.41,
            5219817.59
          ],
          [
            630027.09,
            5219817.83
          ],
          [
            630025.26,
            5219820.06
          ],
          [
            630024.78,
            5219823.31
          ],
          [
            630020.3,
            5219826.24
          ],
          [
            630019.84,
            5219829.47
          ],
          [
            630015.34,
            5219832.42
          ],
          [
            630014.89,
            5219835.63
          ],
          [
            630010.38,
            5219838.59
          ],
          [
            630009.94,
            5219841.8
          ],
          [
            630005.42,
            5219844.77
          ],
          [
            630005.0,
            5219847.96
          ],
          [
            630000.46,
            5219850.95
          ],
          [
            630000.05,
            5219854.12
          ],
          [
            629995.5,
            5219857.13
          ],
          [
            629995.1,
            5219860.29
          ],
          [
            629990.54,
            5219863.31
          ],
          [
            629990.15,
            5219866.45
          ],
          [
            629985.57,
            5219869.49
          ],
          [
            629985.21,
            5219872.61
          ],
          [
            629983.54,
            5219874.69
          ],
          [
            629982.17,
            5219876.26
          ],
          [
            629979.54,
            5219876.74
          ],
          [
            629978.11,
            5219880.93
          ],
          [
            629975.48,
            5219881.4
          ],
          [
            629974.05,
            5219885.59
          ],
          [
            629971.42,
            5219886.07
          ],
          [
            629969.99,
            5219890.25
          ],
          [
            629967.36,
            5219890.73
          ],
          [
            629965.97,
            5219892.34
          ],
          [
            629964.66,
            5219894.1
          ],
          [
            629964.7,
            5219896.83
          ],
          [
            629960.84,
            5219899.22
          ],
          [
            629960.89,
            5219901.95
          ],
          [
            629957.03,
            5219904.35
          ],
          [
            629957.07,
            5219907.07
          ],
          [
            629953.21,
            5219909.47
          ],
          [
            629953.26,
            5219912.2
          ],
          [
            629951.96,
            5219913.95
          ],
          [
            629950.43,
            5219915.74
          ],
          [
            629947.65,
            5219916.44
          ],
          [
            629945.95,
            5219921.01
          ],
          [
            629943.17,
            5219921.71
          ],
          [
            629941.47,
            5219926.27
          ],
          [
            629938.68,
            5219926.97
          ],
          [
            629936.99,
            5219931.54
          ],
          [
            629934.2,
            5219932.24
          ],
          [
            629932.51,
            5219936.8
          ],
          [
            629929.72,
            5219937.51
          ],
          [
            629928.03,
            5219942.07
          ],
          [
            629925.24,
            5219942.77
          ],
          [
            629923.7,
            5219944.59
          ],
          [
            629922.16,
            5219946.79
          ],
          [
            629922.03,
            5219949.91
          ],
          [
            629917.71,
            5219953.19
          ],
          [
            629917.58,
            5219956.3
          ],
          [
            629913.26,
            5219959.59
          ],
          [
            629913.13,
            5219962.69
          ],
          [
            629908.81,
            5219965.98
          ],
          [
            629908.69,
            5219969.08
          ],
          [
            629904.36,
            5219972.38
          ],
          [
            629904.24,
            5219975.47
          ],
          [
            629902.75,
            5219977.61
          ],
          [
            629901.21,
            5219979.74
          ],
          [
            629898.32,
            5219980.87
          ],
          [
            629896.61,
            5219986.05
          ],
          [
            629893.73,
            5219987.18
          ],
          [
            629892.02,
            5219992.37
          ],
          [
            629889.14,
            5219993.5
          ],
          [
            629887.43,
            5219998.69
          ],
          [
            629884.55,
            5219999.82
          ],
          [
            629882.84,
            5220005.01
          ],
          [
            629879.96,
            5220006.13
          ],
          [
            629876.9,
            5220010.34
          ],
          [
            629876.72,
            5220013.43
          ],
          [
            629873.65,
            5220017.64
          ],
          [
            629870.78,
            5220018.77
          ],
          [
            629867.72,
            5220022.98
          ],
          [
            629867.53,
            5220026.07
          ],
          [
            629863.13,
            5220029.29
          ],
          [
            629862.94,
            5220032.38
          ],
          [
            629861.4,
            5220034.5
          ],
          [
            629859.96,
            5220036.41
          ],
          [
            629857.2,
            5220037.3
          ],
          [
            629855.68,
            5220042.08
          ],
          [
            629852.92,
            5220042.97
          ],
          [
            629850.07,
            5220046.75
          ],
          [
            629849.98,
            5220049.64
          ],
          [
            629847.12,
            5220053.42
          ],
          [
            629844.36,
            5220054.31
          ],
          [
            629841.51,
            5220058.09
          ],
          [
            629841.41,
            5220060.99
          ],
          [
            629838.56,
            5220064.77
          ],
          [
            629835.8,
            5220065.65
          ],
          [
            629832.95,
            5220069.43
          ],
          [
            629832.85,
            5220072.33
          ],
          [
            629831.41,
            5220074.24
          ],
          [
            629830.04,
            5220075.99
          ],
          [
            629827.26,
            5220076.81
          ],
          [
            629825.85,
            5220081.31
          ],
          [
            629822.98,
            5220082.25
          ],
          [
            629821.66,
            5220086.63
          ],
          [
            629818.7,
            5220087.69
          ],
          [
            629817.47,
            5220091.95
          ],
          [
            629814.42,
            5220093.13
          ],
          [
            629813.55,
            5220096.87
          ],
          [
            629810.47,
            5220097.98
          ],
          [
            629809.9,
            5220101.26
          ],
          [
            629806.53,
            5220102.69
          ],
          [
            629806.18,
            5220105.7
          ],
          [
            629802.58,
            5220107.39
          ],
          [
            629802.45,
            5220110.14
          ],
          [
            629801.25,
            5220111.57
          ],
          [
            629799.6,
            5220113.3
          ],
          [
            629796.65,
            5220114.0
          ],
          [
            629794.65,
            5220118.52
          ],
          [
            629791.58,
            5220119.33
          ],
          [
            629789.3,
            5220121.73
          ],
          [
            629787.75,
            5220120.63
          ],
          [
            629787.13,
            5220121.19
          ],
          [
            629787.31,
            5220120.21
          ],
          [
            629786.14,
            5220120.82
          ],
          [
            629785.76,
            5220119.68
          ],
          [
            629782.58,
            5220118.88
          ],
          [
            629770.21,
            5220116.1
          ],
          [
            629759.73,
            5220113.17
          ],
          [
            629753.43,
            5220110.56
          ],
          [
            629741.96,
            5220108.72
          ],
          [
            629736.63,
            5220108.42
          ],
          [
            629734.34,
            5220106.82
          ],
          [
            629729.26,
            5220105.55
          ],
          [
            629715.93,
            5220101.19
          ],
          [
            629716.2,
            5220100.11
          ],
          [
            629719.12,
            5220096.29
          ],
          [
            629722.03,
            5220092.47
          ],
          [
            629724.94,
            5220088.64
          ],
          [
            629727.86,
            5220084.82
          ],
          [
            629724.94,
            5220088.64
          ],
          [
            629722.03,
            5220092.47
          ],
          [
            629719.12,
            5220096.29
          ],
          [
            629716.2,
            5220100.11
          ],
          [
            629715.93,
            5220101.19
          ],
          [
            629706.41,
            5220099.84
          ],
          [
            629700.54,
            5220097.34
          ],
          [
            629700.54,
            5220097.34
          ],
          [
            629703.54,
            5220093.39
          ],
          [
            629706.55,
            5220089.45
          ],
          [
            629709.55,
            5220085.51
          ],
          [
            629712.56,
            5220081.56
          ],
          [
            629709.55,
            5220085.51
          ],
          [
            629706.55,
            5220089.45
          ],
          [
            629703.54,
            5220093.39
          ],
          [
            629700.54,
            5220097.34
          ],
          [
            629700.54,
            5220097.34
          ],
          [
            629698.8,
            5220097.93
          ],
          [
            629697.47,
            5220096.68
          ],
          [
            629697.47,
            5220096.68
          ],
          [
            629700.48,
            5220092.72
          ],
          [
            629703.5,
            5220088.77
          ],
          [
            629706.51,
            5220084.81
          ],
          [
            629709.53,
            5220080.85
          ],
          [
            629712.54,
            5220076.9
          ],
          [
            629715.56,
            5220072.94
          ],
          [
            629712.54,
            5220076.9
          ],
          [
            629709.53,
            5220080.85
          ],
          [
            629706.51,
            5220084.81
          ],
          [
            629703.5,
            5220088.77
          ],
          [
            629700.48,
            5220092.72
          ],
          [
            629697.47,
            5220096.68
          ],
          [
            629697.47,
            5220096.68
          ],
          [
            629696.0,
            5220098.27
          ],
          [
            629694.36,
            5220098.89
          ],
          [
            629693.56,
            5220102.12
          ],
          [
            629690.54,
            5220106.03
          ],
          [
            629687.53,
            5220109.95
          ],
          [
            629684.51,
            5220113.87
          ],
          [
            629681.49,
            5220117.78
          ],
          [
            629678.48,
            5220121.7
          ],
          [
            629675.46,
            5220125.62
          ],
          [
            629672.44,
            5220129.53
          ],
          [
            629669.43,
            5220133.45
          ],
          [
            629666.41,
            5220137.36
          ],
          [
            629663.4,
            5220141.28
          ],
          [
            629660.38,
            5220145.2
          ],
          [
            629657.36,
            5220149.11
          ],
          [
            629654.35,
            5220153.03
          ],
          [
            629651.33,
            5220156.94
          ],
          [
            629648.32,
            5220160.86
          ],
          [
            629645.3,
            5220164.78
          ],
          [
            629642.28,
            5220168.69
          ],
          [
            629639.27,
            5220172.61
          ],
          [
            629636.25,
            5220176.53
          ],
          [
            629638.34,
            5220178.12
          ],
          [
            629641.35,
            5220174.2
          ],
          [
            629644.36,
            5220170.28
          ],
          [
            629647.37,
            5220166.36
          ],
          [
            629650.38,
            5220162.44
          ],
          [
            629653.39,
            5220158.52
          ],
          [
            629656.4,
            5220154.6
          ],
          [
            629659.41,
            5220150.68
          ],
          [
            629662.42,
            5220146.76
          ],
          [
            629665.43,
            5220142.84
          ],
          [
            629668.44,
            5220138.92
          ],
          [
            629671.46,
            5220135.0
          ],
          [
            629674.47,
            5220131.08
          ],
          [
            629677.48,
            5220127.16
          ],
          [
            629680.49,
            5220123.24
          ],
          [
            629683.5,
            5220119.32
          ],
          [
            629686.51,
            5220115.4
          ],
          [
            629689.52,
            5220111.48
          ],
          [
            629692.53,
            5220107.56
          ],
          [
            629695.54,
            5220103.64
          ],
          [
            629693.56,
            5220102.12
          ],
          [
            629694.36,
            5220098.89
          ],
          [
            629688.38,
            5220096.36
          ],
          [
            629679.87,
            5220095.26
          ],
          [
            629679.37,
            5220097.24
          ],
          [
            629676.36,
            5220101.17
          ],
          [
            629673.34,
            5220105.11
          ],
          [
            629670.32,
            5220109.04
          ],
          [
            629667.31,
            5220112.97
          ],
          [
            629670.32,
            5220109.04
          ],
          [
            629673.34,
            5220105.11
          ],
          [
            629676.36,
            5220101.17
          ],
          [
            629679.37,
            5220097.24
          ],
          [
            629679.87,
            5220095.26
          ],
          [
            629673.15,
            5220092.55
          ],
          [
            629670.28,
            5220092.87
          ],
          [
            629669.63,
            5220095.48
          ],
          [
            629666.75,
            5220099.2
          ],
          [
            629663.87,
            5220102.91
          ],
          [
            629660.98,
            5220106.63
          ],
          [
            629663.87,
            5220102.91
          ],
          [
            629666.75,
            5220099.2
          ],
          [
            629669.63,
            5220095.48
          ],
          [
            629670.28,
            5220092.87
          ],
          [
            629665.53,
            5220090.65
          ],
          [
            629660.64,
            5220090.46
          ],
          [
            629660.5,
            5220091.02
          ],
          [
            629657.49,
            5220094.95
          ],
          [
            629654.49,
            5220098.89
          ],
          [
            629651.48,
            5220102.82
          ],
          [
            629648.47,
            5220106.75
          ],
          [
            629645.46,
            5220110.68
          ],
          [
            629642.45,
            5220114.61
          ],
          [
            629639.44,
            5220118.54
          ],
          [
            629636.43,
            5220122.48
          ],
          [
            629633.42,
            5220126.41
          ],
          [
            629630.41,
            5220130.34
          ],
          [
            629627.4,
            5220134.27
          ],
          [
            629624.39,
            5220138.2
          ],
          [
            629621.39,
            5220142.14
          ],
          [
            629618.38,
            5220146.07
          ],
          [
            629615.37,
            5220150.0
          ],
          [
            629612.36,
            5220153.93
          ],
          [
            629609.35,
            5220157.86
          ],
          [
            629606.34,
            5220161.79
          ],
          [
            629603.33,
            5220165.73
          ],
          [
            629600.32,
            5220169.66
          ],
          [
            629597.31,
            5220173.59
          ],
          [
            629596.98,
            5220174.66
          ],
          [
            629603.59,
            5220177.79
          ],
          [
            629610.0,
            5220178.76
          ],
          [
            629610.38,
            5220177.57
          ],
          [
            629613.32,
            5220173.74
          ],
          [
            629616.27,
            5220169.91
          ],
          [
            629619.21,
            5220166.08
          ],
          [
            629622.15,
            5220162.25
          ],
          [
            629625.09,
            5220158.42
          ],
          [
            629628.04,
            5220154.59
          ],
          [
            629625.09,
            5220158.42
          ],
          [
            629622.15,
            5220162.25
          ],
          [
            629619.21,
            5220166.08
          ],
          [
            629616.27,
            5220169.91
          ],
          [
            629613.32,
            5220173.74
          ],
          [
            629610.38,
            5220177.57
          ],
          [
            629610.0,
            5220178.76
          ],
          [
            629618.23,
            5220182.4
          ],
          [
            629623.92,
            5220186.29
          ],
          [
            629622.89,
            5220189.55
          ],
          [
            629619.9,
            5220193.48
          ],
          [
            629616.92,
            5220197.41
          ],
          [
            629613.93,
            5220201.33
          ],
          [
            629610.95,
            5220205.26
          ],
          [
            629607.96,
            5220209.18
          ],
          [
            629604.98,
            5220213.11
          ],
          [
            629601.99,
            5220217.04
          ],
          [
            629599.0,
            5220220.96
          ],
          [
            629596.02,
            5220224.89
          ],
          [
            629593.03,
            5220228.82
          ],
          [
            629590.05,
            5220232.74
          ],
          [
            629587.06,
            5220236.67
          ],
          [
            629584.08,
            5220240.59
          ],
          [
            629587.06,
            5220236.67
          ],
          [
            629590.05,
            5220232.74
          ],
          [
            629593.03,
            5220228.82
          ],
          [
            629596.02,
            5220224.89
          ],
          [
            629599.0,
            5220220.96
          ],
          [
            629601.99,
            5220217.04
          ],
          [
            629604.98,
            5220213.11
          ],
          [
            629607.96,
            5220209.18
          ],
          [
            629610.95,
            5220205.26
          ],
          [
            629613.93,
            5220201.33
          ],
          [
            629616.92,
            5220197.41
          ],
          [
            629619.9,
            5220193.48
          ],
          [
            629622.89,
            5220189.55
          ],
          [
            629623.92,
            5220186.29
          ],
          [
            629625.56,
            5220184.71
          ],
          [
            629624.68,
            5220183.39
          ],
          [
            629625.08,
            5220182.14
          ],
          [
            629628.03,
            5220178.28
          ],
          [
            629630.98,
            5220174.42
          ],
          [
            629633.94,
            5220170.56
          ],
          [
            629636.89,
            5220166.7
          ],
          [
            629639.84,
            5220162.85
          ],
          [
            629642.79,
            5220158.99
          ],
          [
            629645.75,
            5220155.13
          ],
          [
            629648.7,
            5220151.27
          ],
          [
            629651.65,
            5220147.41
          ],
          [
            629654.6,
            5220143.55
          ],
          [
            629657.56,
            5220139.7
          ],
          [
            629660.51,
            5220135.84
          ],
          [
            629663.46,
            5220131.98
          ],
          [
            629666.42,
            5220128.12
          ],
          [
            629669.37,
            5220124.26
          ],
          [
            629672.32,
            5220120.41
          ],
          [
            629675.27,
            5220116.55
          ],
          [
            629672.32,
            5220120.41
          ],
          [
            629669.37,
            5220124.26
          ],
          [
            629666.42,
            5220128.12
          ],
          [
            629663.46,
            5220131.98
          ],
          [
            629660.51,
            5220135.84
          ],
          [
            629657.56,
            5220139.7
          ],
          [
            629654.6,
            5220143.55
          ],
          [
            629651.65,
            5220147.41
          ],
          [
            629648.7,
            5220151.27
          ],
          [
            629645.75,
            5220155.13
          ],
          [
            629642.79,
            5220158.99
          ],
          [
            629639.84,
            5220162.85
          ],
          [
            629636.89,
            5220166.7
          ],
          [
            629633.94,
            5220170.56
          ],
          [
            629630.98,
            5220174.42
          ],
          [
            629628.03,
            5220178.28
          ],
          [
            629625.08,
            5220182.14
          ],
          [
            629624.68,
            5220183.39
          ],
          [
            629625.56,
            5220184.71
          ],
          [
            629627.33,
            5220184.22
          ],
          [
            629627.49,
            5220183.71
          ],
          [
            629630.48,
            5220179.81
          ],
          [
            629633.47,
            5220175.9
          ],
          [
            629636.46,
            5220172.0
          ],
          [
            629639.44,
            5220168.09
          ],
          [
            629642.43,
            5220164.19
          ],
          [
            629645.42,
            5220160.29
          ],
          [
            629648.41,
            5220156.38
          ],
          [
            629651.4,
            5220152.48
          ],
          [
            629654.39,
            5220148.57
          ],
          [
            629657.38,
            5220144.67
          ],
          [
            629660.36,
            5220140.76
          ],
          [
            629663.35,
            5220136.86
          ],
          [
            629666.34,
            5220132.95
          ],
          [
            629669.33,
            5220129.05
          ],
          [
            629666.34,
            5220132.95
          ],
          [
            629663.35,
            5220136.86
          ],
          [
            629660.36,
            5220140.76
          ],
          [
            629657.38,
            5220144.67
          ],
          [
            629654.39,
            5220148.57
          ],
          [
            629651.4,
            5220152.48
          ],
          [
            629648.41,
            5220156.38
          ],
          [
            629645.42,
            5220160.29
          ],
          [
            629642.43,
            5220164.19
          ],
          [
            629639.44,
            5220168.09
          ],
          [
            629636.46,
            5220172.0
          ],
          [
            629633.47,
            5220175.9
          ],
          [
            629630.48,
            5220179.81
          ],
          [
            629627.49,
            5220183.71
          ],
          [
            629627.33,
            5220184.22
          ],
          [
            629632.88,
            5220187.02
          ],
          [
            629644.29,
            5220189.57
          ],
          [
            629644.43,
            5220189.14
          ],
          [
            629647.43,
            5220185.21
          ],
          [
            629650.44,
            5220181.28
          ],
          [
            629653.45,
            5220177.36
          ],
          [
            629656.45,
            5220173.43
          ],
          [
            629659.46,
            5220169.5
          ],
          [
            629662.46,
            5220165.57
          ],
          [
            629665.47,
            5220161.64
          ],
          [
            629668.48,
            5220157.72
          ],
          [
            629671.48,
            5220153.79
          ],
          [
            629674.49,
            5220149.86
          ],
          [
            629677.5,
            5220145.93
          ],
          [
            629680.5,
            5220142.0
          ],
          [
            629677.5,
            5220145.93
          ],
          [
            629674.49,
            5220149.86
          ],
          [
            629671.48,
            5220153.79
          ],
          [
            629668.48,
            5220157.72
          ],
          [
            629665.47,
            5220161.64
          ],
          [
            629662.46,
            5220165.57
          ],
          [
            629659.46,
            5220169.5
          ],
          [
            629656.45,
            5220173.43
          ],
          [
            629653.45,
            5220177.36
          ],
          [
            629650.44,
            5220181.28
          ],
          [
            629647.43,
            5220185.21
          ],
          [
            629644.43,
            5220189.14
          ],
          [
            629644.29,
            5220189.57
          ],
          [
            629654.85,
            5220193.94
          ],
          [
            629659.09,
            5220194.23
          ],
          [
            629659.14,
            5220194.07
          ],
          [
            629662.16,
            5220190.13
          ],
          [
            629665.18,
            5220186.18
          ],
          [
            629668.2,
            5220182.24
          ],
          [
            629671.22,
            5220178.29
          ],
          [
            629674.24,
            5220174.34
          ],
          [
            629677.26,
            5220170.4
          ],
          [
            629680.28,
            5220166.45
          ],
          [
            629683.3,
            5220162.51
          ],
          [
            629686.32,
            5220158.56
          ],
          [
            629689.34,
            5220154.62
          ],
          [
            629692.36,
            5220150.67
          ],
          [
            629695.38,
            5220146.72
          ],
          [
            629698.4,
            5220142.78
          ],
          [
            629701.42,
            5220138.83
          ],
          [
            629704.44,
            5220134.89
          ],
          [
            629707.46,
            5220130.94
          ],
          [
            629710.48,
            5220127.0
          ],
          [
            629713.5,
            5220123.05
          ],
          [
            629716.52,
            5220119.1
          ],
          [
            629719.54,
            5220115.16
          ],
          [
            629722.56,
            5220111.21
          ],
          [
            629724.41,
            5220112.63
          ],
          [
            629721.41,
            5220116.56
          ],
          [
            629718.4,
            5220120.48
          ],
          [
            629715.4,
            5220124.41
          ],
          [
            629712.39,
            5220128.33
          ],
          [
            629709.39,
            5220132.26
          ],
          [
            629706.38,
            5220136.19
          ],
          [
            629703.38,
            5220140.11
          ],
          [
            629700.38,
            5220144.04
          ],
          [
            629697.37,
            5220147.97
          ],
          [
            629694.37,
            5220151.89
          ],
          [
            629691.36,
            5220155.82
          ],
          [
            629688.36,
            5220159.74
          ],
          [
            629685.36,
            5220163.67
          ],
          [
            629682.35,
            5220167.6
          ],
          [
            629679.35,
            5220171.52
          ],
          [
            629681.36,
            5220173.07
          ],
          [
            629683.32,
            5220174.32
          ],
          [
            629686.26,
            5220170.47
          ],
          [
            629689.2,
            5220166.62
          ],
          [
            629692.15,
            5220162.78
          ],
          [
            629695.09,
            5220158.93
          ],
          [
            629698.03,
            5220155.08
          ],
          [
            629700.97,
            5220151.23
          ],
          [
            629703.92,
            5220147.39
          ],
          [
            629706.86,
            5220143.54
          ],
          [
            629709.8,
            5220139.69
          ],
          [
            629712.75,
            5220135.84
          ],
          [
            629715.69,
            5220132.0
          ],
          [
            629718.63,
            5220128.15
          ],
          [
            629721.58,
            5220124.3
          ],
          [
            629724.52,
            5220120.45
          ],
          [
            629727.46,
            5220116.6
          ],
          [
            629730.4,
            5220112.76
          ],
          [
            629732.64,
            5220114.47
          ],
          [
            629729.7,
            5220118.32
          ],
          [
            629726.75,
            5220122.16
          ],
          [
            629723.81,
            5220126.01
          ],
          [
            629720.87,
            5220129.86
          ],
          [
            629717.92,
            5220133.71
          ],
          [
            629714.98,
            5220137.55
          ],
          [
            629712.04,
            5220141.4
          ],
          [
            629709.09,
            5220145.25
          ],
          [
            629706.15,
            5220149.1
          ],
          [
            629703.21,
            5220152.94
          ],
          [
            629700.26,
            5220156.79
          ],
          [
            629697.32,
            5220160.64
          ],
          [
            629694.38,
            5220164.48
          ],
          [
            629691.43,
            5220168.33
          ],
          [
            629688.49,
            5220172.18
          ],
          [
            629685.55,
            5220176.03
          ],
          [
            629683.32,
            5220174.32
          ],
          [
            629681.36,
            5220173.07
          ],
          [
            629679.35,
            5220171.52
          ],
          [
            629682.35,
            5220167.6
          ],
          [
            629685.36,
            5220163.67
          ],
          [
            629688.36,
            5220159.74
          ],
          [
            629691.36,
            5220155.82
          ],
          [
            629694.37,
            5220151.89
          ],
          [
            629697.37,
            5220147.97
          ],
          [
            629700.38,
            5220144.04
          ],
          [
            629703.38,
            5220140.11
          ],
          [
            629706.38,
            5220136.19
          ],
          [
            629709.39,
            5220132.26
          ],
          [
            629712.39,
            5220128.33
          ],
          [
            629715.4,
            5220124.41
          ],
          [
            629718.4,
            5220120.48
          ],
          [
            629721.41,
            5220116.56
          ],
          [
            629724.41,
            5220112.63
          ],
          [
            629722.56,
            5220111.21
          ],
          [
            629719.54,
            5220115.16
          ],
          [
            629716.52,
            5220119.1
          ],
          [
            629713.5,
            5220123.05
          ],
          [
            629710.48,
            5220127.0
          ],
          [
            629707.46,
            5220130.94
          ],
          [
            629704.44,
            5220134.89
          ],
          [
            629701.42,
            5220138.83
          ],
          [
            629698.4,
            5220142.78
          ],
          [
            629695.38,
            5220146.72
          ],
          [
            629692.36,
            5220150.67
          ],
          [
            629689.34,
            5220154.62
          ],
          [
            629686.32,
            5220158.56
          ],
          [
            629683.3,
            5220162.51
          ],
          [
            629680.28,
            5220166.45
          ],
          [
            629677.26,
            5220170.4
          ],
          [
            629674.24,
            5220174.34
          ],
          [
            629671.22,
            5220178.29
          ],
          [
            629668.2,
            5220182.24
          ],
          [
            629665.18,
            5220186.18
          ],
          [
            629662.16,
            5220190.13
          ],
          [
            629659.14,
            5220194.07
          ],
          [
            629659.09,
            5220194.23
          ],
          [
            629662.17,
            5220196.25
          ],
          [
            629666.53,
            5220199.72
          ],
          [
            629665.63,
            5220202.58
          ],
          [
            629662.7,
            5220206.4
          ],
          [
            629659.76,
            5220210.22
          ],
          [
            629656.83,
            5220214.04
          ],
          [
            629653.9,
            5220217.86
          ],
          [
            629650.97,
            5220221.68
          ],
          [
            629648.04,
            5220225.5
          ],
          [
            629645.11,
            5220229.32
          ],
          [
            629642.18,
            5220233.15
          ],
          [
            629645.11,
            5220229.32
          ],
          [
            629648.04,
            5220225.5
          ],
          [
            629650.97,
            5220221.68
          ],
          [
            629653.9,
            5220217.86
          ],
          [
            629656.83,
            5220214.04
          ],
          [
            629659.76,
            5220210.22
          ],
          [
            629662.7,
            5220206.4
          ],
          [
            629665.63,
            5220202.58
          ],
          [
            629666.53,
            5220199.72
          ],
          [
            629669.5,
            5220198.56
          ],
          [
            629672.67,
            5220198.51
          ],
          [
            629673.16,
            5220196.96
          ],
          [
            629676.18,
            5220193.01
          ],
          [
            629679.19,
            5220189.07
          ],
          [
            629682.21,
            5220185.12
          ],
          [
            629685.23,
            5220181.18
          ],
          [
            629688.24,
            5220177.23
          ],
          [
            629691.26,
            5220173.29
          ],
          [
            629694.28,
            5220169.34
          ],
          [
            629697.29,
            5220165.4
          ],
          [
            629700.31,
            5220161.45
          ],
          [
            629697.29,
            5220165.4
          ],
          [
            629694.28,
            5220169.34
          ],
          [
            629691.26,
            5220173.29
          ],
          [
            629688.24,
            5220177.23
          ],
          [
            629685.23,
            5220181.18
          ],
          [
            629682.21,
            5220185.12
          ],
          [
            629679.19,
            5220189.07
          ],
          [
            629676.18,
            5220193.01
          ],
          [
            629673.16,
            5220196.96
          ],
          [
            629672.67,
            5220198.51
          ],
          [
            629684.14,
            5220203.18
          ],
          [
            629689.91,
            5220203.94
          ],
          [
            629690.29,
            5220202.73
          ],
          [
            629693.25,
            5220198.86
          ],
          [
            629696.21,
            5220195.0
          ],
          [
            629699.17,
            5220191.14
          ],
          [
            629702.13,
            5220187.27
          ],
          [
            629705.09,
            5220183.41
          ],
          [
            629708.05,
            5220179.55
          ],
          [
            629711.01,
            5220175.68
          ],
          [
            629708.05,
            5220179.55
          ],
          [
            629705.09,
            5220183.41
          ],
          [
            629702.13,
            5220187.27
          ],
          [
            629699.17,
            5220191.14
          ],
          [
            629696.21,
            5220195.0
          ],
          [
            629693.25,
            5220198.86
          ],
          [
            629690.29,
            5220202.73
          ],
          [
            629689.91,
            5220203.94
          ],
          [
            629698.79,
            5220207.79
          ],
          [
            629703.98,
            5220208.38
          ],
          [
            629704.63,
            5220206.33
          ],
          [
            629707.59,
            5220202.45
          ],
          [
            629710.56,
            5220198.58
          ],
          [
            629713.53,
            5220194.7
          ],
          [
            629716.49,
            5220190.82
          ],
          [
            629719.46,
            5220186.95
          ],
          [
            629722.43,
            5220183.07
          ],
          [
            629725.39,
            5220179.19
          ],
          [
            629728.36,
            5220175.32
          ],
          [
            629731.33,
            5220171.44
          ],
          [
            629734.29,
            5220167.56
          ],
          [
            629737.26,
            5220163.69
          ],
          [
            629740.23,
            5220159.81
          ],
          [
            629743.19,
            5220155.93
          ],
          [
            629746.16,
            5220152.06
          ],
          [
            629749.13,
            5220148.18
          ],
          [
            629752.09,
            5220144.3
          ],
          [
            629749.13,
            5220148.18
          ],
          [
            629746.16,
            5220152.06
          ],
          [
            629743.19,
            5220155.93
          ],
          [
            629740.23,
            5220159.81
          ],
          [
            629737.26,
            5220163.69
          ],
          [
            629734.29,
            5220167.56
          ],
          [
            629731.33,
            5220171.44
          ],
          [
            629728.36,
            5220175.32
          ],
          [
            629725.39,
            5220179.19
          ],
          [
            629722.43,
            5220183.07
          ],
          [
            629719.46,
            5220186.95
          ],
          [
            629716.49,
            5220190.82
          ],
          [
            629713.53,
            5220194.7
          ],
          [
            629710.56,
            5220198.58
          ],
          [
            629707.59,
            5220202.45
          ],
          [
            629704.63,
            5220206.33
          ],
          [
            629703.98,
            5220208.38
          ],
          [
            629698.79,
            5220207.79
          ],
          [
            629695.37,
            5220205.66
          ],
          [
            629695.64,
            5220204.78
          ],
          [
            629698.62,
            5220200.9
          ],
          [
            629701.59,
            5220197.02
          ],
          [
            629704.57,
            5220193.14
          ],
          [
            629707.54,
            5220189.26
          ],
          [
            629710.52,
            5220185.38
          ],
          [
            629713.49,
            5220181.49
          ],
          [
            629716.47,
            5220177.61
          ],
          [
            629719.45,
            5220173.73
          ],
          [
            629722.42,
            5220169.85
          ],
          [
            629719.45,
            5220173.73
          ],
          [
            629716.47,
            5220177.61
          ],
          [
            629713.49,
            5220181.49
          ],
          [
            629710.52,
            5220185.38
          ],
          [
            629707.54,
            5220189.26
          ],
          [
            629704.57,
            5220193.14
          ],
          [
            629701.59,
            5220197.02
          ],
          [
            629698.62,
            5220200.9
          ],
          [
            629695.64,
            5220204.78
          ],
          [
            629695.37,
            5220205.66
          ],
          [
            629691.47,
            5220205.48
          ],
          [
            629683.5,
            5220205.07
          ],
          [
            629682.66,
            5220207.73
          ],
          [
            629679.7,
            5220211.57
          ],
          [
            629676.74,
            5220215.41
          ],
          [
            629673.78,
            5220219.26
          ],
          [
            629670.82,
            5220223.1
          ],
          [
            629673.78,
            5220219.26
          ],
          [
            629676.74,
            5220215.41
          ],
          [
            629679.7,
            5220211.57
          ],
          [
            629682.66,
            5220207.73
          ],
          [
            629685.38,
            5220208.74
          ],
          [
            629682.39,
            5220212.61
          ],
          [
            629679.4,
            5220216.49
          ],
          [
            629676.42,
            5220220.36
          ],
          [
            629673.43,
            5220224.24
          ],
          [
            629670.44,
            5220228.11
          ],
          [
            629667.45,
            5220231.99
          ],
          [
            629664.46,
            5220235.86
          ],
          [
            629661.47,
            5220239.74
          ],
          [
            629658.49,
            5220243.61
          ],
          [
            629655.5,
            5220247.49
          ],
          [
            629652.51,
            5220251.36
          ],
          [
            629649.52,
            5220255.24
          ],
          [
            629646.53,
            5220259.11
          ],
          [
            629643.55,
            5220262.99
          ],
          [
            629640.56,
            5220266.86
          ],
          [
            629637.57,
            5220270.74
          ],
          [
            629634.58,
            5220274.61
          ],
          [
            629631.59,
            5220278.49
          ],
          [
            629628.61,
            5220282.36
          ],
          [
            629625.62,
            5220286.24
          ],
          [
            629625.56,
            5220286.46
          ],
          [
            629635.6,
            5220289.96
          ],
          [
            629640.5,
            5220290.14
          ],
          [
            629640.7,
            5220289.32
          ],
          [
            629643.52,
            5220285.67
          ],
          [
            629646.34,
            5220282.02
          ],
          [
            629649.17,
            5220278.37
          ],
          [
            629651.99,
            5220274.73
          ],
          [
            629654.82,
            5220271.08
          ],
          [
            629657.64,
            5220267.43
          ],
          [
            629660.46,
            5220263.78
          ],
          [
            629663.29,
            5220260.13
          ],
          [
            629660.46,
            5220263.78
          ],
          [
            629657.64,
            5220267.43
          ],
          [
            629654.82,
            5220271.08
          ],
          [
            629651.99,
            5220274.73
          ],
          [
            629649.17,
            5220278.37
          ],
          [
            629646.34,
            5220282.02
          ],
          [
            629643.52,
            5220285.67
          ],
          [
            629640.7,
            5220289.32
          ],
          [
            629640.5,
            5220290.14
          ],
          [
            629645.55,
            5220293.98
          ],
          [
            629648.05,
            5220293.58
          ],
          [
            629648.7,
            5220289.74
          ],
          [
            629651.56,
            5220288.31
          ],
          [
            629652.48,
            5220283.67
          ],
          [
            629655.18,
            5220282.48
          ],
          [
            629654.99,
            5220279.64
          ],
          [
            629656.33,
            5220277.88
          ],
          [
            629658.95,
            5220277.18
          ],
          [
            629661.5,
            5220273.83
          ],
          [
            629658.95,
            5220277.18
          ],
          [
            629656.33,
            5220277.88
          ],
          [
            629654.99,
            5220279.64
          ],
          [
            629655.18,
            5220282.48
          ],
          [
            629652.48,
            5220283.67
          ],
          [
            629651.56,
            5220288.31
          ],
          [
            629648.7,
            5220289.74
          ],
          [
            629648.05,
            5220293.58
          ],
          [
            629650.3,
            5220296.43
          ],
          [
            629652.89,
            5220296.21
          ],
          [
            629655.16,
            5220298.91
          ],
          [
            629657.72,
            5220298.67
          ],
          [
            629659.99,
            5220300.28
          ],
          [
            629657.72,
            5220298.67
          ],
          [
            629655.16,
            5220298.91
          ],
          [
            629652.89,
            5220296.21
          ],
          [
            629650.3,
            5220296.43
          ],
          [
            629648.05,
            5220293.58
          ],
          [
            629645.55,
            5220293.98
          ],
          [
            629637.66,
            5220289.44
          ],
          [
            629638.07,
            5220287.75
          ],
          [
            629641.13,
            5220283.8
          ],
          [
            629644.18,
            5220279.86
          ],
          [
            629647.24,
            5220275.91
          ],
          [
            629650.29,
            5220271.96
          ],
          [
            629653.35,
            5220268.02
          ],
          [
            629656.4,
            5220264.07
          ],
          [
            629659.46,
            5220260.12
          ],
          [
            629662.51,
            5220256.17
          ],
          [
            629665.57,
            5220252.23
          ],
          [
            629668.62,
            5220248.28
          ],
          [
            629671.68,
            5220244.33
          ],
          [
            629674.73,
            5220240.38
          ],
          [
            629677.79,
            5220236.44
          ],
          [
            629680.84,
            5220232.49
          ],
          [
            629683.9,
            5220228.54
          ],
          [
            629686.95,
            5220224.6
          ],
          [
            629690.01,
            5220220.65
          ],
          [
            629693.06,
            5220216.7
          ],
          [
            629690.46,
            5220215.77
          ],
          [
            629687.54,
            5220219.58
          ],
          [
            629684.62,
            5220223.38
          ],
          [
            629681.69,
            5220227.18
          ],
          [
            629684.62,
            5220223.38
          ],
          [
            629687.54,
            5220219.58
          ],
          [
            629690.46,
            5220215.77
          ],
          [
            629688.22,
            5220214.07
          ],
          [
            629685.28,
            5220217.89
          ],
          [
            629682.35,
            5220221.71
          ],
          [
            629679.41,
            5220225.53
          ],
          [
            629676.47,
            5220229.35
          ],
          [
            629673.54,
            5220233.17
          ],
          [
            629670.6,
            5220236.99
          ],
          [
            629667.66,
            5220240.81
          ],
          [
            629664.72,
            5220244.63
          ],
          [
            629661.79,
            5220248.45
          ],
          [
            629658.85,
            5220252.26
          ],
          [
            629655.91,
            5220256.08
          ],
          [
            629652.98,
            5220259.9
          ],
          [
            629650.04,
            5220263.72
          ],
          [
            629647.1,
            5220267.54
          ],
          [
            629644.17,
            5220271.36
          ],
          [
            629641.23,
            5220275.18
          ],
          [
            629638.29,
            5220279.0
          ],
          [
            629635.35,
            5220282.82
          ],
          [
            629632.42,
            5220286.64
          ],
          [
            629632.07,
            5220288.06
          ],
          [
            629625.75,
            5220288.57
          ],
          [
            629617.44,
            5220284.46
          ],
          [
            629617.84,
            5220282.83
          ],
          [
            629620.75,
            5220279.05
          ],
          [
            629623.65,
            5220275.27
          ],
          [
            629626.56,
            5220271.5
          ],
          [
            629629.46,
            5220267.72
          ],
          [
            629632.37,
            5220263.94
          ],
          [
            629635.27,
            5220260.17
          ],
          [
            629638.18,
            5220256.39
          ],
          [
            629641.08,
            5220252.61
          ],
          [
            629643.99,
            5220248.84
          ],
          [
            629646.89,
            5220245.06
          ],
          [
            629649.8,
            5220241.28
          ],
          [
            629652.7,
            5220237.51
          ],
          [
            629655.61,
            5220233.73
          ],
          [
            629658.51,
            5220229.95
          ],
          [
            629661.42,
            5220226.18
          ],
          [
            629664.32,
            5220222.4
          ],
          [
            629667.23,
            5220218.62
          ],
          [
            629670.13,
            5220214.85
          ],
          [
            629673.04,
            5220211.07
          ],
          [
            629675.94,
            5220207.29
          ],
          [
            629673.6,
            5220205.72
          ],
          [
            629670.7,
            5220209.49
          ],
          [
            629667.8,
            5220213.26
          ],
          [
            629664.9,
            5220217.03
          ],
          [
            629662.0,
            5220220.8
          ],
          [
            629659.1,
            5220224.57
          ],
          [
            629656.2,
            5220228.34
          ],
          [
            629653.3,
            5220232.11
          ],
          [
            629650.4,
            5220235.88
          ],
          [
            629647.5,
            5220239.65
          ],
          [
            629644.6,
            5220243.42
          ],
          [
            629641.7,
            5220247.19
          ],
          [
            629638.8,
            5220250.96
          ],
          [
            629635.9,
            5220254.73
          ],
          [
            629633.0,
            5220258.5
          ],
          [
            629630.1,
            5220262.27
          ],
          [
            629627.2,
            5220266.04
          ],
          [
            629624.3,
            5220269.81
          ],
          [
            629621.4,
            5220273.58
          ],
          [
            629618.5,
            5220277.35
          ],
          [
            629615.6,
            5220281.12
          ],
          [
            629612.78,
            5220280.21
          ],
          [
            629615.7,
            5220276.42
          ],
          [
            629618.62,
            5220272.63
          ],
          [
            629621.54,
            5220268.84
          ],
          [
            629618.62,
            5220272.63
          ],
          [
            629615.7,
            5220276.42
          ],
          [
            629612.78,
            5220280.21
          ],
          [
            629612.07,
            5220283.14
          ],
          [
            629607.83,
            5220283.12
          ],
          [
            629602.88,
            5220280.88
          ],
          [
            629603.33,
            5220279.06
          ],
          [
            629606.33,
            5220275.15
          ],
          [
            629609.33,
            5220271.24
          ],
          [
            629612.33,
            5220267.33
          ],
          [
            629615.33,
            5220263.42
          ],
          [
            629612.33,
            5220267.33
          ],
          [
            629609.33,
            5220271.24
          ],
          [
            629606.33,
            5220275.15
          ],
          [
            629603.33,
            5220279.06
          ],
          [
            629601.1,
            5220277.37
          ],
          [
            629598.88,
            5220276.14
          ],
          [
            629601.77,
            5220272.39
          ],
          [
            629604.66,
            5220268.63
          ],
          [
            629607.55,
            5220264.87
          ],
          [
            629610.44,
            5220261.11
          ],
          [
            629613.33,
            5220257.36
          ],
          [
            629616.22,
            5220253.6
          ],
          [
            629619.11,
            5220249.84
          ],
          [
            629622.0,
            5220246.08
          ],
          [
            629624.89,
            5220242.33
          ],
          [
            629627.78,
            5220238.57
          ],
          [
            629624.89,
            5220242.33
          ],
          [
            629622.0,
            5220246.08
          ],
          [
            629619.11,
            5220249.84
          ],
          [
            629616.22,
            5220253.6
          ],
          [
            629613.33,
            5220257.36
          ],
          [
            629610.44,
            5220261.11
          ],
          [
            629607.55,
            5220264.87
          ],
          [
            629604.66,
            5220268.63
          ],
          [
            629601.77,
            5220272.39
          ],
          [
            629598.88,
            5220276.14
          ],
          [
            629596.46,
            5220275.11
          ],
          [
            629599.35,
            5220271.32
          ],
          [
            629602.25,
            5220267.52
          ],
          [
            629605.15,
            5220263.73
          ],
          [
            629608.05,
            5220259.93
          ],
          [
            629610.94,
            5220256.14
          ],
          [
            629613.84,
            5220252.34
          ],
          [
            629616.74,
            5220248.55
          ],
          [
            629619.63,
            5220244.75
          ],
          [
            629622.53,
            5220240.96
          ],
          [
            629619.63,
            5220244.75
          ],
          [
            629616.74,
            5220248.55
          ],
          [
            629613.84,
            5220252.34
          ],
          [
            629610.94,
            5220256.14
          ],
          [
            629608.05,
            5220259.93
          ],
          [
            629605.15,
            5220263.73
          ],
          [
            629602.25,
            5220267.52
          ],
          [
            629599.35,
            5220271.32
          ],
          [
            629596.46,
            5220275.11
          ],
          [
            629598.88,
            5220276.14
          ],
          [
            629601.1,
            5220277.37
          ],
          [
            629604.04,
            5220273.55
          ],
          [
            629606.97,
            5220269.73
          ],
          [
            629609.91,
            5220265.91
          ],
          [
            629612.84,
            5220262.09
          ],
          [
            629615.77,
            5220258.28
          ],
          [
            629618.71,
            5220254.46
          ],
          [
            629621.64,
            5220250.64
          ],
          [
            629624.58,
            5220246.82
          ],
          [
            629627.51,
            5220243.0
          ],
          [
            629630.45,
            5220239.18
          ],
          [
            629633.38,
            5220235.37
          ],
          [
            629636.31,
            5220231.55
          ],
          [
            629639.25,
            5220227.73
          ],
          [
            629642.18,
            5220223.91
          ],
          [
            629645.12,
            5220220.09
          ],
          [
            629648.05,
            5220216.28
          ],
          [
            629650.99,
            5220212.46
          ],
          [
            629653.92,
            5220208.64
          ],
          [
            629656.86,
            5220204.82
          ],
          [
            629659.79,
            5220201.0
          ],
          [
            629660.77,
            5220197.91
          ],
          [
            629659.07,
            5220196.32
          ],
          [
            629656.0,
            5220193.26
          ],
          [
            629656.21,
            5220192.61
          ],
          [
            629659.15,
            5220188.77
          ],
          [
            629662.09,
            5220184.94
          ],
          [
            629665.03,
            5220181.1
          ],
          [
            629662.09,
            5220184.94
          ],
          [
            629659.15,
            5220188.77
          ],
          [
            629656.21,
            5220192.61
          ],
          [
            629656.0,
            5220193.26
          ],
          [
            629647.53,
            5220191.64
          ],
          [
            629635.42,
            5220189.92
          ],
          [
            629634.64,
            5220192.4
          ],
          [
            629631.61,
            5220196.37
          ],
          [
            629628.58,
            5220200.35
          ],
          [
            629625.55,
            5220204.32
          ],
          [
            629622.53,
            5220208.29
          ],
          [
            629619.5,
            5220212.27
          ],
          [
            629616.47,
            5220216.24
          ],
          [
            629613.44,
            5220220.22
          ],
          [
            629610.42,
            5220224.19
          ],
          [
            629607.39,
            5220228.17
          ],
          [
            629604.36,
            5220232.14
          ],
          [
            629601.33,
            5220236.12
          ],
          [
            629598.31,
            5220240.09
          ],
          [
            629595.28,
            5220244.07
          ],
          [
            629592.25,
            5220248.04
          ],
          [
            629589.22,
            5220252.01
          ],
          [
            629586.2,
            5220255.99
          ],
          [
            629583.17,
            5220259.96
          ],
          [
            629580.14,
            5220263.94
          ],
          [
            629578.07,
            5220262.36
          ],
          [
            629581.03,
            5220258.47
          ],
          [
            629583.98,
            5220254.58
          ],
          [
            629586.94,
            5220250.69
          ],
          [
            629589.9,
            5220246.8
          ],
          [
            629592.85,
            5220242.91
          ],
          [
            629595.81,
            5220239.02
          ],
          [
            629598.76,
            5220235.14
          ],
          [
            629601.72,
            5220231.25
          ],
          [
            629604.68,
            5220227.36
          ],
          [
            629607.63,
            5220223.47
          ],
          [
            629610.59,
            5220219.58
          ],
          [
            629613.54,
            5220215.69
          ],
          [
            629616.5,
            5220211.8
          ],
          [
            629619.46,
            5220207.91
          ],
          [
            629622.41,
            5220204.02
          ],
          [
            629625.37,
            5220200.13
          ],
          [
            629628.32,
            5220196.24
          ],
          [
            629625.37,
            5220200.13
          ],
          [
            629622.41,
            5220204.02
          ],
          [
            629619.46,
            5220207.91
          ],
          [
            629616.5,
            5220211.8
          ],
          [
            629613.54,
            5220215.69
          ],
          [
            629610.59,
            5220219.58
          ],
          [
            629607.63,
            5220223.47
          ],
          [
            629604.68,
            5220227.36
          ],
          [
            629601.72,
            5220231.25
          ],
          [
            629598.76,
            5220235.14
          ],
          [
            629595.81,
            5220239.02
          ],
          [
            629592.85,
            5220242.91
          ],
          [
            629589.9,
            5220246.8
          ],
          [
            629586.94,
            5220250.69
          ],
          [
            629583.98,
            5220254.58
          ],
          [
            629581.03,
            5220258.47
          ],
          [
            629578.07,
            5220262.36
          ],
          [
            629580.14,
            5220263.94
          ],
          [
            629583.17,
            5220259.96
          ],
          [
            629586.2,
            5220255.99
          ],
          [
            629589.22,
            5220252.01
          ],
          [
            629592.25,
            5220248.04
          ],
          [
            629595.28,
            5220244.07
          ],
          [
            629598.31,
            5220240.09
          ],
          [
            629601.33,
            5220236.12
          ],
          [
            629604.36,
            5220232.14
          ],
          [
            629607.39,
            5220228.17
          ],
          [
            629610.42,
            5220224.19
          ],
          [
            629613.44,
            5220220.22
          ],
          [
            629616.47,
            5220216.24
          ],
          [
            629619.5,
            5220212.27
          ],
          [
            629622.53,
            5220208.29
          ],
          [
            629625.55,
            5220204.32
          ],
          [
            629628.58,
            5220200.35
          ],
          [
            629631.61,
            5220196.37
          ],
          [
            629634.64,
            5220192.4
          ],
          [
            629637.16,
            5220193.68
          ],
          [
            629634.25,
            5220197.51
          ],
          [
            629631.33,
            5220201.33
          ],
          [
            629628.42,
            5220205.16
          ],
          [
            629625.51,
            5220208.98
          ],
          [
            629622.59,
            5220212.81
          ],
          [
            629619.68,
            5220216.63
          ],
          [
            629616.76,
            5220220.46
          ],
          [
            629613.85,
            5220224.28
          ],
          [
            629616.76,
            5220220.46
          ],
          [
            629619.68,
            5220216.63
          ],
          [
            629622.59,
            5220212.81
          ],
          [
            629625.51,
            5220208.98
          ],
          [
            629628.42,
            5220205.16
          ],
          [
            629631.33,
            5220201.33
          ],
          [
            629634.25,
            5220197.51
          ],
          [
            629637.16,
            5220193.68
          ],
          [
            629639.91,
            5220194.7
          ],
          [
            629637.0,
            5220198.5
          ],
          [
            629634.09,
            5220202.31
          ],
          [
            629631.18,
            5220206.11
          ],
          [
            629628.28,
            5220209.91
          ],
          [
            629625.37,
            5220213.72
          ],
          [
            629622.46,
            5220217.52
          ],
          [
            629619.55,
            5220221.32
          ],
          [
            629616.64,
            5220225.13
          ],
          [
            629613.73,
            5220228.93
          ],
          [
            629610.83,
            5220232.74
          ],
          [
            629607.92,
            5220236.54
          ],
          [
            629605.01,
            5220240.34
          ],
          [
            629602.1,
            5220244.15
          ],
          [
            629599.19,
            5220247.95
          ],
          [
            629596.28,
            5220251.76
          ],
          [
            629593.38,
            5220255.56
          ],
          [
            629590.47,
            5220259.36
          ],
          [
            629587.56,
            5220263.17
          ],
          [
            629584.65,
            5220266.97
          ],
          [
            629581.74,
            5220270.78
          ],
          [
            629584.42,
            5220272.07
          ],
          [
            629587.34,
            5220268.25
          ],
          [
            629590.26,
            5220264.43
          ],
          [
            629593.18,
            5220260.61
          ],
          [
            629596.11,
            5220256.79
          ],
          [
            629599.03,
            5220252.97
          ],
          [
            629601.95,
            5220249.15
          ],
          [
            629604.87,
            5220245.32
          ],
          [
            629607.8,
            5220241.5
          ],
          [
            629610.72,
            5220237.68
          ],
          [
            629613.64,
            5220233.86
          ],
          [
            629616.56,
            5220230.04
          ],
          [
            629619.48,
            5220226.22
          ],
          [
            629622.41,
            5220222.4
          ],
          [
            629625.33,
            5220218.58
          ],
          [
            629628.25,
            5220214.76
          ],
          [
            629631.17,
            5220210.94
          ],
          [
            629634.09,
            5220207.12
          ],
          [
            629637.02,
            5220203.3
          ],
          [
            629639.94,
            5220199.48
          ],
          [
            629642.86,
            5220195.66
          ],
          [
            629645.76,
            5220196.16
          ],
          [
            629642.82,
            5220200.02
          ],
          [
            629639.89,
            5220203.88
          ],
          [
            629636.95,
            5220207.73
          ],
          [
            629634.01,
            5220211.59
          ],
          [
            629631.07,
            5220215.45
          ],
          [
            629628.13,
            5220219.3
          ],
          [
            629625.19,
            5220223.16
          ],
          [
            629622.25,
            5220227.02
          ],
          [
            629619.31,
            5220230.87
          ],
          [
            629616.37,
            5220234.73
          ],
          [
            629613.43,
            5220238.59
          ],
          [
            629610.49,
            5220242.44
          ],
          [
            629607.55,
            5220246.3
          ],
          [
            629604.61,
            5220250.16
          ],
          [
            629601.67,
            5220254.01
          ],
          [
            629598.73,
            5220257.87
          ],
          [
            629595.79,
            5220261.73
          ],
          [
            629592.85,
            5220265.58
          ],
          [
            629589.91,
            5220269.44
          ],
          [
            629586.97,
            5220273.3
          ],
          [
            629586.12,
            5220275.88
          ],
          [
            629579.11,
            5220274.62
          ],
          [
            629569.63,
            5220270.45
          ],
          [
            629557.07,
            5220267.36
          ],
          [
            629547.02,
            5220263.0
          ],
          [
            629547.66,
            5220261.06
          ],
          [
            629550.57,
            5220257.23
          ],
          [
            629553.48,
            5220253.39
          ],
          [
            629556.39,
            5220249.56
          ],
          [
            629559.3,
            5220245.72
          ],
          [
            629562.21,
            5220241.89
          ],
          [
            629565.12,
            5220238.05
          ],
          [
            629568.03,
            5220234.22
          ],
          [
            629570.93,
            5220230.38
          ],
          [
            629573.84,
            5220226.54
          ],
          [
            629576.75,
            5220222.71
          ],
          [
            629579.66,
            5220218.87
          ],
          [
            629582.57,
            5220215.04
          ],
          [
            629585.48,
            5220211.2
          ],
          [
            629588.39,
            5220207.37
          ],
          [
            629591.3,
            5220203.53
          ],
          [
            629594.21,
            5220199.7
          ],
          [
            629597.12,
            5220195.86
          ],
          [
            629594.21,
            5220199.7
          ],
          [
            629591.3,
            5220203.53
          ],
          [
            629588.39,
            5220207.37
          ],
          [
            629585.48,
            5220211.2
          ],
          [
            629582.57,
            5220215.04
          ],
          [
            629579.66,
            5220218.87
          ],
          [
            629576.75,
            5220222.71
          ],
          [
            629573.84,
            5220226.54
          ],
          [
            629570.93,
            5220230.38
          ],
          [
            629568.03,
            5220234.22
          ],
          [
            629565.12,
            5220238.05
          ],
          [
            629562.21,
            5220241.89
          ],
          [
            629559.3,
            5220245.72
          ],
          [
            629556.39,
            5220249.56
          ],
          [
            629553.48,
            5220253.39
          ],
          [
            629550.57,
            5220257.23
          ],
          [
            629547.66,
            5220261.06
          ],
          [
            629547.02,
            5220263.0
          ],
          [
            629542.38,
            5220262.52
          ],
          [
            629541.01,
            5220261.01
          ],
          [
            629541.8,
            5220258.61
          ],
          [
            629544.21,
            5220255.47
          ],
          [
            629546.63,
            5220252.32
          ],
          [
            629549.04,
            5220249.17
          ],
          [
            629551.27,
            5220250.89
          ],
          [
            629554.26,
            5220246.94
          ],
          [
            629557.25,
            5220243.0
          ],
          [
            629560.24,
            5220239.06
          ],
          [
            629563.23,
            5220235.12
          ],
          [
            629566.22,
            5220231.18
          ],
          [
            629569.21,
            5220227.24
          ],
          [
            629572.2,
            5220223.3
          ],
          [
            629575.19,
            5220219.35
          ],
          [
            629578.18,
            5220215.41
          ],
          [
            629581.17,
            5220211.47
          ],
          [
            629578.18,
            5220215.41
          ],
          [
            629575.19,
            5220219.35
          ],
          [
            629572.2,
            5220223.3
          ],
          [
            629569.21,
            5220227.24
          ],
          [
            629566.22,
            5220231.18
          ],
          [
            629563.23,
            5220235.12
          ],
          [
            629560.24,
            5220239.06
          ],
          [
            629557.25,
            5220243.0
          ],
          [
            629554.26,
            5220246.94
          ],
          [
            629551.27,
            5220250.89
          ],
          [
            629549.04,
            5220249.17
          ],
          [
            629546.63,
            5220252.32
          ],
          [
            629544.21,
            5220255.47
          ],
          [
            629541.8,
            5220258.61
          ],
          [
            629541.01,
            5220261.01
          ],
          [
            629542.38,
            5220262.52
          ],
          [
            629550.3,
            5220264.08
          ],
          [
            629551.17,
            5220261.44
          ],
          [
            629554.08,
            5220257.58
          ],
          [
            629556.99,
            5220253.71
          ],
          [
            629559.9,
            5220249.84
          ],
          [
            629562.8,
            5220245.98
          ],
          [
            629565.71,
            5220242.11
          ],
          [
            629562.8,
            5220245.98
          ],
          [
            629559.9,
            5220249.84
          ],
          [
            629556.99,
            5220253.71
          ],
          [
            629554.08,
            5220257.58
          ],
          [
            629551.17,
            5220261.44
          ],
          [
            629553.84,
            5220262.07
          ],
          [
            629556.73,
            5220258.25
          ],
          [
            629559.62,
            5220254.43
          ],
          [
            629562.51,
            5220250.62
          ],
          [
            629565.41,
            5220246.8
          ],
          [
            629568.3,
            5220242.98
          ],
          [
            629571.19,
            5220239.17
          ],
          [
            629568.3,
            5220242.98
          ],
          [
            629565.41,
            5220246.8
          ],
          [
            629562.51,
            5220250.62
          ],
          [
            629559.62,
            5220254.43
          ],
          [
            629556.73,
            5220258.25
          ],
          [
            629553.84,
            5220262.07
          ],
          [
            629556.21,
            5220263.71
          ],
          [
            629559.15,
            5220259.82
          ],
          [
            629562.09,
            5220255.94
          ],
          [
            629565.04,
            5220252.05
          ],
          [
            629567.98,
            5220248.17
          ],
          [
            629570.92,
            5220244.28
          ],
          [
            629573.87,
            5220240.39
          ],
          [
            629576.81,
            5220236.51
          ],
          [
            629579.75,
            5220232.62
          ],
          [
            629582.7,
            5220228.73
          ],
          [
            629585.64,
            5220224.85
          ],
          [
            629588.58,
            5220220.96
          ],
          [
            629591.53,
            5220217.08
          ],
          [
            629594.47,
            5220213.19
          ],
          [
            629597.41,
            5220209.3
          ],
          [
            629600.36,
            5220205.42
          ],
          [
            629603.3,
            5220201.53
          ],
          [
            629606.24,
            5220197.64
          ],
          [
            629609.19,
            5220193.76
          ],
          [
            629612.13,
            5220189.87
          ],
          [
            629615.08,
            5220185.99
          ],
          [
            629615.79,
            5220183.73
          ],
          [
            629610.91,
            5220180.1
          ],
          [
            629603.83,
            5220176.82
          ],
          [
            629604.14,
            5220175.84
          ],
          [
            629606.85,
            5220172.23
          ],
          [
            629609.56,
            5220168.62
          ],
          [
            629612.27,
            5220165.01
          ],
          [
            629614.98,
            5220161.4
          ],
          [
            629617.69,
            5220157.8
          ],
          [
            629620.4,
            5220154.19
          ],
          [
            629617.69,
            5220157.8
          ],
          [
            629614.98,
            5220161.4
          ],
          [
            629612.27,
            5220165.01
          ],
          [
            629609.56,
            5220168.62
          ],
          [
            629606.85,
            5220172.23
          ],
          [
            629604.14,
            5220175.84
          ],
          [
            629603.83,
            5220176.82
          ],
          [
            629600.52,
            5220177.87
          ],
          [
            629600.21,
            5220178.82
          ],
          [
            629599.17,
            5220182.13
          ],
          [
            629596.14,
            5220186.1
          ],
          [
            629593.12,
            5220190.07
          ],
          [
            629590.09,
            5220194.04
          ],
          [
            629587.07,
            5220198.01
          ],
          [
            629584.04,
            5220201.98
          ],
          [
            629581.02,
            5220205.95
          ],
          [
            629577.99,
            5220209.92
          ],
          [
            629574.97,
            5220213.9
          ],
          [
            629571.94,
            5220217.87
          ],
          [
            629568.92,
            5220221.84
          ],
          [
            629565.89,
            5220225.81
          ],
          [
            629562.87,
            5220229.78
          ],
          [
            629565.89,
            5220225.81
          ],
          [
            629568.92,
            5220221.84
          ],
          [
            629571.94,
            5220217.87
          ],
          [
            629574.97,
            5220213.9
          ],
          [
            629577.99,
            5220209.92
          ],
          [
            629581.02,
            5220205.95
          ],
          [
            629584.04,
            5220201.98
          ],
          [
            629587.07,
            5220198.01
          ],
          [
            629590.09,
            5220194.04
          ],
          [
            629593.12,
            5220190.07
          ],
          [
            629596.14,
            5220186.1
          ],
          [
            629599.17,
            5220182.13
          ],
          [
            629600.21,
            5220178.82
          ],
          [
            629600.52,
            5220177.87
          ],
          [
            629597.12,
            5220177.85
          ],
          [
            629596.35,
            5220180.29
          ],
          [
            629593.45,
            5220184.16
          ],
          [
            629590.54,
            5220188.03
          ],
          [
            629587.63,
            5220191.9
          ],
          [
            629584.72,
            5220195.78
          ],
          [
            629581.82,
            5220199.65
          ],
          [
            629578.91,
            5220203.52
          ],
          [
            629576.0,
            5220207.39
          ],
          [
            629573.09,
            5220211.26
          ],
          [
            629570.19,
            5220215.13
          ],
          [
            629573.09,
            5220211.26
          ],
          [
            629576.0,
            5220207.39
          ],
          [
            629578.91,
            5220203.52
          ],
          [
            629581.82,
            5220199.65
          ],
          [
            629584.72,
            5220195.78
          ],
          [
            629587.63,
            5220191.9
          ],
          [
            629590.54,
            5220188.03
          ],
          [
            629593.45,
            5220184.16
          ],
          [
            629596.35,
            5220180.29
          ],
          [
            629597.12,
            5220177.85
          ],
          [
            629596.26,
            5220175.48
          ],
          [
            629593.82,
            5220176.81
          ],
          [
            629593.06,
            5220179.22
          ],
          [
            629590.07,
            5220183.19
          ],
          [
            629587.08,
            5220187.16
          ],
          [
            629584.1,
            5220191.12
          ],
          [
            629581.11,
            5220195.09
          ],
          [
            629578.12,
            5220199.06
          ],
          [
            629575.13,
            5220203.02
          ],
          [
            629572.14,
            5220206.99
          ],
          [
            629569.16,
            5220210.96
          ],
          [
            629566.17,
            5220214.92
          ],
          [
            629563.18,
            5220218.89
          ],
          [
            629566.17,
            5220214.92
          ],
          [
            629569.16,
            5220210.96
          ],
          [
            629572.14,
            5220206.99
          ],
          [
            629575.13,
            5220203.02
          ],
          [
            629578.12,
            5220199.06
          ],
          [
            629581.11,
            5220195.09
          ],
          [
            629584.1,
            5220191.12
          ],
          [
            629587.08,
            5220187.16
          ],
          [
            629590.07,
            5220183.19
          ],
          [
            629593.06,
            5220179.22
          ],
          [
            629590.14,
            5220178.67
          ],
          [
            629587.19,
            5220182.57
          ],
          [
            629584.24,
            5220186.48
          ],
          [
            629581.29,
            5220190.38
          ],
          [
            629578.34,
            5220194.28
          ],
          [
            629575.39,
            5220198.19
          ],
          [
            629578.34,
            5220194.28
          ],
          [
            629581.29,
            5220190.38
          ],
          [
            629584.24,
            5220186.48
          ],
          [
            629587.19,
            5220182.57
          ],
          [
            629590.14,
            5220178.67
          ],
          [
            629588.04,
            5220177.08
          ],
          [
            629585.36,
            5220176.35
          ],
          [
            629582.48,
            5220180.17
          ],
          [
            629579.59,
            5220183.98
          ],
          [
            629576.71,
            5220187.8
          ],
          [
            629573.82,
            5220191.62
          ],
          [
            629570.94,
            5220195.43
          ],
          [
            629568.06,
            5220199.25
          ],
          [
            629565.17,
            5220203.07
          ],
          [
            629562.29,
            5220206.88
          ],
          [
            629559.4,
            5220210.7
          ],
          [
            629556.52,
            5220214.51
          ],
          [
            629559.4,
            5220210.7
          ],
          [
            629562.29,
            5220206.88
          ],
          [
            629565.17,
            5220203.07
          ],
          [
            629568.06,
            5220199.25
          ],
          [
            629570.94,
            5220195.43
          ],
          [
            629573.82,
            5220191.62
          ],
          [
            629576.71,
            5220187.8
          ],
          [
            629579.59,
            5220183.98
          ],
          [
            629582.48,
            5220180.17
          ],
          [
            629585.36,
            5220176.35
          ],
          [
            629585.99,
            5220174.34
          ],
          [
            629578.56,
            5220170.95
          ],
          [
            629577.41,
            5220171.64
          ],
          [
            629576.73,
            5220173.78
          ],
          [
            629573.86,
            5220177.58
          ],
          [
            629570.98,
            5220181.38
          ],
          [
            629573.86,
            5220177.58
          ],
          [
            629576.73,
            5220173.78
          ],
          [
            629577.41,
            5220171.64
          ],
          [
            629578.56,
            5220170.95
          ],
          [
            629577.41,
            5220168.49
          ],
          [
            629577.63,
            5220167.78
          ],
          [
            629580.66,
            5220163.82
          ],
          [
            629583.69,
            5220159.86
          ],
          [
            629586.72,
            5220155.91
          ],
          [
            629589.75,
            5220151.95
          ],
          [
            629592.77,
            5220147.99
          ],
          [
            629595.8,
            5220144.04
          ],
          [
            629598.83,
            5220140.08
          ],
          [
            629595.8,
            5220144.04
          ],
          [
            629592.77,
            5220147.99
          ],
          [
            629589.75,
            5220151.95
          ],
          [
            629586.72,
            5220155.91
          ],
          [
            629583.69,
            5220159.86
          ],
          [
            629580.66,
            5220163.82
          ],
          [
            629577.63,
            5220167.78
          ],
          [
            629577.41,
            5220168.49
          ],
          [
            629574.29,
            5220168.56
          ],
          [
            629571.86,
            5220169.89
          ],
          [
            629571.17,
            5220172.09
          ],
          [
            629568.28,
            5220175.91
          ],
          [
            629565.39,
            5220179.73
          ],
          [
            629568.28,
            5220175.91
          ],
          [
            629571.17,
            5220172.09
          ],
          [
            629571.86,
            5220169.89
          ],
          [
            629561.09,
            5220164.39
          ],
          [
            629559.36,
            5220168.57
          ],
          [
            629561.76,
            5220170.27
          ],
          [
            629558.85,
            5220174.12
          ],
          [
            629555.93,
            5220177.97
          ],
          [
            629553.02,
            5220181.82
          ],
          [
            629550.1,
            5220185.67
          ],
          [
            629547.18,
            5220189.52
          ],
          [
            629544.27,
            5220193.37
          ],
          [
            629541.35,
            5220197.22
          ],
          [
            629538.44,
            5220201.06
          ],
          [
            629535.52,
            5220204.91
          ],
          [
            629532.61,
            5220208.76
          ],
          [
            629529.69,
            5220212.61
          ],
          [
            629526.77,
            5220216.46
          ],
          [
            629523.86,
            5220220.31
          ],
          [
            629520.94,
            5220224.16
          ],
          [
            629518.03,
            5220228.01
          ],
          [
            629515.11,
            5220231.86
          ],
          [
            629514.77,
            5220231.61
          ],
          [
            629508.1,
            5220237.58
          ],
          [
            629506.58,
            5220239.76
          ],
          [
            629506.42,
            5220240.35
          ],
          [
            629506.91,
            5220242.97
          ],
          [
            629504.88,
            5220243.75
          ],
          [
            629503.87,
            5220246.16
          ],
          [
            629501.0,
            5220244.56
          ],
          [
            629499.97,
            5220241.37
          ],
          [
            629497.38,
            5220239.44
          ],
          [
            629496.61,
            5220236.62
          ],
          [
            629494.48,
            5220235.33
          ],
          [
            629491.27,
            5220237.06
          ],
          [
            629489.74,
            5220239.43
          ],
          [
            629484.95,
            5220241.72
          ],
          [
            629483.41,
            5220244.09
          ],
          [
            629478.62,
            5220246.38
          ],
          [
            629477.08,
            5220248.75
          ],
          [
            629472.29,
            5220251.03
          ],
          [
            629470.75,
            5220253.4
          ],
          [
            629465.96,
            5220255.69
          ],
          [
            629464.42,
            5220258.06
          ],
          [
            629459.63,
            5220260.34
          ],
          [
            629458.09,
            5220262.72
          ],
          [
            629453.3,
            5220265.0
          ],
          [
            629451.76,
            5220267.38
          ],
          [
            629446.97,
            5220269.66
          ],
          [
            629445.43,
            5220272.03
          ],
          [
            629440.64,
            5220274.31
          ],
          [
            629439.1,
            5220276.69
          ],
          [
            629436.92,
            5220278.28
          ],
          [
            629434.86,
            5220279.39
          ],
          [
            629432.35,
            5220279.6
          ],
          [
            629428.85,
            5220282.61
          ],
          [
            629426.34,
            5220282.82
          ],
          [
            629422.83,
            5220285.83
          ],
          [
            629420.32,
            5220286.04
          ],
          [
            629416.82,
            5220289.05
          ],
          [
            629414.31,
            5220289.26
          ],
          [
            629410.8,
            5220292.26
          ],
          [
            629408.29,
            5220292.47
          ],
          [
            629406.23,
            5220293.58
          ],
          [
            629404.05,
            5220295.19
          ],
          [
            629402.5,
            5220297.57
          ],
          [
            629397.71,
            5220299.88
          ],
          [
            629396.16,
            5220302.26
          ],
          [
            629391.36,
            5220304.57
          ],
          [
            629389.82,
            5220306.95
          ],
          [
            629385.01,
            5220309.26
          ],
          [
            629383.47,
            5220311.64
          ],
          [
            629378.67,
            5220313.95
          ],
          [
            629377.13,
            5220316.33
          ],
          [
            629372.32,
            5220318.64
          ],
          [
            629370.78,
            5220321.02
          ],
          [
            629365.98,
            5220323.33
          ],
          [
            629364.44,
            5220325.7
          ],
          [
            629359.63,
            5220328.01
          ],
          [
            629358.1,
            5220330.39
          ],
          [
            629355.96,
            5220331.97
          ],
          [
            629353.84,
            5220333.33
          ],
          [
            629351.2,
            5220333.84
          ],
          [
            629347.58,
            5220337.36
          ],
          [
            629344.94,
            5220337.86
          ],
          [
            629341.32,
            5220341.38
          ],
          [
            629338.68,
            5220341.89
          ],
          [
            629335.06,
            5220345.4
          ],
          [
            629332.42,
            5220345.91
          ],
          [
            629328.79,
            5220349.43
          ],
          [
            629326.16,
            5220349.93
          ],
          [
            629322.53,
            5220353.45
          ],
          [
            629319.9,
            5220353.95
          ],
          [
            629316.27,
            5220357.47
          ],
          [
            629313.63,
            5220357.98
          ],
          [
            629310.01,
            5220361.49
          ],
          [
            629307.37,
            5220362.0
          ],
          [
            629305.27,
            5220363.35
          ],
          [
            629303.79,
            5220365.6
          ],
          [
            629301.05,
            5220366.3
          ],
          [
            629297.57,
            5220369.95
          ],
          [
            629294.67,
            5220370.75
          ],
          [
            629291.34,
            5220374.3
          ],
          [
            629288.29,
            5220375.21
          ],
          [
            629285.11,
            5220378.65
          ],
          [
            629281.91,
            5220379.66
          ],
          [
            629278.88,
            5220383.0
          ],
          [
            629275.53,
            5220384.12
          ],
          [
            629272.65,
            5220387.35
          ],
          [
            629269.16,
            5220388.58
          ],
          [
            629266.43,
            5220391.7
          ],
          [
            629262.78,
            5220393.03
          ],
          [
            629260.2,
            5220396.05
          ],
          [
            629257.25,
            5220397.03
          ],
          [
            629255.55,
            5220399.53
          ],
          [
            629256.13,
            5220401.21
          ],
          [
            629254.82,
            5220402.24
          ],
          [
            629254.33,
            5220404.65
          ],
          [
            629254.81,
            5220407.26
          ],
          [
            629252.86,
            5220411.82
          ],
          [
            629253.35,
            5220414.44
          ],
          [
            629251.4,
            5220418.99
          ],
          [
            629251.88,
            5220421.61
          ],
          [
            629249.93,
            5220426.16
          ],
          [
            629250.41,
            5220428.78
          ],
          [
            629248.47,
            5220433.32
          ],
          [
            629248.95,
            5220435.96
          ],
          [
            629247.0,
            5220440.49
          ],
          [
            629247.48,
            5220443.13
          ],
          [
            629246.98,
            5220445.58
          ],
          [
            629246.94,
            5220445.69
          ],
          [
            629245.96,
            5220447.83
          ],
          [
            629244.06,
            5220449.56
          ],
          [
            629243.07,
            5220454.1
          ],
          [
            629241.17,
            5220455.84
          ],
          [
            629240.18,
            5220457.99
          ],
          [
            629240.14,
            5220458.14
          ],
          [
            629239.16,
            5220457.91
          ],
          [
            629240.14,
            5220458.14
          ],
          [
            629239.86,
            5220460.76
          ],
          [
            629240.59,
            5220463.45
          ],
          [
            629239.09,
            5220468.28
          ],
          [
            629239.82,
            5220470.95
          ],
          [
            629238.32,
            5220475.8
          ],
          [
            629239.05,
            5220478.46
          ],
          [
            629237.55,
            5220483.32
          ],
          [
            629238.28,
            5220485.96
          ],
          [
            629238.02,
            5220488.51
          ],
          [
            629236.52,
            5220490.75
          ],
          [
            629236.97,
            5220493.48
          ],
          [
            629234.98,
            5220498.02
          ],
          [
            629235.38,
            5220500.94
          ],
          [
            629233.44,
            5220505.29
          ],
          [
            629233.8,
            5220508.4
          ],
          [
            629231.89,
            5220512.56
          ],
          [
            629232.21,
            5220515.86
          ],
          [
            629230.35,
            5220519.83
          ],
          [
            629230.63,
            5220523.32
          ],
          [
            629228.8,
            5220527.1
          ],
          [
            629229.04,
            5220530.78
          ],
          [
            629227.26,
            5220534.37
          ],
          [
            629227.46,
            5220538.24
          ],
          [
            629225.72,
            5220541.64
          ],
          [
            629226.13,
            5220544.44
          ],
          [
            629224.32,
            5220547.78
          ],
          [
            629224.63,
            5220550.71
          ],
          [
            629222.48,
            5220555.25
          ],
          [
            629222.8,
            5220558.16
          ],
          [
            629220.65,
            5220562.72
          ],
          [
            629220.97,
            5220565.62
          ],
          [
            629218.81,
            5220570.2
          ],
          [
            629214.55,
            5220583.36
          ],
          [
            629213.47,
            5220583.09
          ],
          [
            629209.57,
            5220585.17
          ],
          [
            629205.67,
            5220587.25
          ],
          [
            629201.78,
            5220589.33
          ],
          [
            629197.88,
            5220591.41
          ],
          [
            629193.98,
            5220593.49
          ],
          [
            629190.08,
            5220595.57
          ],
          [
            629186.18,
            5220597.65
          ],
          [
            629185.4,
            5220596.2
          ],
          [
            629183.33,
            5220594.56
          ],
          [
            629182.47,
            5220592.61
          ],
          [
            629186.71,
            5220590.35
          ],
          [
            629182.47,
            5220592.61
          ],
          [
            629181.93,
            5220590.21
          ],
          [
            629180.89,
            5220588.26
          ],
          [
            629179.56,
            5220586.32
          ],
          [
            629183.61,
            5220584.16
          ],
          [
            629187.66,
            5220582.0
          ],
          [
            629191.71,
            5220579.83
          ],
          [
            629195.77,
            5220577.67
          ],
          [
            629199.82,
            5220575.51
          ],
          [
            629203.87,
            5220573.35
          ],
          [
            629207.93,
            5220571.18
          ],
          [
            629211.98,
            5220569.02
          ],
          [
            629209.25,
            5220567.94
          ],
          [
            629208.22,
            5220565.99
          ],
          [
            629203.83,
            5220568.29
          ],
          [
            629199.45,
            5220570.58
          ],
          [
            629195.06,
            5220572.88
          ],
          [
            629190.68,
            5220575.17
          ],
          [
            629186.29,
            5220577.47
          ],
          [
            629181.91,
            5220579.76
          ],
          [
            629177.52,
            5220582.06
          ],
          [
            629173.14,
            5220584.35
          ],
          [
            629168.75,
            5220586.65
          ],
          [
            629164.37,
            5220588.94
          ],
          [
            629168.75,
            5220586.65
          ],
          [
            629173.14,
            5220584.35
          ],
          [
            629177.52,
            5220582.06
          ],
          [
            629181.91,
            5220579.76
          ],
          [
            629186.29,
            5220577.47
          ],
          [
            629190.68,
            5220575.17
          ],
          [
            629195.06,
            5220572.88
          ],
          [
            629199.45,
            5220570.58
          ],
          [
            629203.83,
            5220568.29
          ],
          [
            629208.22,
            5220565.99
          ],
          [
            629209.25,
            5220567.94
          ],
          [
            629204.85,
            5220570.28
          ],
          [
            629200.46,
            5220572.62
          ],
          [
            629196.06,
            5220574.96
          ],
          [
            629191.67,
            5220577.3
          ],
          [
            629187.28,
            5220579.64
          ],
          [
            629182.88,
            5220581.98
          ],
          [
            629178.49,
            5220584.32
          ],
          [
            629179.56,
            5220586.32
          ],
          [
            629180.89,
            5220588.26
          ],
          [
            629181.93,
            5220590.21
          ],
          [
            629182.47,
            5220592.61
          ],
          [
            629183.33,
            5220594.56
          ],
          [
            629185.4,
            5220596.2
          ],
          [
            629186.18,
            5220597.65
          ],
          [
            629190.08,
            5220595.57
          ],
          [
            629193.98,
            5220593.49
          ],
          [
            629197.88,
            5220591.41
          ],
          [
            629201.78,
            5220589.33
          ],
          [
            629205.67,
            5220587.25
          ],
          [
            629209.57,
            5220585.17
          ],
          [
            629213.47,
            5220583.09
          ],
          [
            629214.55,
            5220583.36
          ],
          [
            629215.14,
            5220585.14
          ],
          [
            629214.9,
            5220585.78
          ],
          [
            629214.9,
            5220585.78
          ],
          [
            629210.97,
            5220587.87
          ],
          [
            629207.04,
            5220589.97
          ],
          [
            629203.11,
            5220592.06
          ],
          [
            629199.18,
            5220594.16
          ],
          [
            629195.25,
            5220596.25
          ],
          [
            629191.31,
            5220598.35
          ],
          [
            629187.38,
            5220600.44
          ],
          [
            629191.31,
            5220598.35
          ],
          [
            629195.25,
            5220596.25
          ],
          [
            629199.18,
            5220594.16
          ],
          [
            629203.11,
            5220592.06
          ],
          [
            629207.04,
            5220589.97
          ],
          [
            629210.97,
            5220587.87
          ],
          [
            629214.9,
            5220585.78
          ],
          [
            629214.9,
            5220585.78
          ],
          [
            629215.47,
            5220587.98
          ],
          [
            629214.51,
            5220588.43
          ],
          [
            629214.51,
            5220588.43
          ],
          [
            629210.1,
            5220590.74
          ],
          [
            629205.7,
            5220593.06
          ],
          [
            629201.3,
            5220595.37
          ],
          [
            629196.89,
            5220597.69
          ],
          [
            629192.49,
            5220600.0
          ],
          [
            629193.56,
            5220602.01
          ],
          [
            629194.55,
            5220604.28
          ],
          [
            629198.01,
            5220602.43
          ],
          [
            629201.47,
            5220600.59
          ],
          [
            629204.94,
            5220598.74
          ],
          [
            629206.1,
            5220601.0
          ],
          [
            629202.53,
            5220602.88
          ],
          [
            629198.96,
            5220604.76
          ],
          [
            629195.39,
            5220606.63
          ],
          [
            629191.82,
            5220608.51
          ],
          [
            629195.39,
            5220606.63
          ],
          [
            629198.96,
            5220604.76
          ],
          [
            629202.53,
            5220602.88
          ],
          [
            629206.1,
            5220601.0
          ],
          [
            629204.94,
            5220598.74
          ],
          [
            629201.47,
            5220600.59
          ],
          [
            629198.01,
            5220602.43
          ],
          [
            629194.55,
            5220604.28
          ],
          [
            629193.56,
            5220602.01
          ],
          [
            629197.4,
            5220599.97
          ],
          [
            629201.24,
            5220597.92
          ],
          [
            629205.08,
            5220595.87
          ],
          [
            629208.91,
            5220593.83
          ],
          [
            629211.8,
            5220594.54
          ],
          [
            629211.47,
            5220600.08
          ],
          [
            629208.09,
            5220609.61
          ],
          [
            629205.24,
            5220608.91
          ],
          [
            629200.83,
            5220611.26
          ],
          [
            629196.42,
            5220613.62
          ],
          [
            629195.2,
            5220613.75
          ],
          [
            629191.25,
            5220615.82
          ],
          [
            629187.31,
            5220617.88
          ],
          [
            629183.36,
            5220619.94
          ],
          [
            629179.42,
            5220622.0
          ],
          [
            629175.47,
            5220624.06
          ],
          [
            629179.42,
            5220622.0
          ],
          [
            629183.36,
            5220619.94
          ],
          [
            629187.31,
            5220617.88
          ],
          [
            629191.25,
            5220615.82
          ],
          [
            629195.2,
            5220613.75
          ],
          [
            629196.42,
            5220613.62
          ],
          [
            629200.83,
            5220611.26
          ],
          [
            629205.24,
            5220608.91
          ],
          [
            629208.09,
            5220609.61
          ],
          [
            629205.96,
            5220622.5
          ],
          [
            629206.31,
            5220625.26
          ],
          [
            629204.12,
            5220629.97
          ],
          [
            629204.47,
            5220632.72
          ],
          [
            629202.28,
            5220637.44
          ],
          [
            629202.64,
            5220640.17
          ],
          [
            629201.42,
            5220645.13
          ],
          [
            629199.84,
            5220647.39
          ],
          [
            629199.22,
            5220649.92
          ],
          [
            629198.81,
            5220652.3
          ],
          [
            629199.4,
            5220654.8
          ],
          [
            629198.61,
            5220659.43
          ],
          [
            629197.22,
            5220661.62
          ],
          [
            629197.42,
            5220666.4
          ],
          [
            629196.03,
            5220668.63
          ],
          [
            629196.24,
            5220673.37
          ],
          [
            629194.84,
            5220675.64
          ],
          [
            629195.05,
            5220680.35
          ],
          [
            629193.64,
            5220682.65
          ],
          [
            629193.86,
            5220687.32
          ],
          [
            629192.45,
            5220689.65
          ],
          [
            629193.18,
            5220693.24
          ],
          [
            629191.76,
            5220695.61
          ],
          [
            629192.36,
            5220698.24
          ],
          [
            629191.06,
            5220700.42
          ],
          [
            629191.4,
            5220701.77
          ],
          [
            629192.82,
            5220702.66
          ],
          [
            629191.56,
            5220705.29
          ],
          [
            629199.09,
            5220712.79
          ],
          [
            629209.54,
            5220716.28
          ],
          [
            629215.4,
            5220721.06
          ],
          [
            629215.4,
            5220721.06
          ],
          [
            629213.59,
            5220725.48
          ],
          [
            629211.78,
            5220729.9
          ],
          [
            629209.98,
            5220734.31
          ],
          [
            629208.17,
            5220738.73
          ],
          [
            629206.36,
            5220743.15
          ],
          [
            629204.56,
            5220747.56
          ],
          [
            629202.75,
            5220751.98
          ],
          [
            629200.94,
            5220756.4
          ],
          [
            629199.14,
            5220760.81
          ],
          [
            629197.89,
            5220762.05
          ],
          [
            629196.07,
            5220766.49
          ],
          [
            629194.25,
            5220770.94
          ],
          [
            629192.42,
            5220775.38
          ],
          [
            629190.6,
            5220779.82
          ],
          [
            629188.78,
            5220784.27
          ],
          [
            629186.95,
            5220788.71
          ],
          [
            629185.13,
            5220793.15
          ],
          [
            629183.31,
            5220797.6
          ],
          [
            629181.49,
            5220802.04
          ],
          [
            629179.66,
            5220806.49
          ],
          [
            629177.84,
            5220810.93
          ],
          [
            629176.02,
            5220815.37
          ],
          [
            629174.19,
            5220819.82
          ],
          [
            629172.37,
            5220824.26
          ],
          [
            629174.72,
            5220824.65
          ],
          [
            629177.16,
            5220825.64
          ],
          [
            629179.01,
            5220821.11
          ],
          [
            629180.87,
            5220816.58
          ],
          [
            629182.73,
            5220812.05
          ],
          [
            629184.59,
            5220807.52
          ],
          [
            629186.45,
            5220802.99
          ],
          [
            629188.31,
            5220798.46
          ],
          [
            629190.17,
            5220793.93
          ],
          [
            629192.03,
            5220789.39
          ],
          [
            629193.89,
            5220784.86
          ],
          [
            629195.75,
            5220780.33
          ],
          [
            629197.61,
            5220775.8
          ],
          [
            629199.46,
            5220771.27
          ],
          [
            629201.32,
            5220766.74
          ],
          [
            629203.18,
            5220762.21
          ],
          [
            629202.4,
            5220762.15
          ],
          [
            629204.11,
            5220758.0
          ],
          [
            629205.81,
            5220753.85
          ],
          [
            629207.51,
            5220749.7
          ],
          [
            629209.21,
            5220745.55
          ],
          [
            629210.92,
            5220741.39
          ],
          [
            629212.62,
            5220737.24
          ],
          [
            629214.32,
            5220733.09
          ],
          [
            629216.02,
            5220728.94
          ],
          [
            629217.73,
            5220724.79
          ],
          [
            629218.71,
            5220722.87
          ],
          [
            629224.95,
            5220722.33
          ],
          [
            629228.23,
            5220725.89
          ],
          [
            629231.04,
            5220725.46
          ],
          [
            629234.31,
            5220729.01
          ],
          [
            629237.12,
            5220728.59
          ],
          [
            629240.39,
            5220732.14
          ],
          [
            629243.21,
            5220731.71
          ],
          [
            629251.38,
            5220739.91
          ],
          [
            629249.58,
            5220742.61
          ],
          [
            629247.7,
            5220747.22
          ],
          [
            629245.82,
            5220751.84
          ],
          [
            629243.94,
            5220756.45
          ],
          [
            629242.06,
            5220761.07
          ],
          [
            629240.19,
            5220765.68
          ],
          [
            629238.31,
            5220770.29
          ],
          [
            629236.43,
            5220774.91
          ],
          [
            629234.55,
            5220779.52
          ],
          [
            629232.67,
            5220784.14
          ],
          [
            629230.79,
            5220788.75
          ],
          [
            629228.91,
            5220793.37
          ],
          [
            629227.03,
            5220797.98
          ],
          [
            629225.15,
            5220802.6
          ],
          [
            629223.27,
            5220807.21
          ],
          [
            629221.39,
            5220811.82
          ],
          [
            629219.51,
            5220816.44
          ],
          [
            629217.63,
            5220821.05
          ],
          [
            629215.75,
            5220825.67
          ],
          [
            629213.87,
            5220830.28
          ],
          [
            629211.99,
            5220834.9
          ],
          [
            629210.11,
            5220839.51
          ],
          [
            629208.23,
            5220844.13
          ],
          [
            629210.67,
            5220845.13
          ],
          [
            629212.54,
            5220840.53
          ],
          [
            629214.41,
            5220835.93
          ],
          [
            629216.28,
            5220831.34
          ],
          [
            629218.16,
            5220826.74
          ],
          [
            629220.03,
            5220822.15
          ],
          [
            629221.9,
            5220817.55
          ],
          [
            629223.77,
            5220812.95
          ],
          [
            629225.64,
            5220808.36
          ],
          [
            629227.52,
            5220803.76
          ],
          [
            629225.64,
            5220808.36
          ],
          [
            629223.77,
            5220812.95
          ],
          [
            629221.9,
            5220817.55
          ],
          [
            629220.03,
            5220822.15
          ],
          [
            629218.16,
            5220826.74
          ],
          [
            629216.28,
            5220831.34
          ],
          [
            629214.41,
            5220835.93
          ],
          [
            629212.54,
            5220840.53
          ],
          [
            629210.67,
            5220845.13
          ],
          [
            629213.18,
            5220844.66
          ],
          [
            629215.04,
            5220840.12
          ],
          [
            629216.9,
            5220835.59
          ],
          [
            629218.75,
            5220831.06
          ],
          [
            629220.61,
            5220826.52
          ],
          [
            629222.47,
            5220821.99
          ],
          [
            629224.32,
            5220817.46
          ],
          [
            629226.18,
            5220812.92
          ],
          [
            629228.04,
            5220808.39
          ],
          [
            629229.89,
            5220803.85
          ],
          [
            629231.75,
            5220799.32
          ],
          [
            629233.61,
            5220794.79
          ],
          [
            629235.46,
            5220790.25
          ],
          [
            629237.32,
            5220785.72
          ],
          [
            629239.18,
            5220781.18
          ],
          [
            629241.03,
            5220776.65
          ],
          [
            629242.89,
            5220772.12
          ],
          [
            629244.75,
            5220767.58
          ],
          [
            629246.61,
            5220763.05
          ],
          [
            629248.46,
            5220758.51
          ],
          [
            629250.32,
            5220753.98
          ],
          [
            629252.18,
            5220749.45
          ],
          [
            629254.03,
            5220744.91
          ],
          [
            629256.32,
            5220746.7
          ],
          [
            629254.5,
            5220751.1
          ],
          [
            629252.69,
            5220755.51
          ],
          [
            629250.88,
            5220759.92
          ],
          [
            629249.06,
            5220764.33
          ],
          [
            629247.25,
            5220768.73
          ],
          [
            629245.44,
            5220773.14
          ],
          [
            629243.62,
            5220777.55
          ],
          [
            629241.81,
            5220781.96
          ],
          [
            629240.0,
            5220786.36
          ],
          [
            629238.19,
            5220790.77
          ],
          [
            629236.37,
            5220795.18
          ],
          [
            629234.56,
            5220799.59
          ],
          [
            629232.75,
            5220803.99
          ],
          [
            629230.93,
            5220808.4
          ],
          [
            629229.12,
            5220812.81
          ],
          [
            629227.31,
            5220817.22
          ],
          [
            629225.49,
            5220821.62
          ],
          [
            629223.68,
            5220826.03
          ],
          [
            629221.87,
            5220830.44
          ],
          [
            629224.36,
            5220831.46
          ],
          [
            629226.2,
            5220826.98
          ],
          [
            629228.05,
            5220822.5
          ],
          [
            629229.89,
            5220818.02
          ],
          [
            629231.73,
            5220813.54
          ],
          [
            629233.57,
            5220809.06
          ],
          [
            629235.42,
            5220804.58
          ],
          [
            629237.26,
            5220800.1
          ],
          [
            629239.1,
            5220795.62
          ],
          [
            629240.95,
            5220791.14
          ],
          [
            629242.79,
            5220786.66
          ],
          [
            629244.63,
            5220782.18
          ],
          [
            629246.47,
            5220777.7
          ],
          [
            629248.32,
            5220773.22
          ],
          [
            629250.16,
            5220768.74
          ],
          [
            629252.0,
            5220764.26
          ],
          [
            629253.85,
            5220759.78
          ],
          [
            629255.69,
            5220755.3
          ],
          [
            629257.86,
            5220756.19
          ],
          [
            629256.02,
            5220760.68
          ],
          [
            629254.18,
            5220765.16
          ],
          [
            629252.35,
            5220769.65
          ],
          [
            629250.51,
            5220774.13
          ],
          [
            629248.67,
            5220778.62
          ],
          [
            629246.83,
            5220783.1
          ],
          [
            629244.99,
            5220787.59
          ],
          [
            629243.15,
            5220792.07
          ],
          [
            629241.31,
            5220796.56
          ],
          [
            629239.48,
            5220801.04
          ],
          [
            629237.64,
            5220805.53
          ],
          [
            629235.8,
            5220810.01
          ],
          [
            629233.96,
            5220814.5
          ],
          [
            629232.12,
            5220818.98
          ],
          [
            629230.28,
            5220823.47
          ],
          [
            629228.44,
            5220827.95
          ],
          [
            629226.61,
            5220832.44
          ],
          [
            629224.77,
            5220836.92
          ],
          [
            629222.93,
            5220841.41
          ],
          [
            629224.77,
            5220836.92
          ],
          [
            629226.61,
            5220832.44
          ],
          [
            629228.44,
            5220827.95
          ],
          [
            629230.28,
            5220823.47
          ],
          [
            629232.12,
            5220818.98
          ],
          [
            629233.96,
            5220814.5
          ],
          [
            629235.8,
            5220810.01
          ],
          [
            629237.64,
            5220805.53
          ],
          [
            629239.48,
            5220801.04
          ],
          [
            629241.31,
            5220796.56
          ],
          [
            629243.15,
            5220792.07
          ],
          [
            629244.99,
            5220787.59
          ],
          [
            629246.83,
            5220783.1
          ],
          [
            629248.67,
            5220778.62
          ],
          [
            629250.51,
            5220774.13
          ],
          [
            629252.35,
            5220769.65
          ],
          [
            629254.18,
            5220765.16
          ],
          [
            629256.02,
            5220760.68
          ],
          [
            629257.86,
            5220756.19
          ],
          [
            629255.69,
            5220755.3
          ],
          [
            629253.85,
            5220759.78
          ],
          [
            629252.0,
            5220764.26
          ],
          [
            629250.16,
            5220768.74
          ],
          [
            629248.32,
            5220773.22
          ],
          [
            629246.47,
            5220777.7
          ],
          [
            629244.63,
            5220782.18
          ],
          [
            629242.79,
            5220786.66
          ],
          [
            629240.95,
            5220791.14
          ],
          [
            629239.1,
            5220795.62
          ],
          [
            629237.26,
            5220800.1
          ],
          [
            629235.42,
            5220804.58
          ],
          [
            629233.57,
            5220809.06
          ],
          [
            629231.73,
            5220813.54
          ],
          [
            629229.89,
            5220818.02
          ],
          [
            629228.05,
            5220822.5
          ],
          [
            629226.2,
            5220826.98
          ],
          [
            629224.36,
            5220831.46
          ],
          [
            629221.87,
            5220830.44
          ],
          [
            629223.68,
            5220826.03
          ],
          [
            629225.49,
            5220821.62
          ],
          [
            629227.31,
            5220817.22
          ],
          [
            629229.12,
            5220812.81
          ],
          [
            629230.93,
            5220808.4
          ],
          [
            629232.75,
            5220803.99
          ],
          [
            629234.56,
            5220799.59
          ],
          [
            629236.37,
            5220795.18
          ],
          [
            629238.19,
            5220790.77
          ],
          [
            629240.0,
            5220786.36
          ],
          [
            629241.81,
            5220781.96
          ],
          [
            629243.62,
            5220777.55
          ],
          [
            629245.44,
            5220773.14
          ],
          [
            629247.25,
            5220768.73
          ],
          [
            629249.06,
            5220764.33
          ],
          [
            629250.88,
            5220759.92
          ],
          [
            629252.69,
            5220755.51
          ],
          [
            629254.5,
            5220751.1
          ],
          [
            629256.32,
            5220746.7
          ],
          [
            629257.93,
            5220744.26
          ],
          [
            629266.17,
            5220747.72
          ],
          [
            629268.89,
            5220747.46
          ],
          [
            629269.89,
            5220750.05
          ],
          [
            629274.41,
            5220750.92
          ],
          [
            629275.49,
            5220753.57
          ],
          [
            629278.96,
            5220753.86
          ],
          [
            629280.0,
            5220756.72
          ],
          [
            629283.55,
            5220757.33
          ],
          [
            629285.52,
            5220760.92
          ],
          [
            629289.28,
            5220761.69
          ],
          [
            629291.05,
            5220765.13
          ],
          [
            629295.02,
            5220766.05
          ],
          [
            629296.57,
            5220769.33
          ],
          [
            629298.77,
            5220770.69
          ],
          [
            629298.77,
            5220774.25
          ],
          [
            629293.72,
            5220775.81
          ],
          [
            629292.16,
            5220773.87
          ],
          [
            629290.43,
            5220778.07
          ],
          [
            629288.71,
            5220782.28
          ],
          [
            629286.98,
            5220786.48
          ],
          [
            629285.26,
            5220790.69
          ],
          [
            629283.53,
            5220794.89
          ],
          [
            629281.81,
            5220799.1
          ],
          [
            629280.08,
            5220803.31
          ],
          [
            629278.36,
            5220807.51
          ],
          [
            629280.08,
            5220803.31
          ],
          [
            629281.81,
            5220799.1
          ],
          [
            629283.53,
            5220794.89
          ],
          [
            629285.26,
            5220790.69
          ],
          [
            629286.98,
            5220786.48
          ],
          [
            629288.71,
            5220782.28
          ],
          [
            629290.43,
            5220778.07
          ],
          [
            629292.16,
            5220773.87
          ],
          [
            629293.72,
            5220775.81
          ],
          [
            629293.54,
            5220779.15
          ],
          [
            629293.72,
            5220775.81
          ],
          [
            629298.77,
            5220774.25
          ],
          [
            629298.77,
            5220770.69
          ],
          [
            629296.57,
            5220769.33
          ],
          [
            629295.02,
            5220766.05
          ],
          [
            629291.05,
            5220765.13
          ],
          [
            629289.28,
            5220761.69
          ],
          [
            629285.52,
            5220760.92
          ],
          [
            629283.55,
            5220757.33
          ],
          [
            629280.0,
            5220756.72
          ],
          [
            629278.96,
            5220753.86
          ],
          [
            629275.49,
            5220753.57
          ],
          [
            629274.41,
            5220750.92
          ],
          [
            629269.89,
            5220750.05
          ],
          [
            629268.89,
            5220747.46
          ],
          [
            629266.17,
            5220747.72
          ],
          [
            629264.42,
            5220746.56
          ],
          [
            629263.6,
            5220744.02
          ],
          [
            629259.24,
            5220743.12
          ],
          [
            629258.41,
            5220740.57
          ],
          [
            629248.62,
            5220738.24
          ],
          [
            629247.61,
            5220740.21
          ],
          [
            629245.75,
            5220744.79
          ],
          [
            629243.89,
            5220749.37
          ],
          [
            629242.02,
            5220753.95
          ],
          [
            629243.89,
            5220749.37
          ],
          [
            629245.75,
            5220744.79
          ],
          [
            629247.61,
            5220740.21
          ],
          [
            629248.62,
            5220738.24
          ],
          [
            629246.47,
            5220735.26
          ],
          [
            629244.15,
            5220735.59
          ],
          [
            629244.15,
            5220735.59
          ],
          [
            629242.3,
            5220740.15
          ],
          [
            629240.45,
            5220744.71
          ],
          [
            629238.6,
            5220749.27
          ],
          [
            629236.74,
            5220753.83
          ],
          [
            629234.89,
            5220758.39
          ],
          [
            629233.04,
            5220762.95
          ],
          [
            629231.19,
            5220767.51
          ],
          [
            629229.34,
            5220772.07
          ],
          [
            629227.48,
            5220776.62
          ],
          [
            629225.63,
            5220781.18
          ],
          [
            629223.78,
            5220785.74
          ],
          [
            629221.93,
            5220790.3
          ],
          [
            629220.08,
            5220794.86
          ],
          [
            629218.22,
            5220799.42
          ],
          [
            629216.37,
            5220803.98
          ],
          [
            629214.52,
            5220808.54
          ],
          [
            629212.67,
            5220813.1
          ],
          [
            629210.82,
            5220817.65
          ],
          [
            629208.96,
            5220822.21
          ],
          [
            629207.11,
            5220826.77
          ],
          [
            629205.26,
            5220831.33
          ],
          [
            629203.41,
            5220835.89
          ],
          [
            629201.56,
            5220840.45
          ],
          [
            629199.15,
            5220839.46
          ],
          [
            629201.02,
            5220834.89
          ],
          [
            629202.89,
            5220830.32
          ],
          [
            629204.76,
            5220825.75
          ],
          [
            629206.63,
            5220821.18
          ],
          [
            629208.49,
            5220816.61
          ],
          [
            629210.36,
            5220812.04
          ],
          [
            629212.23,
            5220807.47
          ],
          [
            629214.1,
            5220802.9
          ],
          [
            629215.97,
            5220798.33
          ],
          [
            629217.84,
            5220793.76
          ],
          [
            629219.71,
            5220789.19
          ],
          [
            629221.57,
            5220784.62
          ],
          [
            629223.44,
            5220780.05
          ],
          [
            629221.57,
            5220784.62
          ],
          [
            629219.71,
            5220789.19
          ],
          [
            629217.84,
            5220793.76
          ],
          [
            629215.97,
            5220798.33
          ],
          [
            629214.1,
            5220802.9
          ],
          [
            629212.23,
            5220807.47
          ],
          [
            629210.36,
            5220812.04
          ],
          [
            629208.49,
            5220816.61
          ],
          [
            629206.63,
            5220821.18
          ],
          [
            629204.76,
            5220825.75
          ],
          [
            629202.89,
            5220830.32
          ],
          [
            629201.02,
            5220834.89
          ],
          [
            629199.15,
            5220839.46
          ],
          [
            629201.56,
            5220840.45
          ],
          [
            629203.41,
            5220835.89
          ],
          [
            629205.26,
            5220831.33
          ],
          [
            629207.11,
            5220826.77
          ],
          [
            629208.96,
            5220822.21
          ],
          [
            629210.82,
            5220817.65
          ],
          [
            629212.67,
            5220813.1
          ],
          [
            629214.52,
            5220808.54
          ],
          [
            629216.37,
            5220803.98
          ],
          [
            629218.22,
            5220799.42
          ],
          [
            629220.08,
            5220794.86
          ],
          [
            629221.93,
            5220790.3
          ],
          [
            629223.78,
            5220785.74
          ],
          [
            629225.63,
            5220781.18
          ],
          [
            629227.48,
            5220776.62
          ],
          [
            629229.34,
            5220772.07
          ],
          [
            629231.19,
            5220767.51
          ],
          [
            629233.04,
            5220762.95
          ],
          [
            629234.89,
            5220758.39
          ],
          [
            629236.74,
            5220753.83
          ],
          [
            629238.6,
            5220749.27
          ],
          [
            629240.45,
            5220744.71
          ],
          [
            629242.3,
            5220740.15
          ],
          [
            629244.15,
            5220735.59
          ],
          [
            629244.15,
            5220735.59
          ],
          [
            629237.12,
            5220728.59
          ],
          [
            629223.97,
            5220725.57
          ],
          [
            629223.04,
            5220727.37
          ],
          [
            629221.22,
            5220731.82
          ],
          [
            629219.4,
            5220736.26
          ],
          [
            629217.57,
            5220740.71
          ],
          [
            629219.4,
            5220736.26
          ],
          [
            629221.22,
            5220731.82
          ],
          [
            629223.04,
            5220727.37
          ],
          [
            629220.66,
            5220726.39
          ],
          [
            629218.82,
            5220730.86
          ],
          [
            629216.99,
            5220735.32
          ],
          [
            629218.82,
            5220730.86
          ],
          [
            629220.66,
            5220726.39
          ],
          [
            629221.68,
            5220724.4
          ],
          [
            629212.55,
            5220715.96
          ],
          [
            629205.81,
            5220716.24
          ],
          [
            629205.04,
            5220717.72
          ],
          [
            629203.16,
            5220722.33
          ],
          [
            629205.04,
            5220717.72
          ],
          [
            629207.11,
            5220718.82
          ],
          [
            629205.26,
            5220723.38
          ],
          [
            629203.4,
            5220727.93
          ],
          [
            629201.55,
            5220732.48
          ],
          [
            629199.7,
            5220737.04
          ],
          [
            629197.84,
            5220741.59
          ],
          [
            629195.99,
            5220746.14
          ],
          [
            629194.14,
            5220750.69
          ],
          [
            629192.28,
            5220755.25
          ],
          [
            629190.43,
            5220759.8
          ],
          [
            629188.57,
            5220764.35
          ],
          [
            629186.72,
            5220768.9
          ],
          [
            629184.87,
            5220773.46
          ],
          [
            629183.01,
            5220778.01
          ],
          [
            629181.16,
            5220782.56
          ],
          [
            629179.31,
            5220787.11
          ],
          [
            629177.45,
            5220791.67
          ],
          [
            629175.6,
            5220796.22
          ],
          [
            629173.74,
            5220800.77
          ],
          [
            629171.89,
            5220805.33
          ],
          [
            629170.04,
            5220809.88
          ],
          [
            629168.18,
            5220814.43
          ],
          [
            629166.33,
            5220818.98
          ],
          [
            629164.48,
            5220823.54
          ],
          [
            629162.62,
            5220828.09
          ],
          [
            629162.34,
            5220828.96
          ],
          [
            629163.54,
            5220831.45
          ],
          [
            629164.65,
            5220829.84
          ],
          [
            629164.65,
            5220829.84
          ],
          [
            629166.51,
            5220825.25
          ],
          [
            629168.38,
            5220820.66
          ],
          [
            629170.24,
            5220816.08
          ],
          [
            629172.1,
            5220811.49
          ],
          [
            629173.97,
            5220806.9
          ],
          [
            629172.1,
            5220811.49
          ],
          [
            629170.24,
            5220816.08
          ],
          [
            629168.38,
            5220820.66
          ],
          [
            629166.51,
            5220825.25
          ],
          [
            629164.65,
            5220829.84
          ],
          [
            629164.65,
            5220829.84
          ],
          [
            629172.53,
            5220833.32
          ],
          [
            629176.68,
            5220833.61
          ],
          [
            629176.71,
            5220833.51
          ],
          [
            629178.54,
            5220829.05
          ],
          [
            629180.37,
            5220824.58
          ],
          [
            629182.2,
            5220820.12
          ],
          [
            629184.03,
            5220815.66
          ],
          [
            629185.86,
            5220811.19
          ],
          [
            629187.7,
            5220806.73
          ],
          [
            629185.86,
            5220811.19
          ],
          [
            629184.03,
            5220815.66
          ],
          [
            629182.2,
            5220820.12
          ],
          [
            629180.37,
            5220824.58
          ],
          [
            629178.54,
            5220829.05
          ],
          [
            629176.71,
            5220833.51
          ],
          [
            629176.68,
            5220833.61
          ],
          [
            629179.02,
            5220835.42
          ],
          [
            629181.58,
            5220835.2
          ],
          [
            629182.32,
            5220832.95
          ],
          [
            629184.15,
            5220828.51
          ],
          [
            629185.98,
            5220824.06
          ],
          [
            629187.81,
            5220819.62
          ],
          [
            629189.64,
            5220815.17
          ],
          [
            629191.46,
            5220810.73
          ],
          [
            629193.29,
            5220806.28
          ],
          [
            629195.12,
            5220801.84
          ],
          [
            629196.95,
            5220797.39
          ],
          [
            629198.78,
            5220792.95
          ],
          [
            629200.61,
            5220788.5
          ],
          [
            629202.43,
            5220784.06
          ],
          [
            629204.26,
            5220779.61
          ],
          [
            629206.09,
            5220775.17
          ],
          [
            629207.92,
            5220770.72
          ],
          [
            629209.75,
            5220766.28
          ],
          [
            629211.58,
            5220761.83
          ],
          [
            629213.4,
            5220757.38
          ],
          [
            629215.23,
            5220752.94
          ],
          [
            629217.06,
            5220748.49
          ],
          [
            629218.89,
            5220744.05
          ],
          [
            629220.72,
            5220739.6
          ],
          [
            629222.55,
            5220735.16
          ],
          [
            629224.38,
            5220730.71
          ],
          [
            629226.84,
            5220731.73
          ],
          [
            629224.99,
            5220736.24
          ],
          [
            629223.13,
            5220740.76
          ],
          [
            629221.27,
            5220745.27
          ],
          [
            629219.41,
            5220749.79
          ],
          [
            629217.56,
            5220754.31
          ],
          [
            629215.7,
            5220758.82
          ],
          [
            629213.84,
            5220763.34
          ],
          [
            629211.98,
            5220767.85
          ],
          [
            629210.13,
            5220772.37
          ],
          [
            629208.27,
            5220776.89
          ],
          [
            629206.41,
            5220781.4
          ],
          [
            629204.55,
            5220785.92
          ],
          [
            629202.7,
            5220790.43
          ],
          [
            629200.84,
            5220794.95
          ],
          [
            629198.98,
            5220799.46
          ],
          [
            629197.12,
            5220803.98
          ],
          [
            629195.27,
            5220808.5
          ],
          [
            629193.41,
            5220813.01
          ],
          [
            629191.55,
            5220817.53
          ],
          [
            629189.69,
            5220822.04
          ],
          [
            629187.84,
            5220826.56
          ],
          [
            629185.98,
            5220831.08
          ],
          [
            629188.36,
            5220832.05
          ],
          [
            629190.21,
            5220827.54
          ],
          [
            629192.06,
            5220823.02
          ],
          [
            629193.91,
            5220818.51
          ],
          [
            629195.75,
            5220814.0
          ],
          [
            629197.6,
            5220809.48
          ],
          [
            629199.45,
            5220804.97
          ],
          [
            629201.3,
            5220800.45
          ],
          [
            629203.15,
            5220795.94
          ],
          [
            629204.99,
            5220791.42
          ],
          [
            629206.84,
            5220786.91
          ],
          [
            629208.69,
            5220782.4
          ],
          [
            629210.54,
            5220777.88
          ],
          [
            629212.39,
            5220773.37
          ],
          [
            629214.23,
            5220768.85
          ],
          [
            629216.08,
            5220764.34
          ],
          [
            629217.93,
            5220759.82
          ],
          [
            629219.78,
            5220755.31
          ],
          [
            629221.63,
            5220750.8
          ],
          [
            629223.47,
            5220746.28
          ],
          [
            629225.32,
            5220741.77
          ],
          [
            629227.17,
            5220737.25
          ],
          [
            629229.02,
            5220732.74
          ],
          [
            629226.84,
            5220731.73
          ],
          [
            629224.38,
            5220730.71
          ],
          [
            629222.55,
            5220735.16
          ],
          [
            629220.72,
            5220739.6
          ],
          [
            629218.89,
            5220744.05
          ],
          [
            629217.06,
            5220748.49
          ],
          [
            629215.23,
            5220752.94
          ],
          [
            629213.4,
            5220757.38
          ],
          [
            629211.58,
            5220761.83
          ],
          [
            629209.75,
            5220766.28
          ],
          [
            629207.92,
            5220770.72
          ],
          [
            629206.09,
            5220775.17
          ],
          [
            629204.26,
            5220779.61
          ],
          [
            629202.43,
            5220784.06
          ],
          [
            629200.61,
            5220788.5
          ],
          [
            629198.78,
            5220792.95
          ],
          [
            629196.95,
            5220797.39
          ],
          [
            629195.12,
            5220801.84
          ],
          [
            629193.29,
            5220806.28
          ],
          [
            629191.46,
            5220810.73
          ],
          [
            629189.64,
            5220815.17
          ],
          [
            629187.81,
            5220819.62
          ],
          [
            629185.98,
            5220824.06
          ],
          [
            629184.15,
            5220828.51
          ],
          [
            629182.32,
            5220832.95
          ],
          [
            629181.58,
            5220835.2
          ],
          [
            629181.88,
            5220835.35
          ],
          [
            629187.42,
            5220839.58
          ],
          [
            629188.54,
            5220838.12
          ],
          [
            629190.41,
            5220833.55
          ],
          [
            629192.29,
            5220828.98
          ],
          [
            629194.16,
            5220824.41
          ],
          [
            629196.04,
            5220819.84
          ],
          [
            629197.91,
            5220815.27
          ],
          [
            629199.78,
            5220810.7
          ],
          [
            629201.66,
            5220806.14
          ],
          [
            629203.53,
            5220801.57
          ],
          [
            629205.41,
            5220797.0
          ],
          [
            629207.28,
            5220792.43
          ],
          [
            629209.16,
            5220787.86
          ],
          [
            629211.03,
            5220783.29
          ],
          [
            629212.91,
            5220778.72
          ],
          [
            629214.78,
            5220774.15
          ],
          [
            629216.66,
            5220769.58
          ],
          [
            629218.53,
            5220765.01
          ],
          [
            629220.41,
            5220760.44
          ],
          [
            629222.28,
            5220755.87
          ],
          [
            629224.15,
            5220751.3
          ],
          [
            629226.03,
            5220746.74
          ],
          [
            629227.9,
            5220742.17
          ],
          [
            629230.12,
            5220743.07
          ],
          [
            629228.32,
            5220747.49
          ],
          [
            629226.53,
            5220751.91
          ],
          [
            629224.73,
            5220756.33
          ],
          [
            629222.93,
            5220760.75
          ],
          [
            629221.14,
            5220765.17
          ],
          [
            629219.34,
            5220769.6
          ],
          [
            629217.54,
            5220774.02
          ],
          [
            629215.75,
            5220778.44
          ],
          [
            629213.95,
            5220782.86
          ],
          [
            629212.15,
            5220787.28
          ],
          [
            629210.36,
            5220791.7
          ],
          [
            629208.56,
            5220796.12
          ],
          [
            629206.76,
            5220800.54
          ],
          [
            629204.96,
            5220804.96
          ],
          [
            629203.17,
            5220809.38
          ],
          [
            629201.37,
            5220813.8
          ],
          [
            629199.57,
            5220818.22
          ],
          [
            629197.78,
            5220822.64
          ],
          [
            629195.98,
            5220827.06
          ],
          [
            629194.18,
            5220831.48
          ],
          [
            629192.39,
            5220835.9
          ],
          [
            629194.76,
            5220836.88
          ],
          [
            629196.6,
            5220832.37
          ],
          [
            629198.43,
            5220827.86
          ],
          [
            629200.26,
            5220823.35
          ],
          [
            629202.1,
            5220818.84
          ],
          [
            629203.93,
            5220814.33
          ],
          [
            629205.76,
            5220809.83
          ],
          [
            629207.6,
            5220805.32
          ],
          [
            629209.43,
            5220800.81
          ],
          [
            629211.27,
            5220796.3
          ],
          [
            629213.1,
            5220791.79
          ],
          [
            629214.93,
            5220787.28
          ],
          [
            629216.77,
            5220782.77
          ],
          [
            629218.6,
            5220778.26
          ],
          [
            629220.43,
            5220773.76
          ],
          [
            629222.27,
            5220769.25
          ],
          [
            629224.1,
            5220764.74
          ],
          [
            629225.94,
            5220760.23
          ],
          [
            629227.77,
            5220755.72
          ],
          [
            629229.6,
            5220751.21
          ],
          [
            629231.44,
            5220746.7
          ],
          [
            629233.82,
            5220747.68
          ],
          [
            629232.01,
            5220752.09
          ],
          [
            629230.21,
            5220756.5
          ],
          [
            629228.41,
            5220760.91
          ],
          [
            629226.6,
            5220765.32
          ],
          [
            629224.8,
            5220769.73
          ],
          [
            629223.0,
            5220774.14
          ],
          [
            629221.19,
            5220778.55
          ],
          [
            629219.39,
            5220782.96
          ],
          [
            629217.59,
            5220787.37
          ],
          [
            629215.78,
            5220791.79
          ],
          [
            629213.98,
            5220796.2
          ],
          [
            629212.18,
            5220800.61
          ],
          [
            629210.37,
            5220805.02
          ],
          [
            629208.57,
            5220809.43
          ],
          [
            629206.77,
            5220813.84
          ],
          [
            629204.96,
            5220818.25
          ],
          [
            629203.16,
            5220822.66
          ],
          [
            629201.36,
            5220827.07
          ],
          [
            629199.55,
            5220831.48
          ],
          [
            629197.75,
            5220835.89
          ],
          [
            629199.55,
            5220831.48
          ],
          [
            629201.36,
            5220827.07
          ],
          [
            629203.16,
            5220822.66
          ],
          [
            629204.96,
            5220818.25
          ],
          [
            629206.77,
            5220813.84
          ],
          [
            629208.57,
            5220809.43
          ],
          [
            629210.37,
            5220805.02
          ],
          [
            629212.18,
            5220800.61
          ],
          [
            629213.98,
            5220796.2
          ],
          [
            629215.78,
            5220791.79
          ],
          [
            629217.59,
            5220787.37
          ],
          [
            629219.39,
            5220782.96
          ],
          [
            629221.19,
            5220778.55
          ],
          [
            629223.0,
            5220774.14
          ],
          [
            629224.8,
            5220769.73
          ],
          [
            629226.6,
            5220765.32
          ],
          [
            629228.41,
            5220760.91
          ],
          [
            629230.21,
            5220756.5
          ],
          [
            629232.01,
            5220752.09
          ],
          [
            629233.82,
            5220747.68
          ],
          [
            629231.44,
            5220746.7
          ],
          [
            629229.6,
            5220751.21
          ],
          [
            629227.77,
            5220755.72
          ],
          [
            629225.94,
            5220760.23
          ],
          [
            629224.1,
            5220764.74
          ],
          [
            629222.27,
            5220769.25
          ],
          [
            629220.43,
            5220773.76
          ],
          [
            629218.6,
            5220778.26
          ],
          [
            629216.77,
            5220782.77
          ],
          [
            629214.93,
            5220787.28
          ],
          [
            629213.1,
            5220791.79
          ],
          [
            629211.27,
            5220796.3
          ],
          [
            629209.43,
            5220800.81
          ],
          [
            629207.6,
            5220805.32
          ],
          [
            629205.76,
            5220809.83
          ],
          [
            629203.93,
            5220814.33
          ],
          [
            629202.1,
            5220818.84
          ],
          [
            629200.26,
            5220823.35
          ],
          [
            629198.43,
            5220827.86
          ],
          [
            629196.6,
            5220832.37
          ],
          [
            629194.76,
            5220836.88
          ],
          [
            629192.39,
            5220835.9
          ],
          [
            629194.18,
            5220831.48
          ],
          [
            629195.98,
            5220827.06
          ],
          [
            629197.78,
            5220822.64
          ],
          [
            629199.57,
            5220818.22
          ],
          [
            629201.37,
            5220813.8
          ],
          [
            629203.17,
            5220809.38
          ],
          [
            629204.96,
            5220804.96
          ],
          [
            629206.76,
            5220800.54
          ],
          [
            629208.56,
            5220796.12
          ],
          [
            629210.36,
            5220791.7
          ],
          [
            629212.15,
            5220787.28
          ],
          [
            629213.95,
            5220782.86
          ],
          [
            629215.75,
            5220778.44
          ],
          [
            629217.54,
            5220774.02
          ],
          [
            629219.34,
            5220769.6
          ],
          [
            629221.14,
            5220765.17
          ],
          [
            629222.93,
            5220760.75
          ],
          [
            629224.73,
            5220756.33
          ],
          [
            629226.53,
            5220751.91
          ],
          [
            629228.32,
            5220747.49
          ],
          [
            629230.12,
            5220743.07
          ],
          [
            629227.9,
            5220742.17
          ],
          [
            629226.03,
            5220746.74
          ],
          [
            629224.15,
            5220751.3
          ],
          [
            629222.28,
            5220755.87
          ],
          [
            629220.41,
            5220760.44
          ],
          [
            629218.53,
            5220765.01
          ],
          [
            629216.66,
            5220769.58
          ],
          [
            629214.78,
            5220774.15
          ],
          [
            629212.91,
            5220778.72
          ],
          [
            629211.03,
            5220783.29
          ],
          [
            629209.16,
            5220787.86
          ],
          [
            629207.28,
            5220792.43
          ],
          [
            629205.41,
            5220797.0
          ],
          [
            629203.53,
            5220801.57
          ],
          [
            629201.66,
            5220806.14
          ],
          [
            629199.78,
            5220810.7
          ],
          [
            629197.91,
            5220815.27
          ],
          [
            629196.04,
            5220819.84
          ],
          [
            629194.16,
            5220824.41
          ],
          [
            629192.29,
            5220828.98
          ],
          [
            629190.41,
            5220833.55
          ],
          [
            629188.54,
            5220838.12
          ],
          [
            629187.42,
            5220839.58
          ],
          [
            629190.31,
            5220844.32
          ],
          [
            629194.58,
            5220846.34
          ],
          [
            629195.93,
            5220848.64
          ],
          [
            629200.19,
            5220850.65
          ],
          [
            629201.54,
            5220852.95
          ],
          [
            629203.5,
            5220854.44
          ],
          [
            629208.46,
            5220856.52
          ],
          [
            629208.38,
            5220856.92
          ],
          [
            629206.52,
            5220861.35
          ],
          [
            629204.67,
            5220865.77
          ],
          [
            629202.81,
            5220870.19
          ],
          [
            629200.95,
            5220874.61
          ],
          [
            629199.09,
            5220879.03
          ],
          [
            629197.23,
            5220883.45
          ],
          [
            629195.37,
            5220887.88
          ],
          [
            629193.52,
            5220892.3
          ],
          [
            629191.66,
            5220896.72
          ],
          [
            629189.8,
            5220901.14
          ],
          [
            629187.94,
            5220905.56
          ],
          [
            629189.8,
            5220901.14
          ],
          [
            629191.66,
            5220896.72
          ],
          [
            629193.52,
            5220892.3
          ],
          [
            629195.37,
            5220887.88
          ],
          [
            629197.23,
            5220883.45
          ],
          [
            629199.09,
            5220879.03
          ],
          [
            629200.95,
            5220874.61
          ],
          [
            629202.81,
            5220870.19
          ],
          [
            629204.67,
            5220865.77
          ],
          [
            629206.52,
            5220861.35
          ],
          [
            629208.38,
            5220856.92
          ],
          [
            629208.46,
            5220856.52
          ],
          [
            629213.07,
            5220856.41
          ],
          [
            629220.94,
            5220858.98
          ],
          [
            629220.61,
            5220860.67
          ],
          [
            629218.67,
            5220865.27
          ],
          [
            629216.72,
            5220869.86
          ],
          [
            629214.77,
            5220874.46
          ],
          [
            629212.83,
            5220879.06
          ],
          [
            629210.88,
            5220883.66
          ],
          [
            629208.94,
            5220888.25
          ],
          [
            629206.99,
            5220892.85
          ],
          [
            629205.05,
            5220897.45
          ],
          [
            629203.1,
            5220902.04
          ],
          [
            629205.05,
            5220897.45
          ],
          [
            629206.99,
            5220892.85
          ],
          [
            629208.94,
            5220888.25
          ],
          [
            629210.88,
            5220883.66
          ],
          [
            629212.83,
            5220879.06
          ],
          [
            629214.77,
            5220874.46
          ],
          [
            629216.72,
            5220869.86
          ],
          [
            629218.67,
            5220865.27
          ],
          [
            629220.61,
            5220860.67
          ],
          [
            629220.94,
            5220858.98
          ],
          [
            629229.49,
            5220858.63
          ],
          [
            629232.44,
            5220858.26
          ],
          [
            629232.85,
            5220857.39
          ],
          [
            629234.73,
            5220852.81
          ],
          [
            629236.6,
            5220848.23
          ],
          [
            629238.47,
            5220843.65
          ],
          [
            629240.35,
            5220839.07
          ],
          [
            629242.22,
            5220834.49
          ],
          [
            629244.09,
            5220829.91
          ],
          [
            629245.96,
            5220825.33
          ],
          [
            629247.84,
            5220820.75
          ],
          [
            629245.96,
            5220825.33
          ],
          [
            629244.09,
            5220829.91
          ],
          [
            629242.22,
            5220834.49
          ],
          [
            629240.35,
            5220839.07
          ],
          [
            629238.47,
            5220843.65
          ],
          [
            629236.6,
            5220848.23
          ],
          [
            629234.73,
            5220852.81
          ],
          [
            629232.85,
            5220857.39
          ],
          [
            629235.73,
            5220857.27
          ],
          [
            629237.59,
            5220852.75
          ],
          [
            629239.44,
            5220848.23
          ],
          [
            629241.3,
            5220843.71
          ],
          [
            629243.15,
            5220839.19
          ],
          [
            629245.01,
            5220834.67
          ],
          [
            629243.15,
            5220839.19
          ],
          [
            629241.3,
            5220843.71
          ],
          [
            629239.44,
            5220848.23
          ],
          [
            629237.59,
            5220852.75
          ],
          [
            629235.73,
            5220857.27
          ],
          [
            629238.01,
            5220858.2
          ],
          [
            629240.51,
            5220859.17
          ],
          [
            629242.07,
            5220855.37
          ],
          [
            629243.63,
            5220851.57
          ],
          [
            629245.19,
            5220847.77
          ],
          [
            629243.63,
            5220851.57
          ],
          [
            629242.07,
            5220855.37
          ],
          [
            629240.51,
            5220859.17
          ],
          [
            629242.76,
            5220860.09
          ],
          [
            629244.5,
            5220855.87
          ],
          [
            629242.76,
            5220860.09
          ],
          [
            629241.6,
            5220862.57
          ],
          [
            629240.69,
            5220864.36
          ],
          [
            629238.28,
            5220864.32
          ],
          [
            629237.65,
            5220865.65
          ],
          [
            629235.75,
            5220870.17
          ],
          [
            629233.85,
            5220874.7
          ],
          [
            629231.95,
            5220879.22
          ],
          [
            629230.04,
            5220883.75
          ],
          [
            629228.14,
            5220888.27
          ],
          [
            629226.24,
            5220892.8
          ],
          [
            629224.34,
            5220897.32
          ],
          [
            629222.43,
            5220901.85
          ],
          [
            629220.53,
            5220906.37
          ],
          [
            629218.63,
            5220910.9
          ],
          [
            629216.73,
            5220915.42
          ],
          [
            629214.83,
            5220919.95
          ],
          [
            629217.28,
            5220920.98
          ],
          [
            629219.21,
            5220916.4
          ],
          [
            629221.14,
            5220911.81
          ],
          [
            629223.07,
            5220907.23
          ],
          [
            629224.99,
            5220902.64
          ],
          [
            629226.92,
            5220898.06
          ],
          [
            629228.85,
            5220893.47
          ],
          [
            629230.78,
            5220888.89
          ],
          [
            629232.7,
            5220884.3
          ],
          [
            629234.63,
            5220879.72
          ],
          [
            629232.7,
            5220884.3
          ],
          [
            629230.78,
            5220888.89
          ],
          [
            629228.85,
            5220893.47
          ],
          [
            629226.92,
            5220898.06
          ],
          [
            629224.99,
            5220902.64
          ],
          [
            629223.07,
            5220907.23
          ],
          [
            629221.14,
            5220911.81
          ],
          [
            629219.21,
            5220916.4
          ],
          [
            629217.28,
            5220920.98
          ],
          [
            629214.83,
            5220919.95
          ],
          [
            629216.73,
            5220915.42
          ],
          [
            629218.63,
            5220910.9
          ],
          [
            629220.53,
            5220906.37
          ],
          [
            629222.43,
            5220901.85
          ],
          [
            629224.34,
            5220897.32
          ],
          [
            629226.24,
            5220892.8
          ],
          [
            629228.14,
            5220888.27
          ],
          [
            629230.04,
            5220883.75
          ],
          [
            629231.95,
            5220879.22
          ],
          [
            629233.85,
            5220874.7
          ],
          [
            629235.75,
            5220870.17
          ],
          [
            629237.65,
            5220865.65
          ],
          [
            629234.99,
            5220865.52
          ],
          [
            629232.23,
            5220865.44
          ],
          [
            629230.35,
            5220869.92
          ],
          [
            629228.47,
            5220874.39
          ],
          [
            629226.58,
            5220878.87
          ],
          [
            629224.7,
            5220883.35
          ],
          [
            629222.82,
            5220887.83
          ],
          [
            629220.94,
            5220892.31
          ],
          [
            629219.05,
            5220896.79
          ],
          [
            629217.17,
            5220901.27
          ],
          [
            629215.29,
            5220905.75
          ],
          [
            629213.41,
            5220910.23
          ],
          [
            629211.52,
            5220914.71
          ],
          [
            629209.64,
            5220919.19
          ],
          [
            629207.76,
            5220923.67
          ],
          [
            629209.64,
            5220919.19
          ],
          [
            629211.52,
            5220914.71
          ],
          [
            629213.41,
            5220910.23
          ],
          [
            629215.29,
            5220905.75
          ],
          [
            629217.17,
            5220901.27
          ],
          [
            629219.05,
            5220896.79
          ],
          [
            629220.94,
            5220892.31
          ],
          [
            629222.82,
            5220887.83
          ],
          [
            629224.7,
            5220883.35
          ],
          [
            629226.58,
            5220878.87
          ],
          [
            629228.47,
            5220874.39
          ],
          [
            629230.35,
            5220869.92
          ],
          [
            629232.23,
            5220865.44
          ],
          [
            629229.82,
            5220864.42
          ],
          [
            629227.03,
            5220864.66
          ],
          [
            629225.1,
            5220869.19
          ],
          [
            629223.17,
            5220873.72
          ],
          [
            629221.24,
            5220878.25
          ],
          [
            629219.31,
            5220882.78
          ],
          [
            629217.39,
            5220887.31
          ],
          [
            629215.46,
            5220891.84
          ],
          [
            629213.53,
            5220896.37
          ],
          [
            629211.6,
            5220900.9
          ],
          [
            629209.67,
            5220905.43
          ],
          [
            629211.6,
            5220900.9
          ],
          [
            629213.53,
            5220896.37
          ],
          [
            629215.46,
            5220891.84
          ],
          [
            629217.39,
            5220887.31
          ],
          [
            629219.31,
            5220882.78
          ],
          [
            629221.24,
            5220878.25
          ],
          [
            629223.17,
            5220873.72
          ],
          [
            629225.1,
            5220869.19
          ],
          [
            629227.03,
            5220864.66
          ],
          [
            629229.82,
            5220864.42
          ],
          [
            629232.23,
            5220865.44
          ],
          [
            629234.99,
            5220865.52
          ],
          [
            629236.05,
            5220863.27
          ],
          [
            629229.49,
            5220858.63
          ],
          [
            629220.94,
            5220858.98
          ],
          [
            629213.07,
            5220856.41
          ],
          [
            629208.46,
            5220856.52
          ],
          [
            629203.5,
            5220854.44
          ],
          [
            629201.54,
            5220852.95
          ],
          [
            629200.19,
            5220850.65
          ],
          [
            629195.93,
            5220848.64
          ],
          [
            629194.58,
            5220846.34
          ],
          [
            629190.31,
            5220844.32
          ],
          [
            629188.97,
            5220842.03
          ],
          [
            629184.69,
            5220840.01
          ],
          [
            629179.15,
            5220834.41
          ],
          [
            629179.26,
            5220834.05
          ],
          [
            629181.09,
            5220829.61
          ],
          [
            629182.91,
            5220825.16
          ],
          [
            629184.74,
            5220820.72
          ],
          [
            629182.91,
            5220825.16
          ],
          [
            629181.09,
            5220829.61
          ],
          [
            629179.26,
            5220834.05
          ],
          [
            629179.15,
            5220834.41
          ],
          [
            629172.53,
            5220833.32
          ],
          [
            629165.56,
            5220833.16
          ],
          [
            629164.48,
            5220836.48
          ],
          [
            629162.55,
            5220841.07
          ],
          [
            629160.62,
            5220845.65
          ],
          [
            629158.69,
            5220850.24
          ],
          [
            629156.77,
            5220854.83
          ],
          [
            629154.84,
            5220859.41
          ],
          [
            629152.91,
            5220864.0
          ],
          [
            629150.98,
            5220868.59
          ],
          [
            629149.05,
            5220873.17
          ],
          [
            629147.12,
            5220877.76
          ],
          [
            629145.19,
            5220882.35
          ],
          [
            629147.12,
            5220884.02
          ],
          [
            629149.52,
            5220885.03
          ],
          [
            629151.39,
            5220880.6
          ],
          [
            629153.25,
            5220876.18
          ],
          [
            629155.12,
            5220871.75
          ],
          [
            629156.99,
            5220867.32
          ],
          [
            629158.86,
            5220862.9
          ],
          [
            629160.73,
            5220858.47
          ],
          [
            629162.6,
            5220854.05
          ],
          [
            629164.47,
            5220849.62
          ],
          [
            629166.33,
            5220845.19
          ],
          [
            629168.67,
            5220846.18
          ],
          [
            629166.91,
            5220850.36
          ],
          [
            629165.14,
            5220854.54
          ],
          [
            629163.38,
            5220858.72
          ],
          [
            629161.62,
            5220862.9
          ],
          [
            629159.86,
            5220867.09
          ],
          [
            629158.1,
            5220871.27
          ],
          [
            629156.34,
            5220875.45
          ],
          [
            629154.58,
            5220879.63
          ],
          [
            629152.82,
            5220883.81
          ],
          [
            629154.58,
            5220879.63
          ],
          [
            629156.34,
            5220875.45
          ],
          [
            629158.1,
            5220871.27
          ],
          [
            629159.86,
            5220867.09
          ],
          [
            629161.62,
            5220862.9
          ],
          [
            629163.38,
            5220858.72
          ],
          [
            629165.14,
            5220854.54
          ],
          [
            629166.91,
            5220850.36
          ],
          [
            629168.67,
            5220846.18
          ],
          [
            629166.33,
            5220845.19
          ],
          [
            629164.47,
            5220849.62
          ],
          [
            629162.6,
            5220854.05
          ],
          [
            629160.73,
            5220858.47
          ],
          [
            629158.86,
            5220862.9
          ],
          [
            629156.99,
            5220867.32
          ],
          [
            629155.12,
            5220871.75
          ],
          [
            629153.25,
            5220876.18
          ],
          [
            629151.39,
            5220880.6
          ],
          [
            629149.52,
            5220885.03
          ],
          [
            629147.12,
            5220884.02
          ],
          [
            629145.19,
            5220882.35
          ],
          [
            629142.73,
            5220881.31
          ],
          [
            629144.59,
            5220876.88
          ],
          [
            629146.45,
            5220872.46
          ],
          [
            629148.31,
            5220868.04
          ],
          [
            629150.17,
            5220863.61
          ],
          [
            629152.04,
            5220859.19
          ],
          [
            629153.9,
            5220854.76
          ],
          [
            629155.76,
            5220850.34
          ],
          [
            629153.57,
            5220849.41
          ],
          [
            629151.86,
            5220853.41
          ],
          [
            629150.16,
            5220857.4
          ],
          [
            629148.46,
            5220861.4
          ],
          [
            629146.76,
            5220865.39
          ],
          [
            629145.06,
            5220869.39
          ],
          [
            629143.36,
            5220873.38
          ],
          [
            629141.25,
            5220871.97
          ],
          [
            629143.08,
            5220867.62
          ],
          [
            629144.91,
            5220863.28
          ],
          [
            629146.74,
            5220858.94
          ],
          [
            629148.56,
            5220854.6
          ],
          [
            629146.22,
            5220853.61
          ],
          [
            629144.68,
            5220857.27
          ],
          [
            629143.14,
            5220860.92
          ],
          [
            629141.6,
            5220864.58
          ],
          [
            629139.36,
            5220863.63
          ],
          [
            629141.28,
            5220859.09
          ],
          [
            629143.2,
            5220854.55
          ],
          [
            629145.13,
            5220850.01
          ],
          [
            629147.05,
            5220845.47
          ],
          [
            629148.97,
            5220840.92
          ],
          [
            629150.89,
            5220836.38
          ],
          [
            629152.81,
            5220831.84
          ],
          [
            629149.9,
            5220832.14
          ],
          [
            629148.09,
            5220836.44
          ],
          [
            629149.9,
            5220832.14
          ],
          [
            629147.29,
            5220831.79
          ],
          [
            629145.47,
            5220836.12
          ],
          [
            629143.66,
            5220840.44
          ],
          [
            629141.85,
            5220844.76
          ],
          [
            629140.03,
            5220849.08
          ],
          [
            629138.22,
            5220853.4
          ],
          [
            629140.03,
            5220849.08
          ],
          [
            629141.85,
            5220844.76
          ],
          [
            629143.66,
            5220840.44
          ],
          [
            629145.47,
            5220836.12
          ],
          [
            629147.29,
            5220831.79
          ],
          [
            629149.9,
            5220832.14
          ],
          [
            629152.81,
            5220831.84
          ],
          [
            629153.7,
            5220829.29
          ],
          [
            629144.18,
            5220824.92
          ],
          [
            629135.62,
            5220819.84
          ],
          [
            629135.85,
            5220819.18
          ],
          [
            629137.71,
            5220814.67
          ],
          [
            629139.56,
            5220810.16
          ],
          [
            629141.41,
            5220805.65
          ],
          [
            629143.26,
            5220801.14
          ],
          [
            629145.11,
            5220796.63
          ],
          [
            629146.97,
            5220792.12
          ],
          [
            629148.82,
            5220787.6
          ],
          [
            629150.67,
            5220783.09
          ],
          [
            629152.52,
            5220778.58
          ],
          [
            629154.38,
            5220774.07
          ],
          [
            629156.23,
            5220769.56
          ],
          [
            629158.08,
            5220765.05
          ],
          [
            629159.93,
            5220760.54
          ],
          [
            629161.78,
            5220756.03
          ],
          [
            629163.64,
            5220751.52
          ],
          [
            629165.49,
            5220747.01
          ],
          [
            629167.34,
            5220742.5
          ],
          [
            629169.19,
            5220737.99
          ],
          [
            629171.04,
            5220733.48
          ],
          [
            629172.9,
            5220728.97
          ],
          [
            629174.75,
            5220724.46
          ],
          [
            629176.6,
            5220719.95
          ],
          [
            629178.45,
            5220715.44
          ],
          [
            629180.31,
            5220710.93
          ],
          [
            629182.16,
            5220706.42
          ],
          [
            629179.77,
            5220705.44
          ],
          [
            629177.88,
            5220710.05
          ],
          [
            629175.98,
            5220714.66
          ],
          [
            629174.09,
            5220719.27
          ],
          [
            629172.2,
            5220723.87
          ],
          [
            629170.31,
            5220728.48
          ],
          [
            629168.42,
            5220733.09
          ],
          [
            629166.53,
            5220737.7
          ],
          [
            629164.64,
            5220742.31
          ],
          [
            629162.75,
            5220746.92
          ],
          [
            629160.86,
            5220751.53
          ],
          [
            629158.97,
            5220756.13
          ],
          [
            629157.08,
            5220760.74
          ],
          [
            629155.19,
            5220765.35
          ],
          [
            629153.3,
            5220769.96
          ],
          [
            629151.41,
            5220774.57
          ],
          [
            629149.51,
            5220779.18
          ],
          [
            629147.62,
            5220783.79
          ],
          [
            629145.73,
            5220788.39
          ],
          [
            629143.84,
            5220793.0
          ],
          [
            629141.95,
            5220797.61
          ],
          [
            629140.06,
            5220802.22
          ],
          [
            629138.17,
            5220806.83
          ],
          [
            629136.28,
            5220811.44
          ],
          [
            629134.39,
            5220816.05
          ],
          [
            629132.0,
            5220815.07
          ],
          [
            629133.8,
            5220810.66
          ],
          [
            629135.61,
            5220806.25
          ],
          [
            629137.42,
            5220801.85
          ],
          [
            629139.22,
            5220797.44
          ],
          [
            629141.03,
            5220793.03
          ],
          [
            629142.83,
            5220788.62
          ],
          [
            629144.64,
            5220784.22
          ],
          [
            629146.45,
            5220779.81
          ],
          [
            629148.25,
            5220775.4
          ],
          [
            629150.06,
            5220771.0
          ],
          [
            629151.86,
            5220766.59
          ],
          [
            629153.67,
            5220762.18
          ],
          [
            629153.06,
            5220761.93
          ],
          [
            629154.93,
            5220757.37
          ],
          [
            629156.81,
            5220752.8
          ],
          [
            629154.93,
            5220757.37
          ],
          [
            629153.06,
            5220761.93
          ],
          [
            629151.89,
            5220761.45
          ],
          [
            629150.01,
            5220766.03
          ],
          [
            629148.13,
            5220770.61
          ],
          [
            629146.25,
            5220775.19
          ],
          [
            629144.38,
            5220779.76
          ],
          [
            629142.5,
            5220784.34
          ],
          [
            629140.62,
            5220788.92
          ],
          [
            629138.74,
            5220793.5
          ],
          [
            629136.86,
            5220798.07
          ],
          [
            629134.98,
            5220802.65
          ],
          [
            629133.11,
            5220807.23
          ],
          [
            629131.28,
            5220806.48
          ],
          [
            629133.12,
            5220802.03
          ],
          [
            629134.96,
            5220797.58
          ],
          [
            629136.79,
            5220793.13
          ],
          [
            629138.63,
            5220788.68
          ],
          [
            629140.47,
            5220784.22
          ],
          [
            629142.3,
            5220779.77
          ],
          [
            629144.14,
            5220775.32
          ],
          [
            629145.98,
            5220770.87
          ],
          [
            629147.81,
            5220766.42
          ],
          [
            629149.65,
            5220761.97
          ],
          [
            629149.08,
            5220761.73
          ],
          [
            629150.85,
            5220757.43
          ],
          [
            629152.62,
            5220753.12
          ],
          [
            629154.38,
            5220748.81
          ],
          [
            629156.15,
            5220744.5
          ],
          [
            629157.92,
            5220740.19
          ],
          [
            629159.69,
            5220735.88
          ],
          [
            629161.46,
            5220731.57
          ],
          [
            629163.22,
            5220727.26
          ],
          [
            629164.99,
            5220722.95
          ],
          [
            629166.76,
            5220718.64
          ],
          [
            629164.99,
            5220722.95
          ],
          [
            629163.22,
            5220727.26
          ],
          [
            629161.46,
            5220731.57
          ],
          [
            629159.69,
            5220735.88
          ],
          [
            629157.92,
            5220740.19
          ],
          [
            629156.15,
            5220744.5
          ],
          [
            629154.38,
            5220748.81
          ],
          [
            629152.62,
            5220753.12
          ],
          [
            629150.85,
            5220757.43
          ],
          [
            629149.08,
            5220761.73
          ],
          [
            629147.99,
            5220761.29
          ],
          [
            629146.24,
            5220765.56
          ],
          [
            629144.48,
            5220769.83
          ],
          [
            629142.73,
            5220774.1
          ],
          [
            629140.98,
            5220778.38
          ],
          [
            629139.23,
            5220782.65
          ],
          [
            629137.47,
            5220786.92
          ],
          [
            629135.72,
            5220791.19
          ],
          [
            629133.97,
            5220795.46
          ],
          [
            629132.21,
            5220799.74
          ],
          [
            629130.46,
            5220804.01
          ],
          [
            629128.71,
            5220808.28
          ],
          [
            629126.96,
            5220812.55
          ],
          [
            629124.99,
            5220812.07
          ],
          [
            629126.87,
            5220807.5
          ],
          [
            629128.74,
            5220802.94
          ],
          [
            629130.62,
            5220798.37
          ],
          [
            629132.49,
            5220793.8
          ],
          [
            629134.37,
            5220789.23
          ],
          [
            629136.24,
            5220784.66
          ],
          [
            629138.11,
            5220780.09
          ],
          [
            629139.99,
            5220775.53
          ],
          [
            629141.86,
            5220770.96
          ],
          [
            629143.74,
            5220766.39
          ],
          [
            629145.61,
            5220761.82
          ],
          [
            629147.49,
            5220757.25
          ],
          [
            629149.36,
            5220752.68
          ],
          [
            629151.23,
            5220748.11
          ],
          [
            629153.11,
            5220743.55
          ],
          [
            629154.98,
            5220738.98
          ],
          [
            629156.86,
            5220734.41
          ],
          [
            629158.73,
            5220729.84
          ],
          [
            629160.61,
            5220725.27
          ],
          [
            629158.73,
            5220729.84
          ],
          [
            629156.86,
            5220734.41
          ],
          [
            629154.98,
            5220738.98
          ],
          [
            629153.11,
            5220743.55
          ],
          [
            629151.23,
            5220748.11
          ],
          [
            629149.36,
            5220752.68
          ],
          [
            629147.49,
            5220757.25
          ],
          [
            629145.61,
            5220761.82
          ],
          [
            629143.74,
            5220766.39
          ],
          [
            629141.86,
            5220770.96
          ],
          [
            629139.99,
            5220775.53
          ],
          [
            629138.11,
            5220780.09
          ],
          [
            629136.24,
            5220784.66
          ],
          [
            629134.37,
            5220789.23
          ],
          [
            629132.49,
            5220793.8
          ],
          [
            629130.62,
            5220798.37
          ],
          [
            629128.74,
            5220802.94
          ],
          [
            629126.87,
            5220807.5
          ],
          [
            629124.99,
            5220812.07
          ],
          [
            629122.58,
            5220811.08
          ],
          [
            629124.43,
            5220806.57
          ],
          [
            629126.29,
            5220802.07
          ],
          [
            629128.14,
            5220797.56
          ],
          [
            629129.99,
            5220793.05
          ],
          [
            629131.84,
            5220788.54
          ],
          [
            629133.69,
            5220784.03
          ],
          [
            629135.54,
            5220779.52
          ],
          [
            629137.39,
            5220775.01
          ],
          [
            629139.24,
            5220770.5
          ],
          [
            629141.09,
            5220765.99
          ],
          [
            629142.95,
            5220761.48
          ],
          [
            629144.8,
            5220756.97
          ],
          [
            629146.65,
            5220752.46
          ],
          [
            629148.5,
            5220747.95
          ],
          [
            629150.35,
            5220743.44
          ],
          [
            629152.2,
            5220738.93
          ],
          [
            629154.05,
            5220734.42
          ],
          [
            629155.9,
            5220729.91
          ],
          [
            629157.76,
            5220725.4
          ],
          [
            629155.9,
            5220729.91
          ],
          [
            629154.05,
            5220734.42
          ],
          [
            629152.2,
            5220738.93
          ],
          [
            629150.35,
            5220743.44
          ],
          [
            629148.5,
            5220747.95
          ],
          [
            629146.65,
            5220752.46
          ],
          [
            629144.8,
            5220756.97
          ],
          [
            629142.95,
            5220761.48
          ],
          [
            629141.09,
            5220765.99
          ],
          [
            629139.24,
            5220770.5
          ],
          [
            629137.39,
            5220775.01
          ],
          [
            629135.54,
            5220779.52
          ],
          [
            629133.69,
            5220784.03
          ],
          [
            629131.84,
            5220788.54
          ],
          [
            629129.99,
            5220793.05
          ],
          [
            629128.14,
            5220797.56
          ],
          [
            629126.29,
            5220802.07
          ],
          [
            629124.43,
            5220806.57
          ],
          [
            629122.58,
            5220811.08
          ],
          [
            629121.74,
            5220812.34
          ],
          [
            629126.11,
            5220816.49
          ],
          [
            629134.17,
            5220822.51
          ],
          [
            629133.1,
            5220825.61
          ],
          [
            629131.19,
            5220830.17
          ],
          [
            629129.28,
            5220834.73
          ],
          [
            629127.36,
            5220839.29
          ],
          [
            629125.45,
            5220843.86
          ],
          [
            629123.54,
            5220848.42
          ],
          [
            629121.63,
            5220852.98
          ],
          [
            629119.72,
            5220857.54
          ],
          [
            629117.81,
            5220862.1
          ],
          [
            629115.9,
            5220866.66
          ],
          [
            629113.99,
            5220871.22
          ],
          [
            629116.91,
            5220870.9
          ],
          [
            629119.32,
            5220871.91
          ],
          [
            629121.24,
            5220874.16
          ],
          [
            629123.07,
            5220869.73
          ],
          [
            629124.91,
            5220865.3
          ],
          [
            629126.74,
            5220860.87
          ],
          [
            629128.57,
            5220856.44
          ],
          [
            629130.4,
            5220852.01
          ],
          [
            629132.24,
            5220847.58
          ],
          [
            629134.59,
            5220848.57
          ],
          [
            629132.69,
            5220853.08
          ],
          [
            629130.79,
            5220857.59
          ],
          [
            629128.9,
            5220862.1
          ],
          [
            629127.0,
            5220866.61
          ],
          [
            629125.1,
            5220871.12
          ],
          [
            629127.48,
            5220872.12
          ],
          [
            629129.32,
            5220867.74
          ],
          [
            629131.16,
            5220863.37
          ],
          [
            629133.01,
            5220858.99
          ],
          [
            629134.85,
            5220854.61
          ],
          [
            629136.69,
            5220850.23
          ],
          [
            629138.54,
            5220845.85
          ],
          [
            629140.38,
            5220841.48
          ],
          [
            629138.54,
            5220845.85
          ],
          [
            629136.69,
            5220850.23
          ],
          [
            629134.85,
            5220854.61
          ],
          [
            629133.01,
            5220858.99
          ],
          [
            629131.16,
            5220863.37
          ],
          [
            629129.32,
            5220867.74
          ],
          [
            629127.48,
            5220872.12
          ],
          [
            629125.1,
            5220871.12
          ],
          [
            629127.0,
            5220866.61
          ],
          [
            629128.9,
            5220862.1
          ],
          [
            629130.79,
            5220857.59
          ],
          [
            629132.69,
            5220853.08
          ],
          [
            629134.59,
            5220848.57
          ],
          [
            629132.24,
            5220847.58
          ],
          [
            629130.4,
            5220852.01
          ],
          [
            629128.57,
            5220856.44
          ],
          [
            629126.74,
            5220860.87
          ],
          [
            629124.91,
            5220865.3
          ],
          [
            629123.07,
            5220869.73
          ],
          [
            629121.24,
            5220874.16
          ],
          [
            629119.32,
            5220871.91
          ],
          [
            629121.12,
            5220867.64
          ],
          [
            629122.92,
            5220863.36
          ],
          [
            629124.72,
            5220859.08
          ],
          [
            629126.52,
            5220854.8
          ],
          [
            629128.32,
            5220850.53
          ],
          [
            629130.12,
            5220846.25
          ],
          [
            629131.92,
            5220841.97
          ],
          [
            629130.12,
            5220846.25
          ],
          [
            629128.32,
            5220850.53
          ],
          [
            629126.52,
            5220854.8
          ],
          [
            629124.72,
            5220859.08
          ],
          [
            629122.92,
            5220863.36
          ],
          [
            629121.12,
            5220867.64
          ],
          [
            629119.32,
            5220871.91
          ],
          [
            629116.91,
            5220870.9
          ],
          [
            629113.99,
            5220871.22
          ],
          [
            629115.9,
            5220866.66
          ],
          [
            629117.81,
            5220862.1
          ],
          [
            629119.72,
            5220857.54
          ],
          [
            629121.63,
            5220852.98
          ],
          [
            629123.54,
            5220848.42
          ],
          [
            629125.45,
            5220843.86
          ],
          [
            629127.36,
            5220839.29
          ],
          [
            629129.28,
            5220834.73
          ],
          [
            629131.19,
            5220830.17
          ],
          [
            629133.1,
            5220825.61
          ],
          [
            629134.17,
            5220822.51
          ],
          [
            629137.74,
            5220822.69
          ],
          [
            629137.94,
            5220820.64
          ],
          [
            629138.2,
            5220819.9
          ],
          [
            629140.07,
            5220815.36
          ],
          [
            629141.93,
            5220810.83
          ],
          [
            629143.8,
            5220806.3
          ],
          [
            629145.66,
            5220801.76
          ],
          [
            629147.53,
            5220797.23
          ],
          [
            629149.39,
            5220792.7
          ],
          [
            629151.26,
            5220788.17
          ],
          [
            629153.13,
            5220783.63
          ],
          [
            629154.99,
            5220779.1
          ],
          [
            629156.86,
            5220774.57
          ],
          [
            629158.72,
            5220770.03
          ],
          [
            629160.59,
            5220765.5
          ],
          [
            629162.45,
            5220760.97
          ],
          [
            629164.32,
            5220756.44
          ],
          [
            629166.18,
            5220751.9
          ],
          [
            629168.05,
            5220747.37
          ],
          [
            629169.91,
            5220742.84
          ],
          [
            629171.78,
            5220738.3
          ],
          [
            629173.64,
            5220733.77
          ],
          [
            629175.51,
            5220729.24
          ],
          [
            629177.37,
            5220724.71
          ],
          [
            629179.24,
            5220720.17
          ],
          [
            629181.1,
            5220715.64
          ],
          [
            629182.97,
            5220711.11
          ],
          [
            629184.84,
            5220706.57
          ],
          [
            629185.14,
            5220705.94
          ],
          [
            629180.53,
            5220703.75
          ],
          [
            629180.64,
            5220703.81
          ],
          [
            629180.1,
            5220701.75
          ],
          [
            629178.33,
            5220699.54
          ],
          [
            629176.07,
            5220699.65
          ],
          [
            629172.77,
            5220697.12
          ],
          [
            629170.5,
            5220697.22
          ],
          [
            629168.6,
            5220696.39
          ],
          [
            629167.33,
            5220695.71
          ],
          [
            629166.11,
            5220693.91
          ],
          [
            629163.54,
            5220693.67
          ],
          [
            629161.69,
            5220696.39
          ],
          [
            629161.61,
            5220698.92
          ],
          [
            629157.74,
            5220709.61
          ],
          [
            629151.08,
            5220721.55
          ],
          [
            629145.78,
            5220729.07
          ],
          [
            629143.31,
            5220728.16
          ],
          [
            629140.67,
            5220732.25
          ],
          [
            629138.02,
            5220736.34
          ],
          [
            629135.37,
            5220740.44
          ],
          [
            629132.72,
            5220744.53
          ],
          [
            629130.08,
            5220748.62
          ],
          [
            629127.43,
            5220752.71
          ],
          [
            629124.78,
            5220756.8
          ],
          [
            629122.13,
            5220760.89
          ],
          [
            629119.45,
            5220759.7
          ],
          [
            629121.95,
            5220755.82
          ],
          [
            629124.46,
            5220751.94
          ],
          [
            629126.96,
            5220748.06
          ],
          [
            629129.46,
            5220744.18
          ],
          [
            629131.97,
            5220740.31
          ],
          [
            629134.47,
            5220736.43
          ],
          [
            629136.97,
            5220732.55
          ],
          [
            629139.48,
            5220728.67
          ],
          [
            629141.98,
            5220724.79
          ],
          [
            629144.48,
            5220720.91
          ],
          [
            629146.99,
            5220717.04
          ],
          [
            629144.48,
            5220720.91
          ],
          [
            629141.98,
            5220724.79
          ],
          [
            629139.48,
            5220728.67
          ],
          [
            629136.97,
            5220732.55
          ],
          [
            629134.47,
            5220736.43
          ],
          [
            629131.97,
            5220740.31
          ],
          [
            629129.46,
            5220744.18
          ],
          [
            629126.96,
            5220748.06
          ],
          [
            629124.46,
            5220751.94
          ],
          [
            629121.95,
            5220755.82
          ],
          [
            629119.45,
            5220759.7
          ],
          [
            629122.13,
            5220760.89
          ],
          [
            629124.78,
            5220756.8
          ],
          [
            629127.43,
            5220752.71
          ],
          [
            629130.08,
            5220748.62
          ],
          [
            629132.72,
            5220744.53
          ],
          [
            629135.37,
            5220740.44
          ],
          [
            629138.02,
            5220736.34
          ],
          [
            629140.67,
            5220732.25
          ],
          [
            629143.31,
            5220728.16
          ],
          [
            629145.78,
            5220729.07
          ],
          [
            629147.47,
            5220730.27
          ],
          [
            629145.18,
            5220730.72
          ],
          [
            629145.05,
            5220730.67
          ],
          [
            629142.69,
            5220734.37
          ],
          [
            629140.32,
            5220738.06
          ],
          [
            629137.96,
            5220741.76
          ],
          [
            629135.6,
            5220745.46
          ],
          [
            629133.23,
            5220749.15
          ],
          [
            629130.87,
            5220752.85
          ],
          [
            629133.23,
            5220749.15
          ],
          [
            629135.6,
            5220745.46
          ],
          [
            629137.96,
            5220741.76
          ],
          [
            629140.32,
            5220738.06
          ],
          [
            629142.69,
            5220734.37
          ],
          [
            629145.05,
            5220730.67
          ],
          [
            629145.18,
            5220730.72
          ],
          [
            629142.37,
            5220741.31
          ],
          [
            629139.01,
            5220747.58
          ],
          [
            629136.52,
            5220757.27
          ],
          [
            629134.79,
            5220759.08
          ],
          [
            629131.51,
            5220770.95
          ],
          [
            629129.85,
            5220775.64
          ],
          [
            629129.96,
            5220778.39
          ],
          [
            629127.36,
            5220782.86
          ],
          [
            629125.19,
            5220795.3
          ],
          [
            629119.97,
            5220807.35
          ],
          [
            629119.13,
            5220809.91
          ],
          [
            629119.07,
            5220810.19
          ],
          [
            629117.79,
            5220810.63
          ],
          [
            629115.0,
            5220809.38
          ],
          [
            629113.88,
            5220806.88
          ],
          [
            629110.35,
            5220804.82
          ],
          [
            629109.3,
            5220802.39
          ],
          [
            629105.71,
            5220800.26
          ],
          [
            629104.72,
            5220797.9
          ],
          [
            629101.06,
            5220795.71
          ],
          [
            629100.14,
            5220793.4
          ],
          [
            629098.61,
            5220791.9
          ],
          [
            629098.51,
            5220791.83
          ],
          [
            629096.38,
            5220790.59
          ],
          [
            629093.77,
            5220790.23
          ],
          [
            629090.2,
            5220787.01
          ],
          [
            629087.6,
            5220786.66
          ],
          [
            629084.03,
            5220783.44
          ],
          [
            629081.43,
            5220783.09
          ],
          [
            629077.85,
            5220779.86
          ],
          [
            629075.26,
            5220779.52
          ],
          [
            629073.16,
            5220778.3
          ],
          [
            629071.0,
            5220776.69
          ],
          [
            629069.46,
            5220774.3
          ],
          [
            629064.66,
            5220771.97
          ],
          [
            629063.12,
            5220769.57
          ],
          [
            629058.32,
            5220767.24
          ],
          [
            629056.78,
            5220764.85
          ],
          [
            629051.98,
            5220762.52
          ],
          [
            629050.44,
            5220760.12
          ],
          [
            629045.64,
            5220757.79
          ],
          [
            629044.1,
            5220755.4
          ],
          [
            629039.3,
            5220753.07
          ],
          [
            629037.77,
            5220750.68
          ],
          [
            629032.96,
            5220748.34
          ],
          [
            629031.43,
            5220745.95
          ],
          [
            629026.62,
            5220743.62
          ],
          [
            629025.09,
            5220741.23
          ],
          [
            629022.95,
            5220739.63
          ],
          [
            629020.38,
            5220739.17
          ],
          [
            629011.88,
            5220731.32
          ],
          [
            629012.53,
            5220730.31
          ],
          [
            629015.2,
            5220726.21
          ],
          [
            629017.88,
            5220722.1
          ],
          [
            629020.55,
            5220718.0
          ],
          [
            629023.22,
            5220713.9
          ],
          [
            629025.9,
            5220709.79
          ],
          [
            629028.57,
            5220705.69
          ],
          [
            629031.24,
            5220701.58
          ],
          [
            629033.92,
            5220697.48
          ],
          [
            629036.59,
            5220693.38
          ],
          [
            629039.27,
            5220689.27
          ],
          [
            629041.94,
            5220685.17
          ],
          [
            629044.61,
            5220681.07
          ],
          [
            629047.29,
            5220676.96
          ],
          [
            629049.96,
            5220672.86
          ],
          [
            629052.64,
            5220668.76
          ],
          [
            629055.31,
            5220664.65
          ],
          [
            629057.98,
            5220660.55
          ],
          [
            629060.66,
            5220656.45
          ],
          [
            629057.98,
            5220660.55
          ],
          [
            629055.31,
            5220664.65
          ],
          [
            629052.64,
            5220668.76
          ],
          [
            629049.96,
            5220672.86
          ],
          [
            629047.29,
            5220676.96
          ],
          [
            629044.61,
            5220681.07
          ],
          [
            629041.94,
            5220685.17
          ],
          [
            629039.27,
            5220689.27
          ],
          [
            629036.59,
            5220693.38
          ],
          [
            629033.92,
            5220697.48
          ],
          [
            629031.24,
            5220701.58
          ],
          [
            629028.57,
            5220705.69
          ],
          [
            629025.9,
            5220709.79
          ],
          [
            629023.22,
            5220713.9
          ],
          [
            629020.55,
            5220718.0
          ],
          [
            629017.88,
            5220722.1
          ],
          [
            629015.2,
            5220726.21
          ],
          [
            629012.53,
            5220730.31
          ],
          [
            629011.88,
            5220731.32
          ],
          [
            629020.38,
            5220739.17
          ],
          [
            629022.95,
            5220739.63
          ],
          [
            629025.09,
            5220741.23
          ],
          [
            629026.62,
            5220743.62
          ],
          [
            629031.43,
            5220745.95
          ],
          [
            629032.96,
            5220748.34
          ],
          [
            629037.77,
            5220750.68
          ],
          [
            629039.3,
            5220753.07
          ],
          [
            629044.1,
            5220755.4
          ],
          [
            629045.64,
            5220757.79
          ],
          [
            629050.44,
            5220760.12
          ],
          [
            629051.98,
            5220762.52
          ],
          [
            629056.78,
            5220764.85
          ],
          [
            629058.32,
            5220767.24
          ],
          [
            629063.12,
            5220769.57
          ],
          [
            629064.66,
            5220771.97
          ],
          [
            629069.46,
            5220774.3
          ],
          [
            629071.0,
            5220776.69
          ],
          [
            629073.16,
            5220778.3
          ],
          [
            629075.26,
            5220779.52
          ],
          [
            629077.85,
            5220779.86
          ],
          [
            629081.43,
            5220783.09
          ],
          [
            629084.03,
            5220783.44
          ],
          [
            629087.6,
            5220786.66
          ],
          [
            629090.2,
            5220787.01
          ],
          [
            629093.77,
            5220790.23
          ],
          [
            629096.38,
            5220790.59
          ],
          [
            629098.51,
            5220791.83
          ],
          [
            629098.61,
            5220791.9
          ],
          [
            629100.14,
            5220793.4
          ],
          [
            629101.06,
            5220795.71
          ],
          [
            629104.72,
            5220797.9
          ],
          [
            629105.71,
            5220800.26
          ],
          [
            629109.3,
            5220802.39
          ],
          [
            629110.35,
            5220804.82
          ],
          [
            629113.88,
            5220806.88
          ],
          [
            629115.0,
            5220809.38
          ],
          [
            629117.79,
            5220810.63
          ],
          [
            629118.23,
            5220812.29
          ],
          [
            629116.07,
            5220814.73
          ],
          [
            629115.98,
            5220817.45
          ],
          [
            629113.3,
            5220821.1
          ],
          [
            629113.75,
            5220824.28
          ],
          [
            629113.75,
            5220824.28
          ],
          [
            629111.89,
            5220828.65
          ],
          [
            629110.03,
            5220833.03
          ],
          [
            629111.89,
            5220828.65
          ],
          [
            629113.75,
            5220824.28
          ],
          [
            629113.75,
            5220824.28
          ],
          [
            629107.74,
            5220833.84
          ],
          [
            629107.73,
            5220836.39
          ],
          [
            629106.81,
            5220838.49
          ],
          [
            629106.91,
            5220840.63
          ],
          [
            629109.75,
            5220841.97
          ],
          [
            629108.36,
            5220845.24
          ],
          [
            629106.97,
            5220848.51
          ],
          [
            629108.36,
            5220845.24
          ],
          [
            629109.75,
            5220841.97
          ],
          [
            629106.91,
            5220840.63
          ],
          [
            629110.48,
            5220830.08
          ],
          [
            629113.75,
            5220824.28
          ],
          [
            629116.07,
            5220814.73
          ],
          [
            629118.23,
            5220812.29
          ],
          [
            629117.79,
            5220810.63
          ],
          [
            629119.07,
            5220810.19
          ],
          [
            629119.13,
            5220809.91
          ],
          [
            629119.97,
            5220807.35
          ],
          [
            629125.19,
            5220795.3
          ],
          [
            629126.04,
            5220795.59
          ],
          [
            629127.87,
            5220791.14
          ],
          [
            629129.69,
            5220786.69
          ],
          [
            629131.52,
            5220782.24
          ],
          [
            629133.35,
            5220777.78
          ],
          [
            629135.17,
            5220773.33
          ],
          [
            629137.0,
            5220768.88
          ],
          [
            629138.83,
            5220764.43
          ],
          [
            629140.65,
            5220759.98
          ],
          [
            629142.48,
            5220755.52
          ],
          [
            629144.3,
            5220751.07
          ],
          [
            629146.13,
            5220746.62
          ],
          [
            629147.96,
            5220742.17
          ],
          [
            629149.78,
            5220737.72
          ],
          [
            629151.61,
            5220733.27
          ],
          [
            629153.44,
            5220728.81
          ],
          [
            629155.26,
            5220724.36
          ],
          [
            629157.09,
            5220719.91
          ],
          [
            629158.92,
            5220715.46
          ],
          [
            629160.74,
            5220711.01
          ],
          [
            629157.74,
            5220709.61
          ],
          [
            629161.61,
            5220698.92
          ],
          [
            629161.69,
            5220696.39
          ],
          [
            629163.54,
            5220693.67
          ],
          [
            629161.61,
            5220691.49
          ],
          [
            629158.4,
            5220690.89
          ],
          [
            629155.41,
            5220688.14
          ],
          [
            629151.82,
            5220687.34
          ],
          [
            629149.21,
            5220684.8
          ],
          [
            629145.24,
            5220683.79
          ],
          [
            629143.02,
            5220681.45
          ],
          [
            629138.66,
            5220680.24
          ],
          [
            629136.82,
            5220678.11
          ],
          [
            629132.9,
            5220675.96
          ],
          [
            629130.44,
            5220675.74
          ],
          [
            629126.47,
            5220673.54
          ],
          [
            629124.96,
            5220671.56
          ],
          [
            629120.53,
            5220670.24
          ],
          [
            629119.01,
            5220668.25
          ],
          [
            629114.59,
            5220666.94
          ],
          [
            629113.06,
            5220664.95
          ],
          [
            629108.64,
            5220663.64
          ],
          [
            629107.11,
            5220661.65
          ],
          [
            629105.09,
            5220660.53
          ],
          [
            629105.01,
            5220660.49
          ],
          [
            629102.54,
            5220659.64
          ],
          [
            629099.73,
            5220659.73
          ],
          [
            629095.25,
            5220657.13
          ],
          [
            629092.43,
            5220657.22
          ],
          [
            629087.96,
            5220654.63
          ],
          [
            629085.13,
            5220654.71
          ],
          [
            629082.64,
            5220653.86
          ],
          [
            629082.5,
            5220653.78
          ],
          [
            629082.01,
            5220654.66
          ],
          [
            629082.5,
            5220653.78
          ],
          [
            629082.64,
            5220653.86
          ],
          [
            629085.13,
            5220654.71
          ],
          [
            629087.96,
            5220654.63
          ],
          [
            629092.43,
            5220657.22
          ],
          [
            629095.25,
            5220657.13
          ],
          [
            629099.73,
            5220659.73
          ],
          [
            629102.54,
            5220659.64
          ],
          [
            629105.01,
            5220660.49
          ],
          [
            629105.09,
            5220660.53
          ],
          [
            629107.11,
            5220661.65
          ],
          [
            629108.64,
            5220663.64
          ],
          [
            629113.06,
            5220664.95
          ],
          [
            629114.59,
            5220666.94
          ],
          [
            629119.01,
            5220668.25
          ],
          [
            629120.53,
            5220670.24
          ],
          [
            629124.96,
            5220671.56
          ],
          [
            629126.47,
            5220673.54
          ],
          [
            629130.44,
            5220675.74
          ],
          [
            629132.9,
            5220675.96
          ],
          [
            629136.82,
            5220678.11
          ],
          [
            629138.66,
            5220680.24
          ],
          [
            629143.02,
            5220681.45
          ],
          [
            629145.24,
            5220683.79
          ],
          [
            629149.21,
            5220684.8
          ],
          [
            629151.82,
            5220687.34
          ],
          [
            629155.41,
            5220688.14
          ],
          [
            629158.4,
            5220690.89
          ],
          [
            629161.61,
            5220691.49
          ],
          [
            629163.54,
            5220693.67
          ],
          [
            629166.11,
            5220693.91
          ],
          [
            629167.33,
            5220695.71
          ],
          [
            629168.6,
            5220696.39
          ],
          [
            629170.5,
            5220697.22
          ],
          [
            629172.77,
            5220697.12
          ],
          [
            629176.07,
            5220699.65
          ],
          [
            629178.33,
            5220699.54
          ],
          [
            629180.1,
            5220701.75
          ],
          [
            629182.89,
            5220704.88
          ],
          [
            629184.25,
            5220703.68
          ],
          [
            629187.47,
            5220707.04
          ],
          [
            629187.23,
            5220707.56
          ],
          [
            629185.33,
            5220712.16
          ],
          [
            629183.44,
            5220716.76
          ],
          [
            629181.54,
            5220721.36
          ],
          [
            629179.65,
            5220725.96
          ],
          [
            629177.76,
            5220730.56
          ],
          [
            629175.86,
            5220735.16
          ],
          [
            629173.97,
            5220739.76
          ],
          [
            629172.07,
            5220744.37
          ],
          [
            629170.18,
            5220748.97
          ],
          [
            629168.28,
            5220753.57
          ],
          [
            629166.39,
            5220758.17
          ],
          [
            629164.49,
            5220762.77
          ],
          [
            629162.6,
            5220767.37
          ],
          [
            629160.71,
            5220771.97
          ],
          [
            629158.81,
            5220776.58
          ],
          [
            629156.92,
            5220781.18
          ],
          [
            629155.02,
            5220785.78
          ],
          [
            629153.13,
            5220790.38
          ],
          [
            629151.23,
            5220794.98
          ],
          [
            629149.34,
            5220799.58
          ],
          [
            629147.44,
            5220804.18
          ],
          [
            629145.55,
            5220808.78
          ],
          [
            629143.65,
            5220813.39
          ],
          [
            629141.76,
            5220817.99
          ],
          [
            629144.21,
            5220818.99
          ],
          [
            629146.08,
            5220814.44
          ],
          [
            629147.96,
            5220809.9
          ],
          [
            629149.84,
            5220805.35
          ],
          [
            629151.71,
            5220800.8
          ],
          [
            629153.59,
            5220796.25
          ],
          [
            629155.46,
            5220791.7
          ],
          [
            629157.34,
            5220787.16
          ],
          [
            629159.22,
            5220782.61
          ],
          [
            629161.09,
            5220778.06
          ],
          [
            629162.97,
            5220773.51
          ],
          [
            629164.84,
            5220768.96
          ],
          [
            629166.72,
            5220764.41
          ],
          [
            629168.6,
            5220759.87
          ],
          [
            629170.47,
            5220755.32
          ],
          [
            629172.35,
            5220750.77
          ],
          [
            629174.22,
            5220746.22
          ],
          [
            629176.1,
            5220741.67
          ],
          [
            629177.98,
            5220737.13
          ],
          [
            629179.85,
            5220732.58
          ],
          [
            629181.73,
            5220728.03
          ],
          [
            629183.6,
            5220723.48
          ],
          [
            629185.48,
            5220718.93
          ],
          [
            629187.36,
            5220714.39
          ],
          [
            629189.23,
            5220709.84
          ],
          [
            629191.49,
            5220710.76
          ],
          [
            629189.64,
            5220715.26
          ],
          [
            629187.79,
            5220719.75
          ],
          [
            629185.94,
            5220724.24
          ],
          [
            629184.09,
            5220728.73
          ],
          [
            629182.24,
            5220733.22
          ],
          [
            629180.39,
            5220737.71
          ],
          [
            629178.55,
            5220742.2
          ],
          [
            629176.7,
            5220746.7
          ],
          [
            629174.85,
            5220751.19
          ],
          [
            629173.0,
            5220755.68
          ],
          [
            629171.15,
            5220760.17
          ],
          [
            629169.3,
            5220764.66
          ],
          [
            629167.45,
            5220769.15
          ],
          [
            629165.6,
            5220773.64
          ],
          [
            629163.75,
            5220778.13
          ],
          [
            629161.9,
            5220782.63
          ],
          [
            629160.05,
            5220787.12
          ],
          [
            629158.2,
            5220791.61
          ],
          [
            629156.35,
            5220796.1
          ],
          [
            629154.5,
            5220800.59
          ],
          [
            629152.65,
            5220805.08
          ],
          [
            629150.8,
            5220809.57
          ],
          [
            629148.95,
            5220814.07
          ],
          [
            629147.1,
            5220818.56
          ],
          [
            629149.35,
            5220819.48
          ],
          [
            629151.24,
            5220814.92
          ],
          [
            629153.12,
            5220810.35
          ],
          [
            629155.01,
            5220805.79
          ],
          [
            629156.9,
            5220801.22
          ],
          [
            629158.78,
            5220796.66
          ],
          [
            629160.67,
            5220792.1
          ],
          [
            629162.56,
            5220787.53
          ],
          [
            629164.44,
            5220782.97
          ],
          [
            629166.33,
            5220778.4
          ],
          [
            629168.22,
            5220773.84
          ],
          [
            629170.1,
            5220769.28
          ],
          [
            629171.99,
            5220764.71
          ],
          [
            629173.88,
            5220760.15
          ],
          [
            629175.76,
            5220755.58
          ],
          [
            629177.65,
            5220751.02
          ],
          [
            629179.54,
            5220746.46
          ],
          [
            629181.42,
            5220741.89
          ],
          [
            629183.31,
            5220737.33
          ],
          [
            629185.2,
            5220732.76
          ],
          [
            629187.08,
            5220728.2
          ],
          [
            629188.97,
            5220723.64
          ],
          [
            629190.86,
            5220719.07
          ],
          [
            629192.74,
            5220714.51
          ],
          [
            629195.03,
            5220715.45
          ],
          [
            629193.15,
            5220720.01
          ],
          [
            629191.27,
            5220724.58
          ],
          [
            629189.38,
            5220729.14
          ],
          [
            629187.5,
            5220733.71
          ],
          [
            629185.62,
            5220738.27
          ],
          [
            629183.73,
            5220742.84
          ],
          [
            629181.85,
            5220747.41
          ],
          [
            629179.97,
            5220751.97
          ],
          [
            629178.09,
            5220756.54
          ],
          [
            629176.2,
            5220761.1
          ],
          [
            629174.32,
            5220765.67
          ],
          [
            629172.44,
            5220770.23
          ],
          [
            629170.55,
            5220774.8
          ],
          [
            629168.67,
            5220779.36
          ],
          [
            629166.79,
            5220783.93
          ],
          [
            629164.9,
            5220788.49
          ],
          [
            629163.02,
            5220793.06
          ],
          [
            629161.14,
            5220797.63
          ],
          [
            629159.25,
            5220802.19
          ],
          [
            629157.37,
            5220806.76
          ],
          [
            629155.49,
            5220811.32
          ],
          [
            629153.6,
            5220815.89
          ],
          [
            629156.05,
            5220816.89
          ],
          [
            629157.95,
            5220812.28
          ],
          [
            629159.84,
            5220807.67
          ],
          [
            629161.73,
            5220803.06
          ],
          [
            629163.63,
            5220798.45
          ],
          [
            629165.52,
            5220793.84
          ],
          [
            629167.42,
            5220789.23
          ],
          [
            629169.31,
            5220784.62
          ],
          [
            629171.2,
            5220780.01
          ],
          [
            629173.1,
            5220775.4
          ],
          [
            629174.99,
            5220770.79
          ],
          [
            629176.88,
            5220766.18
          ],
          [
            629178.78,
            5220761.56
          ],
          [
            629180.67,
            5220756.95
          ],
          [
            629182.57,
            5220752.34
          ],
          [
            629184.46,
            5220747.73
          ],
          [
            629186.35,
            5220743.12
          ],
          [
            629188.25,
            5220738.51
          ],
          [
            629190.14,
            5220733.9
          ],
          [
            629192.04,
            5220729.29
          ],
          [
            629193.93,
            5220724.68
          ],
          [
            629195.82,
            5220720.07
          ],
          [
            629197.72,
            5220715.46
          ],
          [
            629200.21,
            5220716.13
          ],
          [
            629198.38,
            5220720.59
          ],
          [
            629196.55,
            5220725.04
          ],
          [
            629194.73,
            5220729.49
          ],
          [
            629192.9,
            5220733.94
          ],
          [
            629191.07,
            5220738.39
          ],
          [
            629189.25,
            5220742.85
          ],
          [
            629187.42,
            5220747.3
          ],
          [
            629185.59,
            5220751.75
          ],
          [
            629183.77,
            5220756.2
          ],
          [
            629181.94,
            5220760.65
          ],
          [
            629180.11,
            5220765.11
          ],
          [
            629178.29,
            5220769.56
          ],
          [
            629176.46,
            5220774.01
          ],
          [
            629174.63,
            5220778.46
          ],
          [
            629172.81,
            5220782.91
          ],
          [
            629170.98,
            5220787.37
          ],
          [
            629169.15,
            5220791.82
          ],
          [
            629167.33,
            5220796.27
          ],
          [
            629165.5,
            5220800.72
          ],
          [
            629163.67,
            5220805.17
          ],
          [
            629161.85,
            5220809.63
          ],
          [
            629160.02,
            5220814.08
          ],
          [
            629158.2,
            5220818.53
          ],
          [
            629160.6,
            5220819.52
          ],
          [
            629162.44,
            5220815.01
          ],
          [
            629164.29,
            5220810.51
          ],
          [
            629166.14,
            5220806.01
          ],
          [
            629167.98,
            5220801.51
          ],
          [
            629169.83,
            5220797.01
          ],
          [
            629171.68,
            5220792.51
          ],
          [
            629173.52,
            5220788.01
          ],
          [
            629175.37,
            5220783.51
          ],
          [
            629177.22,
            5220779.01
          ],
          [
            629179.06,
            5220774.5
          ],
          [
            629180.91,
            5220770.0
          ],
          [
            629182.76,
            5220765.5
          ],
          [
            629184.6,
            5220761.0
          ],
          [
            629186.45,
            5220756.5
          ],
          [
            629188.3,
            5220752.0
          ],
          [
            629190.14,
            5220747.5
          ],
          [
            629191.99,
            5220743.0
          ],
          [
            629193.84,
            5220738.49
          ],
          [
            629195.68,
            5220733.99
          ],
          [
            629197.53,
            5220729.49
          ],
          [
            629199.38,
            5220724.99
          ],
          [
            629201.22,
            5220720.49
          ],
          [
            629203.07,
            5220715.99
          ],
          [
            629203.54,
            5220715.07
          ],
          [
            629192.29,
            5220707.48
          ],
          [
            629191.56,
            5220705.29
          ],
          [
            629192.82,
            5220702.66
          ],
          [
            629191.4,
            5220701.77
          ],
          [
            629191.06,
            5220700.42
          ],
          [
            629192.36,
            5220698.24
          ],
          [
            629191.76,
            5220695.61
          ],
          [
            629193.18,
            5220693.24
          ],
          [
            629195.31,
            5220693.56
          ],
          [
            629196.65,
            5220690.94
          ],
          [
            629198.76,
            5220690.34
          ],
          [
            629199.16,
            5220688.61
          ],
          [
            629200.9,
            5220687.43
          ],
          [
            629203.16,
            5220687.11
          ],
          [
            629205.92,
            5220684.04
          ],
          [
            629208.18,
            5220683.73
          ],
          [
            629210.95,
            5220680.66
          ],
          [
            629213.19,
            5220680.35
          ],
          [
            629214.88,
            5220679.22
          ],
          [
            629217.03,
            5220677.63
          ],
          [
            629218.59,
            5220675.24
          ],
          [
            629223.46,
            5220672.9
          ],
          [
            629225.01,
            5220670.51
          ],
          [
            629229.88,
            5220668.17
          ],
          [
            629231.44,
            5220665.78
          ],
          [
            629236.3,
            5220663.44
          ],
          [
            629237.86,
            5220661.05
          ],
          [
            629242.72,
            5220658.71
          ],
          [
            629244.28,
            5220656.32
          ],
          [
            629249.15,
            5220653.98
          ],
          [
            629250.7,
            5220651.59
          ],
          [
            629255.57,
            5220649.25
          ],
          [
            629257.13,
            5220646.87
          ],
          [
            629261.99,
            5220644.52
          ],
          [
            629263.55,
            5220642.14
          ],
          [
            629268.42,
            5220639.8
          ],
          [
            629269.97,
            5220637.41
          ],
          [
            629274.84,
            5220635.07
          ],
          [
            629276.4,
            5220632.68
          ],
          [
            629281.26,
            5220630.34
          ],
          [
            629282.82,
            5220627.95
          ],
          [
            629287.68,
            5220625.61
          ],
          [
            629289.24,
            5220623.22
          ],
          [
            629294.11,
            5220620.88
          ],
          [
            629295.67,
            5220618.49
          ],
          [
            629300.53,
            5220616.15
          ],
          [
            629302.09,
            5220613.76
          ],
          [
            629306.95,
            5220611.42
          ],
          [
            629308.51,
            5220609.03
          ],
          [
            629313.38,
            5220606.69
          ],
          [
            629314.93,
            5220604.3
          ],
          [
            629319.8,
            5220601.96
          ],
          [
            629321.36,
            5220599.57
          ],
          [
            629326.22,
            5220597.23
          ],
          [
            629327.78,
            5220594.84
          ],
          [
            629332.64,
            5220592.51
          ],
          [
            629334.2,
            5220590.12
          ],
          [
            629339.07,
            5220587.78
          ],
          [
            629340.63,
            5220585.39
          ],
          [
            629345.49,
            5220583.05
          ],
          [
            629347.05,
            5220580.66
          ],
          [
            629351.91,
            5220578.32
          ],
          [
            629353.47,
            5220575.93
          ],
          [
            629358.34,
            5220573.59
          ],
          [
            629359.9,
            5220571.2
          ],
          [
            629364.76,
            5220568.86
          ],
          [
            629366.32,
            5220566.47
          ],
          [
            629371.18,
            5220564.13
          ],
          [
            629372.74,
            5220561.74
          ],
          [
            629377.6,
            5220559.4
          ],
          [
            629379.16,
            5220557.01
          ],
          [
            629384.03,
            5220554.67
          ],
          [
            629385.59,
            5220552.28
          ],
          [
            629390.45,
            5220549.94
          ],
          [
            629392.01,
            5220547.55
          ],
          [
            629396.87,
            5220545.22
          ],
          [
            629398.43,
            5220542.82
          ],
          [
            629400.6,
            5220541.23
          ],
          [
            629402.62,
            5220539.92
          ],
          [
            629405.18,
            5220539.46
          ],
          [
            629408.62,
            5220536.05
          ],
          [
            629411.19,
            5220535.58
          ],
          [
            629414.62,
            5220532.17
          ],
          [
            629417.2,
            5220531.7
          ],
          [
            629420.62,
            5220528.3
          ],
          [
            629423.2,
            5220527.82
          ],
          [
            629425.3,
            5220526.45
          ],
          [
            629427.11,
            5220524.56
          ],
          [
            629428.11,
            5220522.06
          ],
          [
            629431.48,
            5220518.52
          ],
          [
            629433.92,
            5220517.4
          ],
          [
            629436.56,
            5220513.17
          ],
          [
            629439.04,
            5220512.02
          ],
          [
            629440.86,
            5220510.05
          ],
          [
            629441.83,
            5220507.76
          ],
          [
            629441.9,
            5220504.95
          ],
          [
            629444.54,
            5220501.13
          ],
          [
            629444.69,
            5220498.11
          ],
          [
            629447.24,
            5220494.5
          ],
          [
            629447.48,
            5220491.28
          ],
          [
            629450.92,
            5220488.16
          ],
          [
            629453.18,
            5220489.79
          ],
          [
            629451.1,
            5220494.16
          ],
          [
            629452.5,
            5220497.1
          ],
          [
            629450.4,
            5220501.6
          ],
          [
            629451.82,
            5220504.41
          ],
          [
            629449.71,
            5220509.04
          ],
          [
            629451.13,
            5220511.72
          ],
          [
            629449.08,
            5220515.78
          ],
          [
            629450.56,
            5220517.78
          ],
          [
            629448.55,
            5220521.27
          ],
          [
            629450.03,
            5220523.29
          ],
          [
            629448.03,
            5220526.76
          ],
          [
            629449.51,
            5220528.8
          ],
          [
            629449.32,
            5220530.71
          ],
          [
            629449.3,
            5220530.83
          ],
          [
            629448.8,
            5220532.84
          ],
          [
            629446.69,
            5220534.42
          ],
          [
            629447.34,
            5220538.67
          ],
          [
            629445.23,
            5220540.21
          ],
          [
            629445.71,
            5220545.08
          ],
          [
            629443.43,
            5220547.2
          ],
          [
            629443.72,
            5220552.69
          ],
          [
            629441.45,
            5220554.81
          ],
          [
            629441.74,
            5220560.3
          ],
          [
            629439.46,
            5220562.42
          ],
          [
            629439.75,
            5220567.91
          ],
          [
            629437.48,
            5220570.03
          ],
          [
            629437.77,
            5220575.52
          ],
          [
            629435.49,
            5220577.64
          ],
          [
            629435.79,
            5220583.13
          ],
          [
            629433.51,
            5220585.26
          ],
          [
            629433.8,
            5220590.74
          ],
          [
            629431.53,
            5220592.87
          ],
          [
            629431.82,
            5220598.36
          ],
          [
            629429.54,
            5220600.48
          ],
          [
            629429.83,
            5220605.97
          ],
          [
            629427.56,
            5220608.09
          ],
          [
            629427.85,
            5220613.58
          ],
          [
            629425.57,
            5220615.7
          ],
          [
            629425.87,
            5220621.19
          ],
          [
            629423.59,
            5220623.31
          ],
          [
            629423.88,
            5220628.8
          ],
          [
            629421.61,
            5220630.92
          ],
          [
            629421.9,
            5220636.41
          ],
          [
            629419.62,
            5220638.54
          ],
          [
            629419.91,
            5220644.02
          ],
          [
            629417.64,
            5220646.15
          ],
          [
            629416.32,
            5220651.22
          ],
          [
            629417.27,
            5220654.17
          ],
          [
            629414.97,
            5220656.38
          ],
          [
            629416.42,
            5220657.49
          ],
          [
            629414.57,
            5220658.18
          ],
          [
            629411.19,
            5220658.18
          ],
          [
            629414.57,
            5220658.18
          ],
          [
            629416.42,
            5220657.49
          ],
          [
            629414.97,
            5220656.38
          ],
          [
            629417.27,
            5220654.17
          ],
          [
            629416.32,
            5220651.22
          ],
          [
            629417.64,
            5220646.15
          ],
          [
            629419.91,
            5220644.02
          ],
          [
            629419.62,
            5220638.54
          ],
          [
            629421.9,
            5220636.41
          ],
          [
            629421.61,
            5220630.92
          ],
          [
            629423.88,
            5220628.8
          ],
          [
            629423.59,
            5220623.31
          ],
          [
            629425.87,
            5220621.19
          ],
          [
            629425.57,
            5220615.7
          ],
          [
            629427.85,
            5220613.58
          ],
          [
            629427.56,
            5220608.09
          ],
          [
            629429.83,
            5220605.97
          ],
          [
            629429.54,
            5220600.48
          ],
          [
            629431.82,
            5220598.36
          ],
          [
            629431.53,
            5220592.87
          ],
          [
            629433.8,
            5220590.74
          ],
          [
            629433.51,
            5220585.26
          ],
          [
            629435.79,
            5220583.13
          ],
          [
            629435.49,
            5220577.64
          ],
          [
            629437.77,
            5220575.52
          ],
          [
            629437.48,
            5220570.03
          ],
          [
            629439.75,
            5220567.91
          ],
          [
            629439.46,
            5220562.42
          ],
          [
            629441.74,
            5220560.3
          ],
          [
            629441.45,
            5220554.81
          ],
          [
            629443.72,
            5220552.69
          ],
          [
            629443.43,
            5220547.2
          ],
          [
            629445.71,
            5220545.08
          ],
          [
            629445.23,
            5220540.21
          ],
          [
            629447.34,
            5220538.67
          ],
          [
            629446.69,
            5220534.42
          ],
          [
            629448.8,
            5220532.84
          ],
          [
            629449.3,
            5220530.83
          ],
          [
            629449.32,
            5220530.71
          ],
          [
            629449.51,
            5220528.8
          ],
          [
            629448.03,
            5220526.76
          ],
          [
            629450.03,
            5220523.29
          ],
          [
            629448.55,
            5220521.27
          ],
          [
            629450.56,
            5220517.78
          ],
          [
            629449.08,
            5220515.78
          ],
          [
            629451.13,
            5220511.72
          ],
          [
            629449.71,
            5220509.04
          ],
          [
            629451.82,
            5220504.41
          ],
          [
            629450.4,
            5220501.6
          ],
          [
            629452.5,
            5220497.1
          ],
          [
            629451.1,
            5220494.16
          ],
          [
            629453.18,
            5220489.79
          ],
          [
            629450.92,
            5220488.16
          ],
          [
            629451.24,
            5220484.73
          ],
          [
            629453.95,
            5220481.57
          ],
          [
            629452.52,
            5220478.97
          ],
          [
            629452.63,
            5220477.84
          ],
          [
            629453.0,
            5220476.16
          ],
          [
            629454.99,
            5220474.94
          ],
          [
            629454.07,
            5220471.48
          ],
          [
            629456.06,
            5220470.28
          ],
          [
            629454.8,
            5220468.28
          ],
          [
            629456.45,
            5220468.49
          ],
          [
            629456.45,
            5220468.13
          ],
          [
            629455.28,
            5220467.35
          ],
          [
            629456.99,
            5220465.77
          ],
          [
            629459.27,
            5220465.05
          ],
          [
            629460.77,
            5220461.76
          ],
          [
            629462.9,
            5220460.83
          ],
          [
            629463.34,
            5220458.79
          ],
          [
            629464.92,
            5220457.45
          ],
          [
            629467.1,
            5220456.92
          ],
          [
            629470.1,
            5220454.38
          ],
          [
            629470.96,
            5220452.34
          ],
          [
            629472.5,
            5220451.03
          ],
          [
            629474.14,
            5220449.8
          ],
          [
            629476.37,
            5220449.38
          ],
          [
            629478.99,
            5220446.17
          ],
          [
            629481.22,
            5220445.75
          ],
          [
            629482.85,
            5220444.52
          ],
          [
            629484.46,
            5220443.19
          ],
          [
            629485.45,
            5220441.06
          ],
          [
            629489.26,
            5220439.2
          ],
          [
            629490.27,
            5220437.05
          ],
          [
            629492.0,
            5220435.63
          ],
          [
            629492.16,
            5220435.54
          ],
          [
            629493.46,
            5220435.08
          ],
          [
            629496.17,
            5220435.19
          ],
          [
            629498.28,
            5220433.38
          ],
          [
            629499.73,
            5220432.9
          ],
          [
            629500.05,
            5220432.9
          ],
          [
            629501.29,
            5220433.28
          ],
          [
            629502.6,
            5220434.75
          ],
          [
            629504.91,
            5220434.68
          ],
          [
            629506.56,
            5220436.67
          ],
          [
            629506.23,
            5220438.52
          ],
          [
            629508.24,
            5220440.81
          ],
          [
            629507.88,
            5220442.57
          ],
          [
            629509.96,
            5220445.19
          ],
          [
            629509.8,
            5220447.64
          ],
          [
            629512.19,
            5220450.11
          ],
          [
            629512.98,
            5220451.37
          ],
          [
            629512.74,
            5220451.84
          ],
          [
            629511.95,
            5220453.49
          ],
          [
            629514.33,
            5220456.09
          ],
          [
            629513.65,
            5220458.09
          ],
          [
            629514.17,
            5220460.49
          ],
          [
            629516.39,
            5220461.72
          ],
          [
            629515.91,
            5220465.26
          ],
          [
            629518.07,
            5220466.31
          ],
          [
            629517.07,
            5220468.43
          ],
          [
            629518.06,
            5220470.65
          ],
          [
            629520.54,
            5220472.12
          ],
          [
            629522.44,
            5220476.36
          ],
          [
            629521.9,
            5220479.24
          ],
          [
            629522.9,
            5220481.48
          ],
          [
            629522.98,
            5220481.62
          ],
          [
            629524.54,
            5220483.84
          ],
          [
            629527.44,
            5220485.07
          ],
          [
            629529.06,
            5220490.27
          ],
          [
            629531.95,
            5220491.48
          ],
          [
            629533.58,
            5220496.71
          ],
          [
            629536.45,
            5220497.89
          ],
          [
            629536.61,
            5220501.0
          ],
          [
            629538.77,
            5220501.13
          ],
          [
            629538.32,
            5220503.31
          ],
          [
            629538.77,
            5220501.13
          ],
          [
            629536.61,
            5220501.0
          ],
          [
            629536.45,
            5220497.89
          ],
          [
            629533.58,
            5220496.71
          ],
          [
            629531.95,
            5220491.48
          ],
          [
            629529.06,
            5220490.27
          ],
          [
            629527.44,
            5220485.07
          ],
          [
            629524.54,
            5220483.84
          ],
          [
            629522.98,
            5220481.62
          ],
          [
            629522.9,
            5220481.48
          ],
          [
            629521.9,
            5220479.24
          ],
          [
            629522.44,
            5220476.36
          ],
          [
            629520.54,
            5220472.12
          ],
          [
            629518.06,
            5220470.65
          ],
          [
            629517.07,
            5220468.43
          ],
          [
            629518.07,
            5220466.31
          ],
          [
            629515.91,
            5220465.26
          ],
          [
            629516.39,
            5220461.72
          ],
          [
            629514.17,
            5220460.49
          ],
          [
            629513.65,
            5220458.09
          ],
          [
            629514.33,
            5220456.09
          ],
          [
            629511.95,
            5220453.49
          ],
          [
            629512.74,
            5220451.84
          ],
          [
            629512.98,
            5220451.37
          ],
          [
            629512.19,
            5220450.11
          ],
          [
            629509.8,
            5220447.64
          ],
          [
            629509.96,
            5220445.19
          ],
          [
            629507.88,
            5220442.57
          ],
          [
            629508.24,
            5220440.81
          ],
          [
            629506.23,
            5220438.52
          ],
          [
            629506.56,
            5220436.67
          ],
          [
            629504.91,
            5220434.68
          ],
          [
            629505.52,
            5220431.85
          ],
          [
            629504.23,
            5220429.31
          ],
          [
            629504.79,
            5220425.29
          ],
          [
            629503.53,
            5220423.09
          ],
          [
            629503.31,
            5220421.1
          ],
          [
            629503.19,
            5220418.5
          ],
          [
            629504.07,
            5220415.88
          ],
          [
            629502.83,
            5220410.81
          ],
          [
            629503.71,
            5220408.19
          ],
          [
            629502.48,
            5220403.12
          ],
          [
            629503.36,
            5220400.51
          ],
          [
            629503.12,
            5220395.39
          ],
          [
            629502.0,
            5220392.87
          ],
          [
            629502.76,
            5220387.7
          ],
          [
            629501.64,
            5220385.18
          ],
          [
            629501.52,
            5220382.6
          ],
          [
            629501.48,
            5220380.21
          ],
          [
            629502.44,
            5220377.52
          ],
          [
            629501.36,
            5220372.79
          ],
          [
            629502.31,
            5220369.82
          ],
          [
            629501.24,
            5220365.36
          ],
          [
            629502.19,
            5220362.11
          ],
          [
            629501.12,
            5220357.94
          ],
          [
            629502.06,
            5220354.41
          ],
          [
            629501.0,
            5220350.52
          ],
          [
            629501.94,
            5220346.7
          ],
          [
            629500.88,
            5220343.1
          ],
          [
            629501.81,
            5220339.0
          ],
          [
            629500.76,
            5220335.68
          ],
          [
            629501.68,
            5220331.3
          ],
          [
            629500.06,
            5220329.57
          ],
          [
            629500.02,
            5220327.19
          ],
          [
            629501.56,
            5220323.59
          ],
          [
            629500.52,
            5220320.81
          ],
          [
            629501.58,
            5220316.03
          ],
          [
            629500.69,
            5220313.32
          ],
          [
            629501.88,
            5220308.46
          ],
          [
            629500.99,
            5220305.63
          ],
          [
            629502.18,
            5220300.89
          ],
          [
            629501.3,
            5220297.95
          ],
          [
            629502.49,
            5220293.32
          ],
          [
            629501.61,
            5220290.26
          ],
          [
            629502.79,
            5220285.74
          ],
          [
            629501.91,
            5220282.58
          ],
          [
            629503.09,
            5220278.17
          ],
          [
            629502.22,
            5220274.89
          ],
          [
            629503.39,
            5220270.6
          ],
          [
            629502.52,
            5220267.21
          ],
          [
            629503.69,
            5220263.03
          ],
          [
            629502.83,
            5220259.52
          ],
          [
            629503.99,
            5220255.45
          ],
          [
            629503.94,
            5220252.72
          ],
          [
            629505.14,
            5220251.21
          ],
          [
            629504.7,
            5220250.75
          ]
        ]
      }
    }
  ]
}